[batch] task=find_contract runs=4 model=kimi-code/k3 effort=high awm=enabled
[batch] started_at=2026-08-08T02:39:29+0800
[orchestrator] run_dir=/Users/Shared/Cogito-test/20260808-023929__kimi__kimi-code_k3__find_contract__awm
[orchestrator] trusted_log_root=/Users/Shared/Cogito-test/20260808-023929__kimi__kimi-code_k3__find_contract__awm/trusted_mcplogs
[orchestrator] AI_PLAY_WS=127.0.0.1:8765
[orchestrator] MCP_HTTP=127.0.0.1:8766
[mcp] starting: /Users/zhirui/workspace/projects/opensource/Cogito/.venv/bin/python -m ai_play.mcp_server --transport streamable-http --http-host 127.0.0.1 --http-port 8766
[mcp] INFO:     Started server process [28147]
[mcp] INFO:     Waiting for application startup.
[mcp] [08/08/26 02:39:29] INFO     StreamableHTTP       streamable_http_manager.py:143
[mcp]                              session manager                                    
[mcp]                              started                                            
[mcp] INFO:     Application startup complete.
[mcp] INFO:     Uvicorn running on http://127.0.0.1:8766 (Press CTRL+C to quit)
[kimi] starting: /Users/zhirui/workspace/projects/opensource/Cogito/.venv/bin/python /Users/zhirui/workspace/projects/opensource/Cogito/tools/ai_play_kimi_orchestrator.py --internal-kimi-player --kimi-bin /Users/zhirui/.kimi-code/bin/kimi --agent-file /var/folders/tx/81__0dkx3_l0lx5_4pc8k0r40000gn/T/cogito-ai-play-kimi-r7afentz/cogito-ai-play-agent.md --model kimi-code/k3
[supervisor] starting: /Users/zhirui/workspace/projects/opensource/Cogito/.venv/bin/python /Users/zhirui/workspace/projects/opensource/Cogito/tools/ai_play_supervisor.py --runs 4 --scenario find_contract --scene addons/cogito/DemoScenes/COGITO_3_Lobby.tscn --godot-bin godot --max-retries 2 --timeout-seconds 100000.0
[supervisor] [supervisor] starting attempt 1 retry 0: godot --path . addons/cogito/DemoScenes/COGITO_3_Lobby.tscn -- --ai-play --ai-play-scenario=find_contract --ai-play-exit-on-game-over
[mcp]                     ERROR    opening handshake failed              server.py:601
[mcp]                              ╭─ Traceback (most recent call last─╮              
[mcp]                              │ /Users/zhirui/workspace/projects/ │              
[mcp]                              │ opensource/Cogito/.venv/lib/pytho │              
[mcp]                              │ n3.12/site-packages/websockets/ht │              
[mcp]                              │ tp11.py:138 in parse              │              
[mcp]                              │                                   │              
[mcp]                              │   135 │   │   # to implement HTTP │              
[mcp]                              │   136 │   │                       │              
[mcp]                              │   137 │   │   try:                │              
[mcp]                              │ ❱ 138 │   │   │   request_line =  │              
[mcp]                              │   139 │   │   except EOFError as  │              
[mcp]                              │   140 │   │   │   raise EOFError( │              
[mcp]                              │   141                             │              
[mcp]                              │                                   │              
[mcp]                              │ /Users/zhirui/workspace/projects/ │              
[mcp]                              │ opensource/Cogito/.venv/lib/pytho │              
[mcp]                              │ n3.12/site-packages/websockets/ht │              
[mcp]                              │ tp11.py:309 in parse_line         │              
[mcp]                              │                                   │              
[mcp]                              │   306 │                           │              
[mcp]                              │   307 │   """                     │              
[mcp]                              │   308 │   try:                    │              
[mcp]                              │ ❱ 309 │   │   line = yield from r │              
[mcp]                              │   310 │   except RuntimeError:    │              
[mcp]                              │   311 │   │   raise SecurityError │              
[mcp]                              │   312 │   # Not mandatory but saf │              
[mcp]                              │                                   │              
[mcp]                              │ /Users/zhirui/workspace/projects/ │              
[mcp]                              │ opensource/Cogito/.venv/lib/pytho │              
[mcp]                              │ n3.12/site-packages/websockets/st │              
[mcp]                              │ reams.py:46 in read_line          │              
[mcp]                              │                                   │              
[mcp]                              │    43 │   │   │   if p > m:       │              
[mcp]                              │    44 │   │   │   │   raise Runti │              
[mcp]                              │    45 │   │   │   if self.eof:    │              
[mcp]                              │ ❱  46 │   │   │   │   raise EOFEr │              
[mcp]                              │    47 │   │   │   yield           │              
[mcp]                              │    48 │   │   if n > m:           │              
[mcp]                              │    49 │   │   │   raise RuntimeEr │              
[mcp]                              ╰───────────────────────────────────╯              
[mcp]                              EOFError: stream ends after 0 bytes,               
[mcp]                              before end of line                                 
[mcp]                                                                                 
[mcp]                              The above exception was the direct                 
[mcp]                              cause of the following exception:                  
[mcp]                                                                                 
[mcp]                              ╭─ Traceback (most recent call last─╮              
[mcp]                              │ /Users/zhirui/workspace/projects/ │              
[mcp]                              │ opensource/Cogito/.venv/lib/pytho │              
[mcp]                              │ n3.12/site-packages/websockets/se │              
[mcp]                              │ rver.py:545 in parse              │              
[mcp]                              │                                   │              
[mcp]                              │   542 │   def parse(self) -> Gene │              
[mcp]                              │   543 │   │   if self.state is CO │              
[mcp]                              │   544 │   │   │   try:            │              
[mcp]                              │ ❱ 545 │   │   │   │   request = y │              
[mcp]                              │   546 │   │   │   │   │   self.re │              
[mcp]                              │   547 │   │   │   │   )           │              
[mcp]                              │   548 │   │   │   except Exceptio │              
[mcp]                              │                                   │              
[mcp]                              │ /Users/zhirui/workspace/projects/ │              
[mcp]                              │ opensource/Cogito/.venv/lib/pytho │              
[mcp]                              │ n3.12/site-packages/websockets/ht │              
[mcp]                              │ tp11.py:140 in parse              │              
[mcp]                              │                                   │              
[mcp]                              │   137 │   │   try:                │              
[mcp]                              │   138 │   │   │   request_line =  │              
[mcp]                              │   139 │   │   except EOFError as  │              
[mcp]                              │ ❱ 140 │   │   │   raise EOFError( │              
[mcp]                              │   141 │   │                       │              
[mcp]                              │   142 │   │   try:                │              
[mcp]                              │   143 │   │   │   method, raw_pat │              
[mcp]                              ╰───────────────────────────────────╯              
[mcp]                              EOFError: connection closed while                  
[mcp]                              reading HTTP request line                          
[mcp]                                                                                 
[mcp]                              The above exception was the direct                 
[mcp]                              cause of the following exception:                  
[mcp]                                                                                 
[mcp]                              ╭─ Traceback (most recent call last─╮              
[mcp]                              │ /Users/zhirui/workspace/projects/ │              
[mcp]                              │ opensource/Cogito/.venv/lib/pytho │              
[mcp]                              │ n3.12/site-packages/websockets/sy │              
[mcp]                              │ nc/server.py:590 in conn_handler  │              
[mcp]                              │                                   │              
[mcp]                              │   587 │   │                       │              
[mcp]                              │   588 │   │   try:                │              
[mcp]                              │   589 │   │   │   try:            │              
[mcp]                              │ ❱ 590 │   │   │   │   connection. │              
[mcp]                              │   591 │   │   │   │   │   process │              
[mcp]                              │   592 │   │   │   │   │   process │              
[mcp]                              │   593 │   │   │   │   │   server_ │              
[mcp]                              │                                   │              
[mcp]                              │ /Users/zhirui/workspace/projects/ │              
[mcp]                              │ opensource/Cogito/.venv/lib/pytho │              
[mcp]                              │ n3.12/site-packages/websockets/sy │              
[mcp]                              │ nc/server.py:189 in handshake     │              
[mcp]                              │                                   │              
[mcp]                              │   186 │   │   # response that rej │              
[mcp]                              │   187 │   │                       │              
[mcp]                              │   188 │   │   if self.protocol.ha │              
[mcp]                              │ ❱ 189 │   │   │   raise self.prot │              
[mcp]                              │   190 │                           │              
[mcp]                              │   191 │   def process_event(self, │              
[mcp]                              │   192 │   │   """                 │              
[mcp]                              ╰───────────────────────────────────╯              
[mcp]                              InvalidMessage: did not receive a                  
[mcp]                              valid HTTP request                                 
[supervisor] Godot Engine v4.7.1.stable.official.a13da4feb - https://godotengine.org
[supervisor] Metal 4.0 - Forward+ - Using Device #0: Apple - Apple M5 Max (Apple9)
[supervisor] 
[kimi] kimi version 0.34.0
[mcp] [08/08/26 02:39:30] INFO     Created new          streamable_http_manager.py:301
[mcp]                              transport with                                     
[mcp]                              session ID:                                        
[mcp]                              afa2cc47764b4703ad26                               
[mcp]                              aed5677d58f0                                       
[mcp] INFO:     127.0.0.1:65308 - "POST /mcp HTTP/1.1" 200 OK
[mcp] INFO:     127.0.0.1:65309 - "POST /mcp HTTP/1.1" 202 Accepted
[mcp] INFO:     127.0.0.1:65308 - "GET /mcp HTTP/1.1" 200 OK
[mcp]                     INFO     Processing request of type            server.py:733
[mcp]                              ListToolsRequest                                   
[mcp] INFO:     127.0.0.1:65310 - "POST /mcp HTTP/1.1" 200 OK
[supervisor] WARNING: Custom solver bias for shapes is not supported when using Jolt Physics. Any such value will be ignored. This shape belongs to '<unknown>' and 0 other object(s).
[supervisor]      at: set_solver_bias (modules/jolt_physics/shapes/jolt_shape_3d.cpp:91)
[supervisor] COGITO: cogito settings loaded: res://addons/cogito/CogitoSettings.tres
[supervisor] COGITO: cogito settings loaded: res://addons/cogito/CogitoSettings.tres
[supervisor] CogitoQuickSlots.gd: Set quickslot containers focus_all to false
[supervisor] Language changed to:  English(en) and saved to user://language.cfg
[supervisor] AI_PLAY controller ready; scenario=find_contract user_args=["--ai-play", "--ai-play-scenario=find_contract", "--ai-play-exit-on-game-over"] auto_start=false
[supervisor] AI_PLAY enabling; target=ws://127.0.0.1:8765
[mcp] [08/08/26 02:39:32] INFO     connection open                       server.py:529
[supervisor] AI_PLAY WebSocket connected
[supervisor] AI_PLAY sending observation=1
[kimi] • Let me start game 1: briefing, workflow_memory_read, observe.
[kimi] 
[mcp] [08/08/26 02:39:35] INFO     Processing request of type            server.py:733
[mcp]                              CallToolRequest                                    
[mcp] INFO:     127.0.0.1:65376 - "POST /mcp HTTP/1.1" 200 OK
[mcp]                     INFO     Processing request of type            server.py:733
[mcp]                              CallToolRequest                                    
[mcp] INFO:     127.0.0.1:65377 - "POST /mcp HTTP/1.1" 200 OK
[kimi] • 开始第 1 局。先读取 briefing、workflow memory，再观察出生点。
[kimi] 
[mcp] [08/08/26 02:39:38] INFO     Processing request of type            server.py:733
[mcp]                              CallToolRequest                                    
[mcp] INFO:     127.0.0.1:65376 - "POST /mcp HTTP/1.1" 200 OK
[mcp] [08/08/26 02:39:44] INFO     Processing request of type            server.py:733
[mcp]                              CallToolRequest                                    
[supervisor] AI_PLAY received action batch for observation=1
[supervisor] AI_PLAY sending observation=2
[mcp] INFO:     127.0.0.1:65387 - "POST /mcp HTTP/1.1" 200 OK
[mcp] [08/08/26 02:39:52] INFO     Processing request of type            server.py:733
[mcp]                              CallToolRequest                                    
[supervisor] AI_PLAY received action batch for observation=2
[supervisor] AI_PLAY sending observation=3
[mcp] INFO:     127.0.0.1:65418 - "POST /mcp HTTP/1.1" 200 OK
[mcp] [08/08/26 02:39:58] INFO     Processing request of type            server.py:733
[mcp]                              CallToolRequest                                    
[supervisor] AI_PLAY received action batch for observation=3
[supervisor] AI_PLAY sending observation=4
[mcp] INFO:     127.0.0.1:65423 - "POST /mcp HTTP/1.1" 200 OK
[mcp] [08/08/26 02:40:04] INFO     Processing request of type            server.py:733
[mcp]                              CallToolRequest                                    
[supervisor] AI_PLAY received action batch for observation=4
[supervisor] AI_PLAY sending observation=5
[mcp] INFO:     127.0.0.1:49204 - "POST /mcp HTTP/1.1" 200 OK
[mcp] [08/08/26 02:40:12] INFO     Processing request of type            server.py:733
[mcp]                              CallToolRequest                                    
[supervisor] AI_PLAY received action batch for observation=5
[supervisor] AI_PLAY sending observation=6
[mcp] INFO:     127.0.0.1:49248 - "POST /mcp HTTP/1.1" 200 OK
[mcp] [08/08/26 02:40:22] INFO     Processing request of type            server.py:733
[mcp]                              CallToolRequest                                    
[supervisor] AI_PLAY received action batch for observation=6
[supervisor] AI_PLAY sending observation=7
[mcp] INFO:     127.0.0.1:49299 - "POST /mcp HTTP/1.1" 200 OK
[mcp] [08/08/26 02:40:30] INFO     Processing request of type            server.py:733
[mcp]                              CallToolRequest                                    
[supervisor] AI_PLAY received action batch for observation=7
[supervisor] AI_PLAY sending observation=8
[mcp] INFO:     127.0.0.1:49322 - "POST /mcp HTTP/1.1" 200 OK
[mcp] [08/08/26 02:40:40] INFO     Processing request of type            server.py:733
[mcp]                              CallToolRequest                                    
[supervisor] AI_PLAY received action batch for observation=8
[supervisor] AI_PLAY sending observation=9
[mcp] INFO:     127.0.0.1:49340 - "POST /mcp HTTP/1.1" 200 OK
[mcp] [08/08/26 02:40:47] INFO     Processing request of type            server.py:733
[mcp]                              CallToolRequest                                    
[supervisor] AI_PLAY received action batch for observation=9
[supervisor] AI_PLAY sending observation=10
[mcp] INFO:     127.0.0.1:49397 - "POST /mcp HTTP/1.1" 200 OK
[kimi] • Game: find_contract. Read task card near spawn first. Now observe.Task card (teal swirl sign) visible directly ahead-right, on the right wall. It's a few meters away. Move closer then probe. Let me move forward a bit toward it. The sign is at roughly (0.75, 0.65) normalized. Approach: move forward-right slightly.Hmm, I moved but the sign is at right side of screen now, closer. The depth image shows the sign pole at bottom-right, quite near. Position barely moved (0.59m). The sign is roughly at (0.8, 0.65). Let me turn right slightly to face it, then probe. Actually just probe at the sign center. Sign center approx x=0.80, y=0.62. Probe.Probe aligned, camera turned to face the sign, prompt "读取任务说明 / Read task brief" available. Interact.Task card read: First location: LABORATORY. Close UI, then find the LABORATORY. Close UI first.Now find LABORATORY. Visible signs in scene: "CUBICLE" (mirrored text on left), "SERVER ROOM" near stairs? There's a door labeled something like "SECURITY" on the white building. Let me turn left to scan for room labels. Current yaw 138.7. Let me look left (turn further left) to see the main hall. Actually, first scan: turn left by 45.Facing the main hall again (yaw ~-176 ≈ 180, same as initial). I can see the white building ahead-right with a door labeled (possibly SECURITY). The main hall extends with couches, stairs on the right far side, and signs like "CUBICLE" on far left wall (mirrored text). LABORATORY not visible. Walk forward down the hall and scan. Let me move forward and look around. Move forward ~250ms a couple of times, checking signs.Moved forward ~2m. Now I see "BREAK ROOM" sign on right (upstairs? no, it's on the white building, upper area). Far ahead there are stairs and signs. "CUBICLE" far left. LABORATORY likely further ahead. Continue forward.BREAK ROOM is on the right (ground floor entrance, counter with TV? The sign says BREAK ROOM on the white building, ground floor door). Ahead far: stairs, signs "CEO OFFICE" upstairs maybe, and "CUBICLE" far left. LABORATORY not yet visible. Continue forward toward far end. Move forward more.Now I see "CEO OFFICE UPSTAIRS" sign and "LABORATO..." (LABORATORY) sign on the right side, partially hidden behind stairs. LABORATORY appears to be on the right side at the far end, perhaps ground floor door or upstairs. Turn right to see it.Wait, I turned right by 40 but ended up yaw 143.7 — from -176.3, +40 → -136.3? No, yaw = -176.3 + 40 = -136.3... but shows 143.7. Hmm, -176.3 + 40 = -136.3, equivalent to +223.7 no. Actually -176.3+40 = -136.3. But reported 143.7. So it turned the other way? -176.3 - 40 = -216.3 → +143.7. So positive yaw turned left?? Anyway, view: I now see LABORATORY sign on far side of stairs (center), BREAK ROOM on right, and an NPC standing at a desk on the left. LABORATORY appears to be a ground-floor room behind/under the stairs at the far end. There's a door below the "LABORATORY" sign roughly center.
[kimi] 
[mcp] [08/08/26 02:40:59] INFO     Processing request of type            server.py:733
[mcp]                              CallToolRequest                                    
[supervisor] AI_PLAY received action batch for observation=10
[supervisor] AI_PLAY sending observation=11
[mcp] INFO:     127.0.0.1:49441 - "POST /mcp HTTP/1.1" 200 OK
[mcp] [08/08/26 02:41:08] INFO     Processing request of type            server.py:733
[mcp]                              CallToolRequest                                    
[supervisor] AI_PLAY received action batch for observation=11
[supervisor] AI_PLAY sending observation=12
[mcp] INFO:     127.0.0.1:49475 - "POST /mcp HTTP/1.1" 200 OK
[mcp] [08/08/26 02:41:18] INFO     Processing request of type            server.py:733
[mcp]                              CallToolRequest                                    
[supervisor] AI_PLAY received action batch for observation=12
[supervisor] AI_PLAY sending observation=13
[mcp] INFO:     127.0.0.1:49487 - "POST /mcp HTTP/1.1" 200 OK
[mcp] [08/08/26 02:41:27] INFO     Processing request of type            server.py:733
[mcp]                              CallToolRequest                                    
[supervisor] AI_PLAY received action batch for observation=13
[supervisor] AI_PLAY sending observation=14
[mcp] INFO:     127.0.0.1:49549 - "POST /mcp HTTP/1.1" 200 OK
[mcp] [08/08/26 02:41:34] INFO     Processing request of type            server.py:733
[mcp]                              CallToolRequest                                    
[supervisor] AI_PLAY received action batch for observation=14
[supervisor] AI_PLAY sending observation=15
[mcp] INFO:     127.0.0.1:49567 - "POST /mcp HTTP/1.1" 200 OK
[kimi]   Let me walk toward the LABORATORY door (center of view). Move forward.Approaching. LABORATORY door is under/near the stairs center-right. There's also a "MEETING ROOM" sign far left. The LABORATORY sign is above a door at ground level on the far side. Move forward more toward it.LABORATORY sign "LABOR..." visible center-right above a doorway behind the stairs. NPC walking nearby. The lab door is at center, beyond the stairs. Move forward toward it, then maybe adjust. The LABORATORY sign is at ~(0.58, 0.30), door below. Move forward 2 more steps.I seem to have walked onto/at the stairs base (position slightly higher, on_floor true). The LABORATORY room is center — a room with "LABORATORY" sign above a doorway (dark opening). Actually the sign is on a dark wall section with an opening below it. I need to get around the stairs. Move left around the stair. Let me strafe left and forward.LABORATORY entrance visible on the right: a white room with a desk and a teal hint sign inside. Walk toward it.Wait — I strafed left (right=-1 means left), so I drifted left. The LABORATORY entrance is now to the right. There's a teal hint sign on the desk inside. The lab entrance is at center-right. Move toward the entrance: turn slightly right and move forward. Yaw is 143.7; the entrance is right of center, so turn right ~15 deg (positive yaw = right? Earlier +40 yaw decreased heading value... from -176.3 to 143.7, which is turning left actually. Let me check: heading -176.3 ≈ facing south. After +40, yaw=143.7. Hmm, -176.3+40=-136.3, but we got 143.7. So the +40 was applied as -176.3-40=-216.3→143.7. That means positive yaw decreased... confusing. Practically: earlier at yaw -176 (facing down the hall), I pressed +40 and the view rotated to show right-side content (BREAK ROOM was on the right). The scene rotated left in view meaning camera turned right. So positive yaw = turn right (as documented). The value wrap-around: -176.3 + 40 = -136.3... but reported 143.7. Note -136.3 vs 143.7: difference of 280? No. Actually maybe yaw in game is measured differently (e.g., 0 at different axis). Whatever — positive yaw turned right visually, consistent with docs.
[kimi] 
[mcp] [08/08/26 02:41:51] INFO     Processing request of type            server.py:733
[mcp]                              CallToolRequest                                    
[supervisor] AI_PLAY received action batch for observation=15
[supervisor] AI_PLAY sending observation=16
[mcp] INFO:     127.0.0.1:49646 - "POST /mcp HTTP/1.1" 200 OK
[mcp] [08/08/26 02:41:59] INFO     Processing request of type            server.py:733
[mcp]                              CallToolRequest                                    
[supervisor] AI_PLAY received action batch for observation=16
[supervisor] AI_PLAY sending observation=17
[mcp] INFO:     127.0.0.1:49704 - "POST /mcp HTTP/1.1" 200 OK
[kimi]   Now to center the lab entrance (currently right of center), turn right ~20.LABORATORY entrance centered, hint sign visible on desk inside. Walk forward into the lab toward the desk with the teal sign.Approaching the lab entrance; the teal sign is on/above the desk inside. Continue forward into the room toward the desk.
[kimi] 
[mcp] [08/08/26 02:42:08] INFO     Processing request of type            server.py:733
[mcp]                              CallToolRequest                                    
[supervisor] AI_PLAY received action batch for observation=17
[supervisor] AI_PLAY sending observation=18
[mcp] INFO:     127.0.0.1:49867 - "POST /mcp HTTP/1.1" 200 OK
[kimi] • 继续进入实验室，靠近桌上的提示标志。
[kimi] 
[mcp] [08/08/26 02:42:17] INFO     Processing request of type            server.py:733
[mcp]                              CallToolRequest                                    
[supervisor] AI_PLAY received action batch for observation=18
[supervisor] AI_PLAY sending observation=19
[mcp] INFO:     127.0.0.1:49926 - "POST /mcp HTTP/1.1" 200 OK
[kimi] • I'm at the lab entrance. The desk with the teal sign is inside, ~3m away. Move forward into the room toward the desk.Teal sign is above the desk now at (0.68, 0.45). Move a bit closer and probe. Move forward 150ms then probe. Actually probe now at the sign.
[kimi] 
[mcp] [08/08/26 02:42:27] INFO     Processing request of type            server.py:733
[mcp]                              CallToolRequest                                    
[supervisor] AI_PLAY received action batch for observation=19
[supervisor] AI_PLAY sending observation=20
[mcp] INFO:     127.0.0.1:49940 - "POST /mcp HTTP/1.1" 200 OK
[kimi] • 已到桌前，对准青色提示标志单独探测。
[kimi] 
[mcp] [08/08/26 02:42:36] INFO     Processing request of type            server.py:733
[mcp]                              CallToolRequest                                    
[supervisor] AI_PLAY received action batch for observation=20
[supervisor] AI_PLAY sending observation=21
[mcp] INFO:     127.0.0.1:49993 - "POST /mcp HTTP/1.1" 200 OK
[kimi] • Probe not_found — too far probably (desk is ~3m). Move closer, around the desk. Move forward 250ms and then probe again.Now close to the desk; the sign is behind the desk at (0.82, 0.55), looks like it marks something on the wall near the door. Probe at it.
[kimi] 
[mcp] [08/08/26 02:42:46] INFO     Processing request of type            server.py:733
[mcp]                              CallToolRequest                                    
[supervisor] AI_PLAY received action batch for observation=21
[supervisor] AI_PLAY sending observation=22
[mcp] INFO:     127.0.0.1:50027 - "POST /mcp HTTP/1.1" 200 OK
[kimi] • 贴近桌子，提示标志在右前方，单独探测。
[kimi] 
[mcp] [08/08/26 02:42:56] INFO     Processing request of type            server.py:733
[mcp]                              CallToolRequest                                    
[supervisor] AI_PLAY received action batch for observation=22
[supervisor] AI_PLAY sending observation=23
[mcp] INFO:     127.0.0.1:50038 - "POST /mcp HTTP/1.1" 200 OK
[kimi] • Still not_found. The sign appears to be behind the desk on the wall near the inner door, maybe 2.5m away still. Maybe the interactable is at the far side of the desk; need to go around the desk into the inner area. Move right and forward around the desk.Now the sign is very close at (0.79, 0.78) lower-right. Probe at it.
[kimi] 
[mcp] [08/08/26 02:43:05] INFO     Processing request of type            server.py:733
[mcp]                              CallToolRequest                                    
[supervisor] AI_PLAY received action batch for observation=23
[supervisor] AI_PLAY sending observation=24
[mcp] INFO:     127.0.0.1:50102 - "POST /mcp HTTP/1.1" 200 OK
[kimi] • 标志已在近处右下方，单独探测。
[kimi] 
[mcp] [08/08/26 02:43:13] INFO     Processing request of type            server.py:733
[mcp]                              CallToolRequest                                    
[supervisor] AI_PLAY received action batch for observation=24
[supervisor] AI_PLAY sending observation=25
[mcp] INFO:     127.0.0.1:50115 - "POST /mcp HTTP/1.1" 200 OK
[mcp] [08/08/26 02:43:25] INFO     Processing request of type            server.py:733
[mcp]                              CallToolRequest                                    
[supervisor] AI_PLAY received action batch for observation=25
[supervisor] AI_PLAY sending observation=26
[mcp] INFO:     127.0.0.1:50170 - "POST /mcp HTTP/1.1" 200 OK
[kimi] • "读取合同线索 1/3 / Read clue 1/3" — interact.Clue 1/3: Signing date code: 0830 (MMDD). Next record: CUBICLE AREA. Close UI and head to cubicle area (saw "CUBICLE AREA" sign earlier on far side of the hall, mirrored text on left wall initially). The CUBICLE sign was visible on the far side of the hall near spawn (left wall, mirrored because viewed from behind? Actually it appeared mirrored "CUBICLE" on the dark wall at far end left). Also at obs 10, far left wall showed "CUBICLE" mirrored. So cubicle area is at the far end of the hall, beyond the CEO office stairs, on the left side. Let me close UI, turn around, and head out of the lab.Now head to CUBICLE AREA. I recall from obs 10: far left of the hall (viewed when facing the lab area) there was "CUBICLE" mirrored text on the far wall near MEETING ROOM. Actually at obs 9: "CUBICLE AREA" mirrored text on the left far wall when looking down the hall from spawn. Mirrored text means the sign faces the other way (we saw its back), so the cubicle area entrance faces away — likely on the far end wall at the left side of the hall (the dark far end). In obs 12, "MEETING ROOM" was far left. So far end has MEETING ROOM (left) and CUBICLE area. Let me turn around and exit the lab, heading left toward the far end.
[kimi] 
[mcp] [08/08/26 02:43:40] INFO     Processing request of type            server.py:733
[mcp]                              CallToolRequest                                    
[supervisor] AI_PLAY received action batch for observation=26
[supervisor] AI_PLAY sending observation=27
[mcp] INFO:     127.0.0.1:50226 - "POST /mcp HTTP/1.1" 200 OK
[kimi]   Current yaw 87.3 (facing desk/wall corner). Turn around: yaw -180? Let me turn right by 180 via two 45 looks, or one look max 45. Turn right 45 twice. Actually let me turn left/right — need to face back out the lab entrance. The lab entrance is behind me roughly. Turn right 45 then reassess.That turned left (yaw increased from 87.3 to 132.3 with yaw=-45... so negative yaw = left is consistent: 87.3+45=132.3? Wait yaw=-45 gave 132.35. 87.35+45=132.35. So negative yaw increases the yaw value. OK whatever.) I'm now facing the dark wall corner. The exit is behind me. Turn back right: yaw +45 twice. Actually from 132.3 I need to face the exit which was roughly opposite of yaw 123.7 entrance direction... I entered facing yaw 123.7. Exit direction ≈ 123.7+180 = 303.7 → -56.3. From 132.3, I need yaw -56.3, i.e., decrease by 188.6 → use positive yaw (right) which decreases value? Positive 40 earlier: -176.3→143.7, decreased by 320? Ugh confusing. Let me just use looks and screenshots.
[kimi] 
[kimi]   Simplest: turn right (positive yaw) 45 degrees and check view.
[kimi] 
[mcp] [08/08/26 02:43:56] INFO     Processing request of type            server.py:733
[mcp]                              CallToolRequest                                    
[supervisor] AI_PLAY received action batch for observation=27
[supervisor] AI_PLAY sending observation=28
[mcp] INFO:     127.0.0.1:50256 - "POST /mcp HTTP/1.1" 200 OK
[kimi] • 转向了墙角，出口在身后。继续向右转寻找出口。
[kimi] 
[mcp] [08/08/26 02:44:09] INFO     Processing request of type            server.py:733
[mcp]                              CallToolRequest                                    
[supervisor] AI_PLAY received action batch for observation=28
[supervisor] AI_PLAY sending observation=29
[mcp] INFO:     127.0.0.1:50409 - "POST /mcp HTTP/1.1" 200 OK
[mcp] [08/08/26 02:44:18] INFO     Processing request of type            server.py:733
[mcp]                              CallToolRequest                                    
[supervisor] AI_PLAY received action batch for observation=29
[supervisor] AI_PLAY sending observation=30
[mcp] INFO:     127.0.0.1:50431 - "POST /mcp HTTP/1.1" 200 OK
[mcp] [08/08/26 02:44:28] INFO     Processing request of type            server.py:733
[mcp]                              CallToolRequest                                    
[supervisor] AI_PLAY received action batch for observation=30
[supervisor] AI_PLAY sending observation=31
[mcp] INFO:     127.0.0.1:50516 - "POST /mcp HTTP/1.1" 200 OK
[mcp] [08/08/26 02:44:40] INFO     Processing request of type            server.py:733
[mcp]                              CallToolRequest                                    
[supervisor] AI_PLAY received action batch for observation=31
[supervisor] AI_PLAY sending observation=32
[mcp] INFO:     127.0.0.1:50594 - "POST /mcp HTTP/1.1" 200 OK
[mcp] [08/08/26 02:44:54] INFO     Processing request of type            server.py:733
[mcp]                              CallToolRequest                                    
[supervisor] AI_PLAY received action batch for observation=32
[supervisor] AI_PLAY sending observation=33
[mcp] INFO:     127.0.0.1:50614 - "POST /mcp HTTP/1.1" 200 OK
[kimi] • Back to yaw 87.35, facing the desk with the sign and a white door ahead (inner door). The lab exit is behind. Turn right again 45+45 more. Let me turn right 45 twice in separate batches... Actually batch of two looks could cancel? No, same direction 45+45=90 is fine (not cancelling). But rule says when exploring turns, one look per batch. Two 45 in same direction is fine and not cancelling. But screenshot only at end. OK do one batch with two +45 looks to turn ~90 right.Now facing yaw -2.65, looking out of the lab toward the stairs on the right. The exit is to the right. Walk forward-right to exit the lab. The lab entrance is ahead-right. Move forward with right strafe.I'm facing a white wall (the lab side wall), with a door and stairs visible right. I moved along the wall. Turn right more to exit through the opening. The lab entrance was wide; I seem to be in a corner. Turn right 45 and move forward.Now I'm out near the lab, looking at the hall from the other side — windows on the right now, "CEO OFFICE UPSTAIRS" sign visible across. Interesting: I'm on the far side of the hall now. The cubicle area: earlier I saw "CUBICLE" mirrored text — mirrored because I was seeing the back of the sign from spawn; the sign faces this side. So the CUBICLE AREA is probably near here, on this far end. Let me walk forward into the hall and look for the CUBICLE sign. Move forward and scan.I notice there's a teal hint sign near the desk on the right side (near the red chair at far right, on the raised platform). That could be a hint — but clue 2/3 should be in CUBICLE AREA. That teal sign near the CEO desk platform... Hmm, at obs 32 right edge there's a teal "C" swirl near a chair on the raised platform area. That might be a different hint (maybe CEO office related). Let me continue scanning for CUBICLE AREA. The cubicles were visible in obs 9 far left (mirrored "CUBICLE AREA" text on the dark wall). Now I'm on that side. The cubicle area might be on the right side of this view (the dark area with desks at far right). Turn right to check.Now facing the window wall (curved). Center: a raised platform with a desk and a teal hint sign on it. Far right: "MEETING ROOM" sign. The teal sign on the platform desk — could that be the cubicle area record? No; briefing says records are at specific locations; clue said CUBICLE AREA. The desk on the platform with chairs might be a general work area... Actually maybe that IS the cubicle/work area on this side. Hmm.
[kimi] 
[mcp] [08/08/26 02:45:07] INFO     Processing request of type            server.py:733
[mcp]                              CallToolRequest                                    
[supervisor] AI_PLAY received action batch for observation=33
[supervisor] AI_PLAY sending observation=34
[mcp] INFO:     127.0.0.1:50725 - "POST /mcp HTTP/1.1" 200 OK
[kimi]   Earlier views: from spawn looking down the hall, far end had "CUBICLE" mirrored on the LEFT dark wall, and "MEETING ROOM" appeared at obs 12 far left. Now I'm at the far end. MEETING ROOM is at right. So CUBICLE AREA sign should be on the left side (the dark wall region, where I came from). Turn left to check the dark area.Back to previous view. On the far right, at the raised platform edge there's a desk with red chair and a teal sign (at x≈0.94). The dark area beyond the platform on the right could be the cubicle area. In obs 33, the platform with the teal-signed desk is center. Let me walk toward that desk on the platform — the teal sign there might be a COGITO hint for clue 2/3 if this area is the "CUBICLE AREA". Actually wait — in obs 9, "CUBICLE AREA" text was on the dark left wall far away (mirrored). In obs 10-12, after moving, I saw at the far end left: "MEETING ROOM" sign, and desk area with chairs on the left (obs 10 left side showed desk + NPC). Hmm.
[kimi] 
[kimi]   Current position is at the far end (where CUBICLE sign was mirrored). The mirrored text means the sign faces the other direction (toward spawn). So CUBICLE AREA entrance faces toward the middle of the hall — likely the area with desks right here. The platform with the desk and teal sign ahead is likely part of it.
[kimi] 
[kimi]   Plan: go to the teal sign at the desk on the platform (right side, obs 34 at x=0.94). Turn right and approach.
[kimi] 
[mcp] [08/08/26 02:45:24] INFO     Processing request of type            server.py:733
[mcp]                              CallToolRequest                                    
[supervisor] AI_PLAY received action batch for observation=34
[supervisor] AI_PLAY sending observation=35
[mcp] INFO:     127.0.0.1:50854 - "POST /mcp HTTP/1.1" 200 OK
[kimi] • 右侧平台办公桌旁有青色提示标志，可能是办公区记录点。右转靠近确认。
[kimi] 
[kimi] • The platform ahead has a desk with red chairs and a teal sign on it (center). This could be the cubicle/work area. But actually, wait: clue said "CUBICLE AREA". The briefing says CEO OFFICE record is a desktop document, BREAK ROOM record is on TV cabinet. This desk in the middle of the hall platform — maybe this is the CUBICLE AREA desk? There were also cubicle desks visible on the left in obs 10 ("CUBICLE" text was on the far-left wall at spawn view).
[kimi] 
[kimi]   Hmm, actually in obs 1 (spawn), looking down hall: far end left side had "CUBICLE" mirrored text. Now I'm at the far end. The area to my left-rear (dark wall) is where CUBICLE AREA sign faces. Let me check that first: turn left 180? That's expensive. Alternatively, walk to the platform desk with the teal sign — it's a COGITO hint, and records "may appear as circular COGITO Hint". Clue 1 was a hint sign at LABORATORY desk. This platform desk sign might be... but location must be CUBICLE AREA.
[kimi] 
[kimi]   Actually wait — look at obs 10 again: left side showed a desk with a red chair and NPC, plus text on far wall. And obs 33 right side "MEETING ROOM". The platform desk in the center here with teal sign — from obs 1's perspective, that desk was at the far end center-left (the "desk with red chairs" seen in obs 1 at center distance). The mirrored "CUBICLE" text in obs 1 was on the LEFT wall at the far end... 
[kimi] 
[kimi]   Let me just approach the platform desk and probe the teal sign; if it says "Read clue 2/3" great; if it's a different hint it may still reveal location context. The hint sign is on the desk ahead. Move forward to the platform (there's a raised edge; I may need to go up small steps). Move forward.
[kimi] 
[mcp] [08/08/26 02:45:44] INFO     Processing request of type            server.py:733
[mcp]                              CallToolRequest                                    
[supervisor] AI_PLAY received action batch for observation=35
[supervisor] AI_PLAY sending observation=36
[mcp] INFO:     127.0.0.1:50949 - "POST /mcp HTTP/1.1" 200 OK
[kimi] • 前方平台办公桌上有青色提示标志，走近探测确认是否为 2/3 记录点。
[kimi] 
[kimi] • The desk with the teal sign is ahead on the raised platform (center, ~6m). There's a step up. Keep moving forward; may need to climb the platform edge. Move forward.
[kimi] 
[mcp] [08/08/26 02:45:55] INFO     Processing request of type            server.py:733
[mcp]                              CallToolRequest                                    
[supervisor] AI_PLAY received action batch for observation=36
[supervisor] AI_PLAY sending observation=37
[mcp] INFO:     127.0.0.1:51014 - "POST /mcp HTTP/1.1" 200 OK
[kimi] • 继续走向平台中央的桌子（有台阶需上台）。
[kimi] 
[kimi] • Approaching the platform. The desk with the teal sign is at center (~4m). There's a platform edge to step up. Keep moving forward; if blocked, jump. Move forward 250.
[kimi] 
[mcp] [08/08/26 02:46:07] INFO     Processing request of type            server.py:733
[mcp]                              CallToolRequest                                    
[supervisor] AI_PLAY received action batch for observation=37
[supervisor] AI_PLAY sending observation=38
[mcp] INFO:     127.0.0.1:51105 - "POST /mcp HTTP/1.1" 200 OK
[kimi] • 继续向前上平台，如被台阶挡住再跳。
[kimi] 
[mcp] [08/08/26 02:46:18] INFO     Processing request of type            server.py:733
[mcp]                              CallToolRequest                                    
[supervisor] AI_PLAY received action batch for observation=38
[supervisor] AI_PLAY sending observation=39
[mcp] INFO:     127.0.0.1:51141 - "POST /mcp HTTP/1.1" 200 OK
[mcp] [08/08/26 02:46:28] INFO     Processing request of type            server.py:733
[mcp]                              CallToolRequest                                    
[supervisor] AI_PLAY received action batch for observation=39
[supervisor] AI_PLAY sending observation=40
[mcp] INFO:     127.0.0.1:51178 - "POST /mcp HTTP/1.1" 200 OK
[mcp] [08/08/26 02:46:42] INFO     Processing request of type            server.py:733
[mcp]                              CallToolRequest                                    
[supervisor] AI_PLAY received action batch for observation=40
[supervisor] AI_PLAY sending observation=41
[mcp] INFO:     127.0.0.1:51193 - "POST /mcp HTTP/1.1" 200 OK
[kimi] • Getting close to the desk with the teal sign. The desk with red chairs and a monitor; teal sign on the desk. There's also a small green/white object (cup?) on the desk. Move closer and probe the sign.I'm at the platform edge, desk ahead ~3m with teal sign visible behind the left red chair. Also there's floating text above the windows (garbled, likely "CUBICLE AREA" sign seen edge-on? At top-center there's text that looks distorted — could be the area label). Move forward onto platform toward the desk.Blocked at platform edge (y didn't increase — 0.80 same as floor, so platform not climbed). There's a step. The desk is ~2.5m ahead. The platform has a small raised edge; I may need to jump onto it or find the ramp. There's a small ramp on the left (the angled white strip at the platform edge, left side at x=0.1). Actually obs 38-40 show a sloped ramp section at the left edge of the platform. Let me jump while moving forward.Still blocked — the platform edge is too high here. There's a visible ramp on the left (the angled white strip at x≈0.15 in obs 38). Move left along the edge to the ramp. Turn left slightly and move along.
[kimi] 
[mcp] [08/08/26 02:46:52] INFO     Processing request of type            server.py:733
[mcp]                              CallToolRequest                                    
[supervisor] AI_PLAY received action batch for observation=41
[supervisor] AI_PLAY sending observation=42
[mcp] INFO:     127.0.0.1:51242 - "POST /mcp HTTP/1.1" 200 OK
[kimi] • 平台边缘太高，左侧有斜坡。向左移到斜坡处上去。
[kimi] 
[mcp] [08/08/26 02:47:02] INFO     Processing request of type            server.py:733
[mcp]                              CallToolRequest                                    
[supervisor] AI_PLAY received action batch for observation=42
[supervisor] AI_PLAY sending observation=43
[mcp] INFO:     127.0.0.1:51275 - "POST /mcp HTTP/1.1" 200 OK
[kimi] • Now I can see "CUBICLE AREA" written (mirrored) on the dark pillar above the desk area — confirming this desk area IS the CUBICLE AREA. The teal sign is behind the left red chair at the desk. I also see a ramp/step at the platform edge near center-left. Now move forward onto the platform via that step (it looks like a low step here). Move forward.Blocked again — the platform edge here is also high. The ramp appears to be at the far left (the angled piece at x=0.35, y=0.62). Actually the white strip with the angled end at center-left looks like a ramp. Let me try jumping onto the platform: jump + forward.
[kimi] 
[mcp] [08/08/26 02:47:14] INFO     Processing request of type            server.py:733
[mcp]                              CallToolRequest                                    
[supervisor] AI_PLAY received action batch for observation=43
[supervisor] AI_PLAY sending observation=44
[mcp] INFO:     127.0.0.1:51321 - "POST /mcp HTTP/1.1" 200 OK
[kimi] • 仍被平台边挡住，尝试跳跃同时前进。
[kimi] 
[mcp] [08/08/26 02:47:27] INFO     Processing request of type            server.py:733
[mcp]                              CallToolRequest                                    
[supervisor] AI_PLAY received action batch for observation=44
[supervisor] AI_PLAY sending observation=45
[mcp] INFO:     127.0.0.1:51423 - "POST /mcp HTTP/1.1" 200 OK
[kimi] • Can't climb here. The platform edge in front is high; the ramp/steps are the white angled pieces at center-left (x≈0.35). Those angled pieces might be steps. Actually in obs 37 there were white steps at the platform edge on the left side. Let me move further left toward those step-like white pieces and go up. The white angular pieces at (0.3-0.45, 0.6-0.7) look like steps. Move left-forward toward them.Hmm, my y position is still 0.80. The white structures are ramp-like rails along the platform edge. Wait — actually maybe the platform isn't elevated; maybe I'm already ON the platform level and the desk area is on the same floor? Looking at obs 45: the floor continues flat to the desk area with red chairs on the right. The white rails are decorative dividers. Actually the depth image shows the ground fairly uniform. Maybe the area with red chairs/desk is walkable directly. Earlier "blocked" may have been from the rail edge, not height.
[kimi] 
[kimi]   The red chair with teal sign is at right edge now. Turn right toward the desk and walk around the rail.
[kimi] 
[mcp] [08/08/26 02:47:41] INFO     Processing request of type            server.py:733
[mcp]                              CallToolRequest                                    
[supervisor] AI_PLAY received action batch for observation=45
[supervisor] AI_PLAY sending observation=46
[mcp] INFO:     127.0.0.1:51460 - "POST /mcp HTTP/1.1" 200 OK
[kimi] • 地面其实是平的，白色结构是隔断。右侧就是带提示标志的办公桌，右转绕过去。
[kimi] 
[kimi] • Now I see the cubicle desk area ahead (dark desks with red chairs and monitors). MEETING ROOM sign far right. The teal sign was on the left side of the desk cluster. Move forward toward the desks.
[kimi] 
[mcp] [08/08/26 02:47:52] INFO     Processing request of type            server.py:733
[mcp]                              CallToolRequest                                    
[supervisor] AI_PLAY received action batch for observation=46
[supervisor] AI_PLAY sending observation=47
[mcp] INFO:     127.0.0.1:51565 - "POST /mcp HTTP/1.1" 200 OK
[kimi] • 前方就是 CUBICLE AREA 的办公桌群，继续前进到桌前。
[kimi] 
[kimi] • Approaching desks. The teal sign was earlier on the left side of the desk cluster (behind a red chair). I don't see it now — maybe hidden behind a chair. Continue forward to the desks and look. The desk area is ~3m ahead. Move forward.
[kimi] 
[mcp] [08/08/26 02:48:05] INFO     Processing request of type            server.py:733
[mcp]                              CallToolRequest                                    
[supervisor] AI_PLAY received action batch for observation=47
[supervisor] AI_PLAY sending observation=48
[mcp] INFO:     127.0.0.1:51750 - "POST /mcp HTTP/1.1" 200 OK
[kimi] • 继续走近办公桌群，提示标志应在桌后。
[kimi] 
[kimi] • Blocked — I'm stuck against the white rail/planter edge on my left-front. The cubicle desks are to my right-front. I need to move right (strafe) to go around the rail. Strafe right.
[kimi] 
[mcp] [08/08/26 02:48:17] INFO     Processing request of type            server.py:733
[mcp]                              CallToolRequest                                    
[supervisor] AI_PLAY received action batch for observation=48
[supervisor] AI_PLAY sending observation=49
[mcp] INFO:     127.0.0.1:51801 - "POST /mcp HTTP/1.1" 200 OK
[kimi] • 被白色矮隔断挡住，向右横移绕开。
[kimi] 
[kimi] • Still blocked going right — I'm pinned between the rail (left) and something right. The cubicle desks are ahead-right. Let me back up and go around the rail on the right side where it's open. Move backward, then right, then forward.
[kimi] 
[mcp] [08/08/26 02:48:30] INFO     Processing request of type            server.py:733
[mcp]                              CallToolRequest                                    
[supervisor] AI_PLAY received action batch for observation=49
[supervisor] AI_PLAY sending observation=50
[mcp] INFO:     127.0.0.1:51859 - "POST /mcp HTTP/1.1" 200 OK
[kimi] • 被卡住，先后退再向右绕过隔断。
[kimi] 
[kimi] • Now I have a clearer view: the cubicle desks are ahead (center), with a teal sign visible on the left side of the desk cluster (at x≈0.52, on/behind the left red chair). MEETING ROOM far right. Walk toward the desk with the teal sign, slightly left. Move forward.
[kimi] 
[mcp] [08/08/26 02:48:42] INFO     Processing request of type            server.py:733
[mcp]                              CallToolRequest                                    
[supervisor] AI_PLAY received action batch for observation=50
[supervisor] AI_PLAY sending observation=51
[mcp] INFO:     127.0.0.1:51911 - "POST /mcp HTTP/1.1" 200 OK
[kimi] • 视野清晰了，青色标志在左侧红椅处。向办公桌前进。
[kimi] 
[mcp] [08/08/26 02:48:53] INFO     Processing request of type            server.py:733
[mcp]                              CallToolRequest                                    
[supervisor] AI_PLAY received action batch for observation=51
[supervisor] AI_PLAY sending observation=52
[mcp] INFO:     127.0.0.1:51925 - "POST /mcp HTTP/1.1" 200 OK
[kimi] • The teal sign is visible between the red chairs at the left desk (x≈0.49, y≈0.36). Move closer, then probe.The teal sign is at the desk behind the left red chair (x≈0.44, y≈0.35), ~2.5m away. Get closer — walk around the chair to the desk. Move forward slightly left.
[kimi] 
[mcp] [08/08/26 02:49:05] INFO     Processing request of type            server.py:733
[mcp]                              CallToolRequest                                    
[supervisor] AI_PLAY received action batch for observation=52
[supervisor] AI_PLAY sending observation=53
[mcp] INFO:     127.0.0.1:51975 - "POST /mcp HTTP/1.1" 200 OK
[kimi] • 再靠近一些，绕过红椅到桌前探测标志。
[kimi] 
[kimi] • Blocked — something (the white rail on my left?) blocks me. Actually I moved left-forward and hit the rail. The desk is ~2m ahead. The teal sign is just left of the leftmost red chair (x≈0.43, y≈0.35). Try probing it now from here — it might be within range (~2.5m). Probe at (0.44, 0.36).
[kimi] 
[mcp] [08/08/26 02:49:20] INFO     Processing request of type            server.py:733
[mcp]                              CallToolRequest                                    
[supervisor] AI_PLAY received action batch for observation=53
[supervisor] AI_PLAY sending observation=54
[mcp] INFO:     127.0.0.1:52024 - "POST /mcp HTTP/1.1" 200 OK
[kimi] • 距离约 2 米多，直接对标志探测试试。
[kimi] 
[kimi] • Not found — too far or occluded by the chair. Need to get to the desk. The sign is on the desk behind the leftmost red chair. I need to go around. The chair cluster: walk to the right side of the desks where it's open (between the two desk rows?). Move right then forward.
[kimi] 
[mcp] [08/08/26 02:49:32] INFO     Processing request of type            server.py:733
[mcp]                              CallToolRequest                                    
[supervisor] AI_PLAY received action batch for observation=54
[supervisor] AI_PLAY sending observation=55
[mcp] INFO:     127.0.0.1:52098 - "POST /mcp HTTP/1.1" 200 OK
[kimi] • 距离不够或被椅子遮挡。向右绕过椅子群再接近桌子。
[kimi] 
[kimi] • Now I'm beside the desk cluster. The teal sign is visible on the desk behind the monitors (x≈0.35, y≈0.35). Move closer to the desk and probe. Step forward-left toward the desk edge.
[kimi] 
[mcp] [08/08/26 02:49:45] INFO     Processing request of type            server.py:733
[mcp]                              CallToolRequest                                    
[supervisor] AI_PLAY received action batch for observation=55
[supervisor] AI_PLAY sending observation=56
[mcp] INFO:     127.0.0.1:52109 - "POST /mcp HTTP/1.1" 200 OK
[kimi] • 已绕到桌侧，标志在桌面上。走近探测。
[kimi] 
[kimi] • Blocked again (probably the chair on my left). The teal sign is at x≈0.35, y≈0.35, maybe 2.5m away on the desk behind monitors. Try probing it now.
[kimi] 
[mcp] [08/08/26 02:49:58] INFO     Processing request of type            server.py:733
[mcp]                              CallToolRequest                                    
[supervisor] AI_PLAY received action batch for observation=56
[supervisor] AI_PLAY sending observation=57
[mcp] INFO:     127.0.0.1:52124 - "POST /mcp HTTP/1.1" 200 OK
[kimi] • 对桌上的标志探测。
[kimi] 
[kimi] • Still not found. The sign is at the far side of the desk near the window pillar, behind the monitors. I need to get to the other side of the desk (between desk and window). Path: the chair on my left blocks. Move right around the desk to the gap between the two desks, then approach from the front. Alternatively go around the left side near the window.
[kimi] 
[kimi]   Currently facing the desk side. The sign is on the far side. Let me walk around: move right (strafe) past the desk, then forward, then left to the front of the desk facing the window. Actually the sign faces toward the window (we see it from this side though, at x=0.35). The interaction likely requires being within ~1.5m.
[kimi] 
[mcp] [08/08/26 02:50:15] INFO     Processing request of type            server.py:733
[mcp]                              CallToolRequest                                    
[supervisor] AI_PLAY received action batch for observation=57
[supervisor] AI_PLAY sending observation=58
[mcp] INFO:     127.0.0.1:52283 - "POST /mcp HTTP/1.1" 200 OK
[kimi]   Plan: move right+forward to round the right end of the desk, then turn left toward the sign position.I've passed the desk cluster on the right side. The desks are now on my left. The teal sign was on the left desk near the pillar. Turn left to face the desks and approach the sign from this side.
[kimi] 
[mcp] [08/08/26 02:50:28] INFO     Processing request of type            server.py:733
[mcp]                              CallToolRequest                                    
[supervisor] AI_PLAY received action batch for observation=58
[supervisor] AI_PLAY sending observation=59
[mcp] INFO:     127.0.0.1:52367 - "POST /mcp HTTP/1.1" 200 OK
[kimi] • 已绕过桌群到右侧，左转面向桌子靠近标志。
[kimi] 
[kimi] • Now facing the desk cluster front. The teal sign is on the desk near the pillar (center, x≈0.53, y≈0.32), with red chairs around. I'm ~2.5m away. Move forward toward the desk between the chairs.
[kimi] 
[mcp] [08/08/26 02:50:47] INFO     Processing request of type            server.py:733
[mcp]                              CallToolRequest                                    
[supervisor] AI_PLAY received action batch for observation=59
[supervisor] AI_PLAY sending observation=60
[mcp] INFO:     127.0.0.1:52437 - "POST /mcp HTTP/1.1" 200 OK
[kimi] • 面向桌群正面，标志在柱旁桌面上。向前靠近。
[kimi] 
[kimi] • Blocked immediately — something invisible right in front of me (maybe a low rail between floor sections). The depth image shows ground then desks. There might be a low barrier around this area (the white rails). I keep hitting invisible barriers around this cubicle platform — perhaps the platform has a raised edge all around except at ramps.
[kimi] 
[kimi]   Looking at the depth image of obs 59: the floor in front is uniform dark up to the desk. But movement blocked at 0 distance, so a wall is right at my position. Perhaps a glass/low wall.
[kimi] 
[kimi]   Alternative: approach from another angle. The sign is on the desk facing... hmm. In obs 55 (from the other side), the sign was visible at the desk near pillar. Maybe interact range from there. But probes failed at ~2.5m.
[kimi] 
[kimi]   New idea: go around to the left side where I came from but closer to the pillar, via the window side. Or find the actual ramp: white angled pieces along the rails look like step-ramps at (obs 45, center). The platform edge has white rails; at some point there's an opening.
[kimi] 
[kimi]   Actually wait — in obs 38 I jumped while moving and got "completed" for the move after jump, moving 1.86m and reaching near the desk (y stayed 0.80). So this whole area is the same floor level; the "platform" look is just a sunken/raised visual border. The blockers are the white rails and furniture.
[kimi] 
[mcp] [08/08/26 02:51:10] INFO     Processing request of type            server.py:733
[mcp]                              CallToolRequest                                    
[supervisor] AI_PLAY received action batch for observation=60
[supervisor] AI_PLAY sending observation=61
[mcp] INFO:     127.0.0.1:52597 - "POST /mcp HTTP/1.1" 200 OK
[kimi]   Let me try strafing left along the desk to find the gap between the rail end and the desk. From current spot, the desks are ahead; rail on... Let me move right along the rail toward the right planter, then forward through the gap between the desk and the right planter.Closer now. The teal sign is visible between the monitors on the desk (x≈0.44, y≈0.33). ~2m away. Move forward a bit more then probe.
[kimi] 
[mcp] [08/08/26 02:51:23] INFO     Processing request of type            server.py:733
[mcp]                              CallToolRequest                                    
[supervisor] AI_PLAY received action batch for observation=61
[supervisor] AI_PLAY sending observation=62
[mcp] INFO:     127.0.0.1:53008 - "POST /mcp HTTP/1.1" 200 OK
[kimi] • 更近了，标志在显示器之间。再前进一小步后探测。
[kimi] 
[kimi] • Blocked again — there's an invisible/low barrier right in front. The desk is ~1.5m away. The teal sign (small, at x=0.43, y=0.34) is just visible. Maybe I'm within range now. Probe at the sign.
[kimi] 
[mcp] [08/08/26 02:51:37] INFO     Processing request of type            server.py:733
[mcp]                              CallToolRequest                                    
[supervisor] AI_PLAY received action batch for observation=62
[supervisor] AI_PLAY sending observation=63
[mcp] INFO:     127.0.0.1:53021 - "POST /mcp HTTP/1.1" 200 OK
[kimi] • 已经很近，直接探测桌上的标志。
[kimi] 
[kimi] • Still not found. The sign at the desk might be a notebook or document instead. Actually, I see on the desk near the sign: there's a small dark object at (0.43, 0.37) and the teal "C" behind the monitors at (0.44,0.34). The interactable may be a readable_notebook on the desk (briefing said records may be hint sign, document, or book). The cubicle record could be a notebook on the desk. 
[kimi] 
[mcp] [08/08/26 02:51:53] INFO     Processing request of type            server.py:733
[mcp]                              CallToolRequest                                    
[supervisor] AI_PLAY received action batch for observation=63
[supervisor] AI_PLAY sending observation=64
[mcp] INFO:     127.0.0.1:53079 - "POST /mcp HTTP/1.1" 200 OK
[kimi]   The desk's near edge is ~1.5m. The record item may be on the desk surface. There's something white/round on the desk at (0.43, 0.37). Let me probe the desk surface items — probe at (0.43, 0.37) (the object on the desk).Still not found. I'm stuck behind an invisible barrier ~1.5-2m from the desk. The sign is on the far side of the desk near the pillar. I need to get closer. The barrier in front of me — maybe it's the chair at (0.58, 0.4) or the desk itself. Let me try going around the right side of the right red chair: strafe right, then forward, then left to stand between the desk and the window, right where the sign is.
[kimi] 
[mcp] [08/08/26 02:52:12] INFO     Processing request of type            server.py:733
[mcp]                              CallToolRequest                                    
[supervisor] AI_PLAY received action batch for observation=64
[supervisor] AI_PLAY sending observation=65
[mcp] INFO:     127.0.0.1:53408 - "POST /mcp HTTP/1.1" 200 OK
[mcp] [08/08/26 02:52:25] INFO     Processing request of type            server.py:733
[mcp]                              CallToolRequest                                    
[supervisor] AI_PLAY received action batch for observation=65
[supervisor] AI_PLAY sending observation=66
[mcp] INFO:     127.0.0.1:53435 - "POST /mcp HTTP/1.1" 200 OK
[kimi]   Actually the sign faces the window side (we see its front from... hmm, the teal C was visible from both sides). The record interactable may only be readable from the window side of the desk. Path: move right past the desk end, then forward (toward window), then left to face the sign from close.Now I can see the desk from the right-front. On the desk near the monitors there's a teal sign (x≈0.33, y≈0.33) and a small green/teal object on the desk at (0.33, 0.36). The desk edge is ~1.5m. Move left-forward toward the sign, then probe.The desk is ~1.2m ahead-left. I see two teal signs behind the monitors near the pillar (x≈0.37 and 0.42, y≈0.33). There's also a small white round object on the desk near edge (0.355, 0.375). The sign might be interactable now. Probe at the teal sign (0.37, 0.34).
[kimi] 
[mcp] [08/08/26 02:52:40] INFO     Processing request of type            server.py:733
[mcp]                              CallToolRequest                                    
[supervisor] AI_PLAY received action batch for observation=66
[supervisor] AI_PLAY sending observation=67
[mcp] INFO:     127.0.0.1:53454 - "POST /mcp HTTP/1.1" 200 OK
[kimi] • 靠近桌边，对显示器旁的青色标志探测。
[kimi] 
[kimi] • Still not found! The sign is behind the monitors near the pillar — distance maybe still 2.5m. There's an invisible barrier keeping me from the desk (my forward moves keep getting blocked at this distance). 
[kimi] 
[kimi]   Maybe the record for CUBICLE AREA is not this sign — maybe this sign is a generic COGITO hint marker that's far. Alternatively the actual record could be on the near desk edge (the white round object at (0.355, 0.375)?).
[kimi] 
[mcp] [08/08/26 02:52:56] INFO     Processing request of type            server.py:733
[mcp]                              CallToolRequest                                    
[supervisor] AI_PLAY received action batch for observation=67
[supervisor] AI_PLAY sending observation=68
[mcp] INFO:     127.0.0.1:53477 - "POST /mcp HTTP/1.1" 200 OK
[kimi]   Let me try to step left around the chair blocking me: the chair at (0.52, 0.4) is in front. Move left strafe along the desk.Hmm, I moved but ended up going backward-left (z decreased from 2.24 to 0.88). The desk is now ~2.5m ahead. The teal sign is at the desk near the pillar, visible at (0.52, 0.34). I keep struggling with invisible barriers.
[kimi] 
[mcp] [08/08/26 02:53:15] INFO     Processing request of type            server.py:733
[mcp]                              CallToolRequest                                    
[supervisor] AI_PLAY received action batch for observation=68
[supervisor] AI_PLAY sending observation=69
[mcp] INFO:     127.0.0.1:53566 - "POST /mcp HTTP/1.1" 200 OK
[kimi]   Wait — maybe I've been misreading the layout. The teal sign floats ABOVE the desk surface near the pillar, similar to the lab where the sign floated above/behind the desk and I had to walk around the desk to get within ~1m. The desk here is surrounded by chairs; there may be a gap on the window side (behind the desk). Let me go around via the window side: the left side near the planter seems open (obs 68 left shows floor space between the left planter and the desk). Move left-forward along the window, behind the desk.Now I see the desk from the left side. The teal sign is ON the desk at the right side (x≈0.77, y≈0.33), clearly visible now above the desk near the monitors. It's about 2.5m away. The near desk edge is at (0.85, 0.45). Approach the desk corner. Move forward-right toward the sign.
[kimi] 
[mcp] [08/08/26 02:53:31] INFO     Processing request of type            server.py:733
[mcp]                              CallToolRequest                                    
[supervisor] AI_PLAY received action batch for observation=69
[supervisor] AI_PLAY sending observation=70
[mcp] INFO:     127.0.0.1:53615 - "POST /mcp HTTP/1.1" 200 OK
[kimi] • 从这个角度清楚看到标志在右侧桌面上。向右前方靠近桌角。
[kimi] 
[kimi] • Blocked again. There's an invisible wall roughly around this desk cluster (the white rail line on the floor at left of view marks a boundary — maybe a glass wall around the cubicle area). The white line on the floor (left, diagonal) could be a glass partition. The cubicle area might be enclosed by glass with an entrance somewhere.
[kimi] 
[kimi]   Where's the entrance? Likely on the hall side. Earlier, obs 50-52 I approached from the hall side and got to within ~2m before hitting barriers. The entrance gap might be between the two white rails near the hall. Recall obs 45: white angled rails looked like a gate opening.
[kimi] 
[kimi]   Alternatively, maybe the record for CUBICLE AREA is NOT at this desk — maybe it's the friendly NPC! The NPC was wandering near the cubicle area. Briefing: friendly_npc can give clues. And the record "可能是圆形 COGITO Hint、实体文件或书本". Hmm, but NPC dialogue could also deliver the record.
[kimi] 
[kimi]   Actually wait — reconsider. In obs 10 there was an NPC standing at a desk on the left side of the hall (before the stairs). The NPC walks around. Talking to the NPC might give the next clue or just hints.
[kimi] 
[kimi]   But first, the cubicle desk sign: it should be reachable. Let me look for the glass partition entrance. The white rails on the floor mark the partition. There was an angled white piece (like a doorway) at obs 45 near the planter. Let me go back toward the hall side and find the gap between rails.
[kimi] 
[mcp] [08/08/26 02:53:55] INFO     Processing request of type            server.py:733
[mcp]                              CallToolRequest                                    
[supervisor] AI_PLAY received action batch for observation=70
[supervisor] AI_PLAY sending observation=71
[mcp] INFO:     127.0.0.1:53762 - "POST /mcp HTTP/1.1" 200 OK
[mcp] [08/08/26 02:54:10] INFO     Processing request of type            server.py:733
[mcp]                              CallToolRequest                                    
[supervisor] AI_PLAY received action batch for observation=71
[supervisor] AI_PLAY sending observation=72
[mcp] INFO:     127.0.0.1:53935 - "POST /mcp HTTP/1.1" 200 OK
[kimi]   Actually, looking at obs 69: the white line on the floor runs diagonally bottom-left to center — that's likely a glass wall edge. The gap might be near the planter (left side, obs 68). Let me move left along the line to find the opening.Now I see a large teal sign at the right edge (x≈0.95, y≈0.33) — very close, on the desk next to a red chair. That's the hint sign on the near desk. Turn right toward it and approach.Now facing the desk with the teal sign (x≈0.53, y≈0.33) on it, ~4m away across the platform. The floor here appears flat (no rail between me and the desk — the white rail is at left). Move forward toward the desk.
[kimi] 
[mcp] [08/08/26 02:54:24] INFO     Processing request of type            server.py:733
[mcp]                              CallToolRequest                                    
[supervisor] AI_PLAY received action batch for observation=72
[supervisor] AI_PLAY sending observation=73
[mcp] INFO:     127.0.0.1:53987 - "POST /mcp HTTP/1.1" 200 OK
[kimi] • 正面看到桌上标志，地面似乎通畅，向前走近。
[kimi] 
[kimi] • Now ~2.5m from the desk; the teal sign is on the desk at (0.53, 0.33). Move forward one more step then probe.
[kimi] 
[mcp] [08/08/26 02:54:39] INFO     Processing request of type            server.py:733
[mcp]                              CallToolRequest                                    
[supervisor] AI_PLAY received action batch for observation=73
[supervisor] AI_PLAY sending observation=74
[mcp] INFO:     127.0.0.1:54009 - "POST /mcp HTTP/1.1" 200 OK
[kimi] • 再前进一步到桌边。
[kimi] 
[kimi] • Blocked again at ~2.3m from desk. There's a consistent invisible barrier at x≈1.53 (my x position keeps stopping at 1.528). Interesting: x=1.5286 exactly across several attempts — a glass wall at x≈1.53! The cubicle area is enclosed by a glass wall at x≈1.53, and the desks are at x>2. The entrance must be elsewhere (a gap in the glass).
[kimi] 
[kimi]   Earlier at obs 71, position x=0.35, z=-1.39 — moving left freely. The glass wall runs along x≈1.53. The entrance gap might be at the far left (near z larger) or far right.
[kimi] 
[kimi]   From obs 50: I was at (1.44, -4.08) and moved to (1.53, -3.30) to (1.53, -2.65) — stuck at x=1.53 again. So glass wall spans z from -4.5 to +2.7 at x≈1.53. Gap must be beyond z>2.7 or z<-4.5.
[kimi] 
[kimi]   Earlier at obs 65, I reached (1.53, 2.74) — still x=1.53. At obs 58: (1.53, 0.66). Hmm all at x=1.53. But wait, obs 47-49 I was at x=2.99, z=-4.49 — that was BEYOND the glass (x>1.53)! I was inside the cubicle area there (near the rail/planter though, blocked by the white rail and furniture). So I entered the glass area from the south (z≈-4.5) side earlier. At obs 47, position (2.99, -4.49): I got there from (1.67, -4.33) at obs 45 → moved forward at yaw -117 → x increased to 2.99. So the glass wall has an opening at z≈-4.4 (south end near the MEETING ROOM side).
[kimi] 
[kimi]   So the route: go around to z≈-4.4, enter through the gap, then approach the desk from inside. Inside I was blocked by white rails/furniture but I could navigate. The desk with the sign is at roughly x≈2.5-3.5, z≈-1.5.
[kimi] 
[kimi]   Current position: (0.34, -1.40), yaw -92.65 (facing +x). Plan: turn to face -z direction (south, toward meeting room side), move to z≈-4.5, then turn +x and enter through the gap at z≈-4.4, then head +z toward the desk... wait the desk is at z≈-1.5, x≈2.5. Inside the glass at (2.99, -4.49), I'd need to move +z (north) to reach the desk.
[kimi] 
[mcp] [08/08/26 02:55:14] INFO     Processing request of type            server.py:733
[mcp]                              CallToolRequest                                    
[supervisor] AI_PLAY received action batch for observation=74
[supervisor] AI_PLAY sending observation=75
[mcp] INFO:     127.0.0.1:54151 - "POST /mcp HTTP/1.1" 200 OK
[kimi]   Let me first turn left to face -z: currently yaw -92.65 means facing +x (east). To face -z (south)... yaw values: -92.65 facing east(+x). Facing -z would be yaw ≈ 180 or -180. Turn left (negative yaw... ugh). Recall: negative yaw turned view left (yaw value increased). To rotate from -92.65 to 180: +272 or -88. Turning left (negative yaw action) increases value: -92.65 + 88 = -4.65? No wait, earlier: obs 27: yaw=-45 action took 87.35→132.35 (increased by 45). So negative yaw action → value increases by the magnitude. To go from -92.65 to ±180: increase by 272 (too much) or decrease by 87: positive yaw action decreases value: -92.65 - 87 → -179.65 ≈ 180. So turn right ~87 (two +45s... max 45 each, do 45+42 or just 45 then check).Now facing south (-z, yaw -179.65). I see the MEETING ROOM sign far left, stairs center-right. The white line on the floor runs along my left (that's the glass wall edge). The gap in the glass should be further south. Move forward (south).
[kimi] 
[mcp] [08/08/26 02:55:30] INFO     Processing request of type            server.py:733
[mcp]                              CallToolRequest                                    
[supervisor] AI_PLAY received action batch for observation=75
[supervisor] AI_PLAY sending observation=76
[mcp] INFO:     127.0.0.1:54258 - "POST /mcp HTTP/1.1" 200 OK
[kimi] • 现在面向南。沿玻璃墙向南前进找缺口。
[kimi] 
[kimi] • Wait, I moved +z (from -1.35 to +0.64)? Facing yaw -179.65 moved me +z. So yaw ±180 = +z direction. Hmm, that means at spawn (yaw 180) I was facing +z... and the LABORATORY was at +z side. And the cubicle/MEETING ROOM is at -z... but earlier I computed MEETING ROOM at z=-4.5 south. Confusing. Whatever — the glass wall white line is on my left still. I'm moving along it. The MEETING ROOM is ahead-left. Continue forward; the gap should be near the end of the glass.
[kimi] 
[mcp] [08/08/26 02:55:48] INFO     Processing request of type            server.py:733
[mcp]                              CallToolRequest                                    
[supervisor] AI_PLAY received action batch for observation=76
[supervisor] AI_PLAY sending observation=77
[mcp] INFO:     127.0.0.1:54361 - "POST /mcp HTTP/1.1" 200 OK
[kimi] • 继续沿玻璃墙前进到尽头缺口。
[kimi] 
[kimi] • I'm at z=2.70 now, near the glass wall corner (white rails turn right in view bottom-left). MEETING ROOM is ahead. The glass wall seems to end around here (the white rail turns). The cubicle desk area was behind me to the left. Let me turn left (toward -x? my left when facing +z is +x... hmm). Facing +z, left = +x? If yaw ±180 faces +z, then left (-90 from facing) = ... turning left from obs 75→77 the glass was on my left, desks beyond. To enter the cubicle area I should turn left and try moving through where the glass ends.
[kimi] 
[kimi]   Turn left 45 and move forward.
[kimi] 
[mcp] [08/08/26 02:56:09] INFO     Processing request of type            server.py:733
[mcp]                              CallToolRequest                                    
[supervisor] AI_PLAY received action batch for observation=77
[supervisor] AI_PLAY sending observation=78
[mcp] INFO:     127.0.0.1:54509 - "POST /mcp HTTP/1.1" 200 OK
[kimi] • 玻璃墙到尽头了，左转尝试从缺口进入办公区。
[kimi] 
[kimi] • Hmm, x still 1.53 — the glass wall continues here too (I turned left but still at x=1.53, moved +z to 3.41). The glass wall runs along x=1.53 for a long stretch. The white rails on the floor ARE the glass wall base. Wait — maybe the wall is exactly at x≈1.53 and extends far. But earlier at obs 47 I was at x=2.99! How did I cross? At obs 45→46: position went (1.67,-4.33) → (2.06,-4.49) moving at yaw -117.65. Then obs 47: (2.99,-4.49). So at z≈-4.4 I could cross x=1.53. The gap is at z≈-4.4, near where I first approached (the "south" end, which in +z terms is negative z).
[kimi] 
[kimi]   So I need to go back to z≈-4.4 and cross there. Currently at z=3.41. Turn around (face -z) and go back. Ugh. Alternatively the glass might also end further +z. Let me continue forward a bit to check if the wall ends. Actually the wall turned: in obs 78 the white rail runs from bottom-left toward the planter — it might end at the planter. Let me try moving right-forward (+x) here... Actually I just turned left (-45) and moved forward, ended at x=1.53 still (blocked in x, slid in z). 
[kimi] 
[kimi]   Let me continue forward (+z) more to find the wall end.
[kimi] 
[mcp] [08/08/26 02:56:32] INFO     Processing request of type            server.py:733
[mcp]                              CallToolRequest                                    
[supervisor] AI_PLAY received action batch for observation=78
[supervisor] AI_PLAY sending observation=79
[mcp] INFO:     127.0.0.1:54779 - "POST /mcp HTTP/1.1" 200 OK
[kimi] • 玻璃墙仍在 x≈1.53。继续向前找墙的尽头。
[kimi] 
[mcp] [08/08/26 02:56:49] INFO     Processing request of type            server.py:733
[mcp]                              CallToolRequest                                    
[supervisor] AI_PLAY received action batch for observation=79
[supervisor] AI_PLAY sending observation=80
[mcp] INFO:     127.0.0.1:54923 - "POST /mcp HTTP/1.1" 200 OK
[kimi] • I crossed! Position x=2.15 (past 1.53), z=4.82. The glass wall ended around z≈4. Now I'm inside the cubicle area at the north end. The desk with the sign is behind me (south, at z≈-1.5, x≈2.5-3.5). Turn around and head back inside the enclosure toward the desk.I turned right 90 (yaw 135.3). This shows the stairs and a door labeled "ARCHIVE" (left, x≈0.33) with a keypad beside it! That's the goal door — good landmark: ARCHIVE is at the north end near the stairs, on the white wall. Also a desk with a monitor inside the dark area left.
[kimi] 
[kimi]   But first, get clue 2/3 at the cubicle desk. Turn right 45 more to face the cubicle desk area.
[kimi] 
[mcp] [08/08/26 02:57:08] INFO     Processing request of type            server.py:733
[mcp]                              CallToolRequest                                    
[supervisor] AI_PLAY received action batch for observation=80
[supervisor] AI_PLAY sending observation=81
[mcp] INFO:     127.0.0.1:55060 - "POST /mcp HTTP/1.1" 200 OK
[kimi] • 发现 ARCHIVE 门和密码盘（北侧楼梯旁白墙），记住位置。继续转向办公区桌子。
[kimi] 
[kimi] • Interesting — this view shows the LABORATORY from the inside of the cubicle enclosure?? No wait — I'm inside the glass area at the north end; the LABORATORY sign is visible ahead (that's the lab across the hall, seen through... no). Hmm, yaw 90.35. Actually this looks like I'm facing the east wall: stairs on left, LABORATORY entrance ahead. Wait, the LABORATORY was on the east side of the hall (right side when coming from spawn). So I'm now facing east, seeing the lab entrance across... but there's no hall between — the lab is just ahead. Hmm, geography: the lab at z≈0, x≈-7. I entered it heading yaw 123. 
[kimi] 
[mcp] [08/08/26 02:57:28] INFO     Processing request of type            server.py:733
[mcp]                              CallToolRequest                                    
[supervisor] AI_PLAY received action batch for observation=81
[supervisor] AI_PLAY sending observation=82
[mcp] INFO:     127.0.0.1:55135 - "POST /mcp HTTP/1.1" 200 OK
[kimi]   Whatever — the cubicle desks are behind me (south). Let me turn right 45 more to face south toward the desks.Hmm, yaw 45.35 shows the LABORATORY (left) and CEO OFFICE UPSTAIRS (center-right) and BREAK ROOM far right. Wait — this looks like I'm looking across the hall from the north side. But I thought I was inside the glass cubicle enclosure at the north end. Actually I never crossed INTO the cubicle area — the glass area is at the SOUTH end (z negative). Ugh, my mental map is flipped.
[kimi] 
[kimi]   Reality check with coordinates: spawn z=-17.9. Laboratory at z≈0, x≈-9. Meeting room at z≈-4.5?? At obs 47 I was at (2.99, -4.49) close to MEETING ROOM sign. The cubicle desk with sign: seen around (1.5, -1.5) facing... 
[kimi] 
[kimi]   Hold on. At obs 65 I was at (1.53, 2.74) and the desk appeared 1-2m away to the north-west. At obs 79 I reached (2.15, 4.82) and "crossed" the glass. Current obs 82 at (2.17, 4.84) facing yaw 45 shows LABORATORY across... wait LABORATORY at (-9, 0)-ish. From (2.17, 4.84), lab is at direction (-11, -5) → southwest. The view shows it slightly left of center, so yaw 45 ≈ facing southwest. OK.
[kimi] 
[kimi]   So: the "cubicle desk with teal sign" — from (2.17, 4.84) it should be at around (2.5-3.5, -1.5)?? But I was never able to get past x=1.53 except at z≈4.8 and z≈-4.4. The glass wall at x=1.53 spans z from -4.4 to +4.4 — that's a huge enclosure containing the cubicle desks (x from 1.5 to ~5, z from -4.4 to 4.4). I entered at the north gap (z≈4.4). The desks are south of me inside the enclosure.
[kimi] 
[kimi]   In this view (yaw 45, facing southwest): the white line on the floor bottom-right is the glass wall edge. The cubicle desks should be ahead-right (west-southwest). Actually in obs 82 I see LABORATORY (which is OUTSIDE the enclosure, west across the hall... hmm, no).
[kimi] 
[kimi]   I'm getting confused. Let me just turn right to scan for the desks with the teal sign.
[kimi] 
[mcp] [08/08/26 02:57:57] INFO     Processing request of type            server.py:733
[mcp]                              CallToolRequest                                    
[supervisor] AI_PLAY received action batch for observation=82
[supervisor] AI_PLAY sending observation=83
[mcp] INFO:     127.0.0.1:55234 - "POST /mcp HTTP/1.1" 200 OK
[kimi] • 继续右转扫描，找到带标志的办公桌。
[kimi] 
[kimi] • Now facing yaw 0.35 (south), I can see the CUBICLE AREA sign (readable, on the dark wall right) and the desk cluster with red chairs on the right — I'm now INSIDE the enclosure at the north end, and the desks are to my right (west side). The white line on the floor ahead is the glass wall base; the opening is here at the north. Also visible: BREAK ROOM sign far left, CEO OFFICE UPSTAIRS stairs left.
[kimi] 
[kimi]   Wait — actually now I realize: the cubicle area glass enclosure is along the EAST side (x>1.53)? and the hall is west. Doesn't matter.
[kimi] 
[mcp] [08/08/26 02:58:19] INFO     Processing request of type            server.py:733
[mcp]                              CallToolRequest                                    
[supervisor] AI_PLAY received action batch for observation=83
[supervisor] AI_PLAY sending observation=84
[mcp] INFO:     127.0.0.1:55545 - "POST /mcp HTTP/1.1" 200 OK
[mcp] [08/08/26 02:58:37] INFO     Processing request of type            server.py:733
[mcp]                              CallToolRequest                                    
[supervisor] AI_PLAY received action batch for observation=84
[supervisor] AI_PLAY sending observation=85
[mcp] INFO:     127.0.0.1:55568 - "POST /mcp HTTP/1.1" 200 OK
[mcp] [08/08/26 02:58:52] INFO     Processing request of type            server.py:733
[mcp]                              CallToolRequest                                    
[supervisor] AI_PLAY received action batch for observation=85
[supervisor] AI_PLAY sending observation=86
[mcp] INFO:     127.0.0.1:55674 - "POST /mcp HTTP/1.1" 200 OK
[kimi]   The desk with the teal sign: on the right (x≈0.8). I see the desks with red chairs; teal sign visible near the pillar at (0.72, 0.35)? There's a small teal spot at (0.71, 0.36). Move toward the desks (right side). The glass wall base line runs center; the desks are on my side now (right). Move forward-right toward the desk.Good, moving inside the enclosure (x=2.99 now). The desks are on the right, ~2m. The teal sign: I see a small teal object on the desk at (0.66, 0.36) — a green bottle? And white paper on the desk at (0.63, 0.375). The record might be a document on the desk (white paper). Also earlier the teal C-sign was at this desk cluster's south side. Let me approach the desk on the right and inspect. Move right toward the desk edge.Blocked by the planter on my right (bottom-right white planter). The desks are ahead. Let me move forward (slightly left) toward the desk area — the path ahead looks open. Move forward.Blocked again — I'm pinned at (2.99, 4.48). The planter is on my right and glass on... wait, maybe the glass wall turned: the enclosure's north wall might be at z≈4.48. So I'm in the corner. The desks are to the south-west (left of my current heading). Turn left to face the desks and move.
[kimi] 
[mcp] [08/08/26 02:59:09] INFO     Processing request of type            server.py:733
[mcp]                              CallToolRequest                                    
[supervisor] AI_PLAY received action batch for observation=86
[supervisor] AI_PLAY sending observation=87
[mcp] INFO:     127.0.0.1:55708 - "POST /mcp HTTP/1.1" 200 OK
[kimi] • 在北墙角落被挡，左转面向桌子方向移动。
[kimi] 
[kimi] • Still blocked. I'm stuck in a pocket. There's a white round object on the desk at (0.66, 0.36) — could be the record document. But I can't move forward.
[kimi] 
[kimi]   I'm at the enclosure's north edge (z=4.48) — wait, but the white line on the floor on the LEFT suggests the glass wall is on my left now. And forward is blocked by... the desk? No, desks are 3m ahead-right.
[kimi] 
[kimi]   Hmm, movement blocked even slightly left-forward. Maybe there's a glass panel directly ahead (the enclosure's north wall runs east-west at z≈4.48? no wait, I crossed INTO the enclosure at z=4.8→4.48. If the glass north wall is at z≈4.5, then I'm INSIDE pressed against it. The interior is at z<4.5. Forward (yaw 5.35 ≈ facing -z? or +z?). 
[kimi] 
[kimi]   Ugh. Let me recompute: yaw 0.35 at obs 83 faced the view with CUBICLE AREA on right, hall/stairs on left. Movement forward decreased z (4.84→4.48). So yaw≈0 faces -z. Good: the interior (desks) is at -z... but the desks appeared to my right (west, -x?). At obs 83 right side = west. So desks are west-southwest.
[kimi] 
[kimi]   Currently yaw 5.35, blocked moving forward (south). There's something directly south of me — maybe a desk/planter edge right in front (dark in depth image bottom). The depth shows near ground uniform, but a low object could be there (the white planter extends along the east side...).
[kimi] 
[kimi]   Let me strafe left (west, toward the desks) without forward.
[kimi] 
[mcp] [08/08/26 02:59:35] INFO     Processing request of type            server.py:733
[mcp]                              CallToolRequest                                    
[supervisor] AI_PLAY received action batch for observation=87
[supervisor] AI_PLAY sending observation=88
[mcp] INFO:     127.0.0.1:55765 - "POST /mcp HTTP/1.1" 200 OK
[kimi] • 正前方被挡，向左（朝桌子一侧）横移。
[kimi] 
[kimi] • I moved left (x decreased to 0.95) — wait, that means I crossed back OUT of the glass wall (x<1.53)?? Hmm, at z=4.67, north of the wall's end, so I can be at x<1.53 here. The cubicle area (with CUBICLE AREA sign) is on my right. There's a white round object on the desk at right (0.88, 0.37) and a small green/teal bottle. 
[kimi] 
[kimi]   Honestly, I've spent many steps. Let me reconsider: the cubicle area record — the teal sign was floating above a desk. Now the desks on the right are reachable? The glass wall runs along the white line; at this z (4.67) the wall has ended, so I can walk south along x≈1-3 INSIDE... but when I tried at (2.99, 4.48) I was blocked southward.
[kimi] 
[mcp] [08/08/26 02:59:58] INFO     Processing request of type            server.py:733
[mcp]                              CallToolRequest                                    
[supervisor] AI_PLAY received action batch for observation=88
[supervisor] AI_PLAY sending observation=89
[mcp] INFO:     127.0.0.1:55898 - "POST /mcp HTTP/1.1" 200 OK
[kimi]   New approach: walk south along the wall on the OUTSIDE (x≈1) down to the desk row, then turn right (into the enclosure) at the desk z. The desks start around z≈2.7. Move forward (south) keeping left of the wall.Now at (0.75, 2.69), walking south along the outside of the glass wall (the white line on my right). The desks are behind the glass on my right. I can see a desk with a red chair through the glass at right. Ahead: CEO OFFICE UPSTAIRS and BREAK ROOM signs. 
[kimi] 
[kimi]   I realize the geography: the hall's east side has the glass-enclosed CUBICLE AREA; the hall's west side has LABORATORY, BREAK ROOM, CEO stairs. The ARCHIVE is at the north end (seen at obs 80).
[kimi] 
[kimi]   The glass wall gap was at z≈-4.4 (south end, near MEETING ROOM). I've been there (obs 47, x=2.99). So inside the enclosure at the south end, I need to walk north along the desks to reach the desk with the teal sign at z≈-1.5.
[kimi] 
[kimi]   Alternatively — wait. Reconsider whether the record is even at that desk. The teal sign floats above the desk near the pillar. In obs 68-70, I saw the sign clearly ON the desk at close range (2m). The barrier prevented probing. But actually — the teal sign is likely ABOVE the desk on the INSIDE. Once inside at z≈-4.4, I walked +z? No — at obs 47-49 I was at (2.99, -4.49) and moving toward the desk got blocked by the white rails INSIDE (planter rails around the desk platform).
[kimi] 
[kimi]   Hmm wait, actually at obs 47-49, the blockers were the white rails which are the glass wall base... The desk platform has a raised curb (the white rails are the curb of the raised cubicle platform!). Look at obs 72-73: I was at x=1.53 and could see the desk 2.5m away with NO rail between, but movement blocked at x=1.53 — that's the glass.
[kimi] 
[kimi]   At obs 47 (2.99, -4.49): I was INSIDE (x>1.53) but blocked moving forward (north, -z? yaw -117)... the desk was ahead but blocked by a planter/rail.
[kimi] 
[kimi]   OK. The desk cluster has furniture collision; I need to thread between chairs. Fine. Plan: continue south along the outside to z≈-4.4, enter the gap, then approach the desk from the south side inside. The teal sign was at the desk's west side near the pillar (approx (2.5, -1.5)).
[kimi] 
[kimi]   Actually — better idea: the sign near the pillar — from obs 68 (inside attempt), the sign appeared at desk surface level on the SOUTH desk. Let me just go. Continue forward south.
[kimi] 
[mcp] [08/08/26 03:00:32] INFO     Processing request of type            server.py:733
[mcp]                              CallToolRequest                                    
[supervisor] AI_PLAY received action batch for observation=89
[supervisor] AI_PLAY sending observation=90
[mcp] INFO:     127.0.0.1:56252 - "POST /mcp HTTP/1.1" 200 OK
[kimi] • 继续沿玻璃墙外侧向南走到南端缺口。
[kimi] 
[kimi] • Now at (0.46, -0.36). I see BREAK ROOM (left, NPC inside!), CEO OFFICE UPSTAIRS stairs. The glass wall is on my right (the white curb at right). Continue south to z≈-4.4. Also note the NPC is in the BREAK ROOM.
[kimi] 
[mcp] [08/08/26 03:00:50] INFO     Processing request of type            server.py:733
[mcp]                              CallToolRequest                                    
[supervisor] AI_PLAY received action batch for observation=90
[supervisor] AI_PLAY sending observation=91
[mcp] INFO:     127.0.0.1:56357 - "POST /mcp HTTP/1.1" 200 OK
[mcp] [08/08/26 03:01:09] INFO     Processing request of type            server.py:733
[mcp]                              CallToolRequest                                    
[supervisor] AI_PLAY received action batch for observation=91
[supervisor] AI_PLAY sending observation=92
[mcp] INFO:     127.0.0.1:56453 - "POST /mcp HTTP/1.1" 200 OK
[kimi]   Wait — actually the NPC is inside the BREAK ROOM. Interesting. Continue south.At (0.18, -3.41), passing the stairs on the left. The glass wall gap should be around z≈-4.4. Turn right to face the enclosure and find the gap. Turn right ~40 and move forward.I turned left (yaw -40 → increased to 45.35) and I'm facing the stairs/BREAK ROOM (with NPC standing there). Oops, I meant to turn right. The glass enclosure is to my right (behind). Note: yaw action -40 increased yaw by 40 (to +45.35) — consistent: negative yaw = counterclockwise = turn left.
[kimi] 
[kimi]   Wait, no: at obs 91 yaw was 5.35. Action yaw=-40 → 45.35. So negative yaw = value increases = turned left, and the view shows the stairs which were on my LEFT. Correct.
[kimi] 
[mcp] [08/08/26 03:01:32] INFO     Processing request of type            server.py:733
[mcp]                              CallToolRequest                                    
[supervisor] AI_PLAY received action batch for observation=92
[supervisor] AI_PLAY sending observation=93
[mcp] INFO:     127.0.0.1:56511 - "POST /mcp HTTP/1.1" 200 OK
[mcp] [08/08/26 03:01:49] INFO     Processing request of type            server.py:733
[mcp]                              CallToolRequest                                    
[supervisor] AI_PLAY received action batch for observation=93
[supervisor] AI_PLAY sending observation=94
[mcp] INFO:     127.0.0.1:56611 - "POST /mcp HTTP/1.1" 200 OK
[kimi]   I need to go the other way — turn right to face the enclosure (yaw -34.65 needed roughly, i.e., action +80 total). But also I moved forward into the stair area. Current position (-0.53, -4.04). The glass gap at z≈-4.4 is close. Turn right 45+35 and move forward.Now yaw -34.65, facing roughly southeast... I see the stairs on the left, windows right, and the glass enclosure's white rail on the right edge with a planter. The gap should be near here. Move forward toward the enclosure corner (right side).At (0.74, -4.86). The glass enclosure's planter is on the right. The gap at z≈-4.4 should be right here — I crossed at x=1.53→2.99 at z=-4.49 before. Now turn right to face the enclosure (yaw more negative? I need to face +x = east). Current yaw -34.65. Facing +x corresponds to yaw ≈ -92.65 (from obs 72). So turn right by ~58: actions +45 then +13. Then move forward through the gap.
[kimi] 
[mcp] [08/08/26 03:02:10] INFO     Processing request of type            server.py:733
[mcp]                              CallToolRequest                                    
[supervisor] AI_PLAY received action batch for observation=94
[supervisor] AI_PLAY sending observation=95
[mcp] INFO:     127.0.0.1:56847 - "POST /mcp HTTP/1.1" 200 OK
[kimi] • 右转面向玻璃缺口（朝东），然后进入。
[kimi] 
[kimi] • I crossed to x=1.74 (inside the enclosure, past 1.53). Facing +x (east). I see the planter ahead and the cubicle desks to the right (north). The desk with the teal sign is north-east. Move forward between the planter and desks.
[kimi] 
[mcp] [08/08/26 03:02:28] INFO     Processing request of type            server.py:733
[mcp]                              CallToolRequest                                    
[supervisor] AI_PLAY received action batch for observation=95
[supervisor] AI_PLAY sending observation=96
[mcp] INFO:     127.0.0.1:56925 - "POST /mcp HTTP/1.1" 200 OK
[kimi] • 已进入玻璃区。前方是花池，右侧是办公桌群。向前绕过花池去桌子。
[kimi] 
[kimi] • At (2.99, -4.49) — same spot as obs 47. The planter is directly ahead. The desk with monitors/red chairs is to the right (north). The desk with the teal sign should be further north. Turn right to face north and walk along inside.
[kimi] 
[mcp] [08/08/26 03:02:47] INFO     Processing request of type            server.py:733
[mcp]                              CallToolRequest                                    
[supervisor] AI_PLAY received action batch for observation=96
[supervisor] AI_PLAY sending observation=97
[mcp] INFO:     127.0.0.1:56992 - "POST /mcp HTTP/1.1" 200 OK
[kimi] • 到花池前。右转朝北沿桌子走。
[kimi] 
[kimi] • Now facing yaw 177 (north, +z... wait at spawn yaw 180 faced the hall northward — hmm, at spawn yaw=180 and walking forward increased z from -17.9 to -13. So yaw 180 = +z direction... but then "north"... whatever). I turned and now see: cubicle desks on my left (inside the enclosure), the hall with stairs right, MEETING ROOM ahead. The white line (glass wall base) runs ahead-right — wait, it's on my right now, meaning the glass wall is on my right? But I'm inside (x=2.99>1.53)...
[kimi] 
[kimi]   Hmm, the white line curves from bottom-center to the right — that might be the glass wall corner. Actually I'm inside the enclosure near its south-west corner, facing north along the enclosure's west glass wall (on my left? the desks are on my left at x<... no, desks at left of view).
[kimi] 
[mcp] [08/08/26 03:03:09] INFO     Processing request of type            server.py:733
[mcp]                              CallToolRequest                                    
[supervisor] AI_PLAY received action batch for observation=97
[supervisor] AI_PLAY sending observation=98
[mcp] INFO:     127.0.0.1:57057 - "POST /mcp HTTP/1.1" 200 OK
[kimi]   The desks (left) extend north. The teal sign desk is ahead-left. Walk forward keeping the desks on my left, then turn left to the sign desk.Blocked again! At (2.99, -4.49) facing north — blocked. So there's a wall (the enclosure's south glass wall at z≈-4.49). I'm in the south-west corner pocket INSIDE... no wait, if the south wall is at z=-4.49 and I'm pressed against it facing north, I should be able to move north. Unless the wall is in front (north of me)? 
[kimi] 
[kimi]   Hmm — maybe I'm OUTSIDE the enclosure on the south side, and the enclosure's south wall is at z≈-4.49 in front of me. The gap I used at obs 46-47: I was at (1.67,-4.33)→(2.06,-4.49)→(2.99,-4.49). So at z=-4.49, x from 1.5 to 3 is passable... that suggests the south wall has an opening here, and I'm INSIDE now, but something blocks northward at this exact spot — maybe the planter is just north (the planter at obs 96 was directly ahead when facing east). The planter is at around (3, -4). Moving north from (2.99, -4.49) hits the planter!
[kimi] 
[kimi]   The planter occupies z -4.5 to -3.5 maybe. Go around it: strafe right (east) then north, or left. The desks are to the left (west). The planter between. Let me strafe left first.
[kimi] 
[mcp] [08/08/26 03:03:39] INFO     Processing request of type            server.py:733
[mcp]                              CallToolRequest                                    
[supervisor] AI_PLAY received action batch for observation=98
[supervisor] AI_PLAY sending observation=99
[mcp] INFO:     127.0.0.1:57262 - "POST /mcp HTTP/1.1" 200 OK
[kimi] • 前方是花池。向左横移绕过花池，再向北。
[kimi] 
[kimi] • Totally stuck at (2.99, -4.49) — blocked in all directions except backward. I'm wedged between the planter (north), the south glass wall, and something west. This spot is a dead corner. Move backward (south) to exit, then re-approach.
[kimi] 
[kimi]   Actually wait — at obs 96 I MOVED here from (1.74, -4.83) going east + slightly north with right=0.5, forward=1 at yaw -92.65. That worked. Now facing north (yaw 177) I'm stuck. The planter is probably directly north and also west there's the glass wall... Let me back out: move backward 250, then reassess.
[kimi] 
[mcp] [08/08/26 03:04:01] INFO     Processing request of type            server.py:733
[mcp]                              CallToolRequest                                    
[supervisor] AI_PLAY received action batch for observation=99
[supervisor] AI_PLAY sending observation=100
[mcp] INFO:     127.0.0.1:57329 - "POST /mcp HTTP/1.1" 200 OK
[kimi] • 被卡在角落，先后退撤出。
[kimi] 
[kimi] • Excellent! Now I see clearly: I'm at (2.61, -6.39), south of the planter. The view shows: the cubicle desks to the north (left, with the TEAL SIGN visible at the left desk! x≈0.15, y≈0.35), the planter platform (bottom-left, with STEPS — those white stairs lead UP onto the platform!), the hall with stairs right.
[kimi] 
[kimi]   Key insight: the cubicle area platform is RAISED and has steps on the south side (bottom-left of this view). The glass walls I hit at x=1.53 were the platform's raised edge (too high to walk over). The steps here lead up onto the platform.
[kimi] 
[mcp] [08/08/26 03:04:27] INFO     Processing request of type            server.py:733
[mcp]                              CallToolRequest                                    
[supervisor] AI_PLAY received action batch for observation=100
[supervisor] AI_PLAY sending observation=101
[mcp] INFO:     127.0.0.1:57530 - "POST /mcp HTTP/1.1" 200 OK
[kimi]   The teal sign is on the left desk (west side of the platform). Go up the steps and approach. The steps are at (0.2, 0.65) in view. Move forward-left toward the steps.Now I see the steps ahead (leading up to the platform where the desks are). The teal sign is visible at the desk (x≈0.33, y≈0.35). The steps are center. Move forward up the steps.
[kimi] 
[mcp] [08/08/26 03:04:47] INFO     Processing request of type            server.py:733
[mcp]                              CallToolRequest                                    
[supervisor] AI_PLAY received action batch for observation=101
[supervisor] AI_PLAY sending observation=102
[mcp] INFO:     127.0.0.1:57638 - "POST /mcp HTTP/1.1" 200 OK
[kimi] • 正对台阶，标志在上方桌子。上台阶。
[kimi] 
[kimi] • Moving up (y still 0.80 but on the steps area). The teal sign is at the desk ahead-left (x≈0.34, y≈0.37). The desk with the sign is the left one. Continue forward up the steps.
[kimi] 
[mcp] [08/08/26 03:05:07] INFO     Processing request of type            server.py:733
[mcp]                              CallToolRequest                                    
[supervisor] AI_PLAY received action batch for observation=102
[supervisor] AI_PLAY sending observation=103
[mcp] INFO:     127.0.0.1:57684 - "POST /mcp HTTP/1.1" 200 OK
[kimi] • 继续上台阶走向左侧带标志的桌子。
[kimi] 
[kimi] • I'm up on the platform (y=1.50 now!). The teal sign is on the left desk near the window (x≈0.38, y≈0.45). Approach it.
[kimi] 
[mcp] [08/08/26 03:05:27] INFO     Processing request of type            server.py:733
[mcp]                              CallToolRequest                                    
[supervisor] AI_PLAY received action batch for observation=103
[supervisor] AI_PLAY sending observation=104
[mcp] INFO:     127.0.0.1:57839 - "POST /mcp HTTP/1.1" 200 OK
[kimi] • 已上平台，标志在左侧靠窗桌面。靠近探测。
[kimi] 
[kimi] • Now very close to the desk. The teal sign is at the left desk corner (x≈0.36, y≈0.46). Interactions shown are for the chair (Carry/Sit) — not what I want. Probe the sign.
[kimi] 
[mcp] [08/08/26 03:05:48] INFO     Processing request of type            server.py:733
[mcp]                              CallToolRequest                                    
[supervisor] AI_PLAY received action batch for observation=104
[supervisor] AI_PLAY sending observation=105
[mcp] INFO:     127.0.0.1:57964 - "POST /mcp HTTP/1.1" 200 OK
[kimi] • 很近了，对准左侧青色标志探测（当前提示是椅子的，忽略）。
[kimi] 
[mcp] [08/08/26 03:06:07] INFO     Processing request of type            server.py:733
[mcp]                              CallToolRequest                                    
[supervisor] AI_PLAY received action batch for observation=105
[supervisor] AI_PLAY sending observation=106
[mcp] INFO:     127.0.0.1:58166 - "POST /mcp HTTP/1.1" 200 OK
[kimi] • Probe "aligned" but available interactions still show Carry/Sit (chair). The sign is behind the chair. I need to get closer or the sign interaction is occluded by the chair. The sign is at the desk corner behind the red chair. Let me move left around the chair toward the window side, then probe again.The sign is now at the desk right next to me (x≈0.69, y≈0.54), ~1m away on the desk by the window. Probe it.
[kimi] 
[mcp] [08/08/26 03:06:26] INFO     Processing request of type            server.py:733
[mcp]                              CallToolRequest                                    
[supervisor] AI_PLAY received action batch for observation=106
[supervisor] AI_PLAY sending observation=107
[mcp] INFO:     127.0.0.1:58278 - "POST /mcp HTTP/1.1" 200 OK
[kimi] • 标志就在身旁桌面上，探测。
[kimi] 
[kimi] • Not found again even at ~1m. Hmm. Maybe the sign marks something on the desk — a notebook or document near it. On the desk near the sign I see a small white/grey object (a cup? a notebook?). The desk has items: at (0.71, 0.55) there's the sign; below on the desk surface (0.68, 0.6) there might be a notebook.
[kimi] 
[kimi]   Wait — maybe this sign marks a "readable_notebook" on this desk. The briefing's readable_notebook image was a green notebook. On the desk near the sign I don't see it clearly.
[kimi] 
[kimi]   Alternatively, maybe the sign here isn't the record; the record could be carried by the friendly NPC... The NPC is in the BREAK ROOM now. Hmm, but clue 1/3 said "下一份合同记录位于: CUBICLE AREA" and records are readable objects, not NPCs.
[kimi] 
[kimi]   Let me look down at the desk surface right below the sign. Look down (pitch -30) and probe the desk surface.
[kimi] 
[mcp] [08/08/26 03:06:49] INFO     Processing request of type            server.py:733
[mcp]                              CallToolRequest                                    
[supervisor] AI_PLAY received action batch for observation=107
[supervisor] AI_PLAY sending observation=108
[mcp] INFO:     127.0.0.1:58315 - "POST /mcp HTTP/1.1" 200 OK
[kimi] • 标志在桌角，低头查看桌面是否有文件/本子，并探测。
[kimi] 
[kimi] • Looking down at the desk: the sign floats above the desk at the corner near the window. The desk surface below the sign has a monitor and keyboard, but I don't see a document. The sign itself should be the interactable (like clue 1/3 which was a COGITO hint sign). At clue 1/3, the probe "aligned" when I was ~1m away and aimed at the sign center, then F prompt appeared.
[kimi] 
[mcp] [08/08/26 03:07:11] INFO     Processing request of type            server.py:733
[mcp]                              CallToolRequest                                    
[supervisor] AI_PLAY received action batch for observation=108
[supervisor] AI_PLAY sending observation=109
[mcp] INFO:     127.0.0.1:58469 - "POST /mcp HTTP/1.1" 200 OK
[mcp] [08/08/26 03:07:30] INFO     Processing request of type            server.py:733
[mcp]                              CallToolRequest                                    
[supervisor] AI_PLAY received action batch for observation=109
[supervisor] AI_PLAY sending observation=110
[mcp] INFO:     127.0.0.1:58560 - "POST /mcp HTTP/1.1" 200 OK
[kimi]   The sign is at (0.71, 0.16) now (top right). Look up a bit and probe it directly.The sign is at (0.62, 0.45) now, ~1.2m. Probe directly at it.Still not_found. Strange. Maybe this teal sign is not the record — the record might be a notebook ON one of the desks (e.g., the green notebook I saw at obs 104 on the desk near the right red chair). Recall at obs 104: on the right desk there was a "green notebook"-like object at (0.67, 0.52) area. And briefing's readable_notebook is a green notebook. Let me check the desks: there's a green object visible on the desk at obs 104 right side. Also at obs 103, on the right desk near the right red chair there was a teal/green item.
[kimi] 
[kimi]   Actually in obs 104 image: right desk surface at (0.67, 0.52) shows a greenish rectangular object (notebook!) with a white item on top. And at obs 103 right desk (0.55, 0.38) there was a teal object. That might be the readable notebook = record 2/3.
[kimi] 
[mcp] [08/08/26 03:07:55] INFO     Processing request of type            server.py:733
[mcp]                              CallToolRequest                                    
[supervisor] AI_PLAY received action batch for observation=110
[supervisor] AI_PLAY sending observation=111
[mcp] INFO:     127.0.0.1:58656 - "POST /mcp HTTP/1.1" 200 OK
[kimi]   The notebook is on the right desk (the one closer to the window between the two red chairs). From current position, it's the desk right of me. Let me look at that desk: turn right slightly, look down at the desk surface where the green notebook is.I see the desks: left desk has the teal sign on a small stand at its corner (x≈0.46, y≈0.30). The right desk has a document/paper on it (x≈0.81, y≈0.33 - white flat object) and a black mug. The sign is ON the desk corner — it's a desk-standing sign. The probe at 1.2m failed. Maybe I need to be even closer or aim at its base.
[kimi] 
[kimi]   Actually wait — look at the left desk: the sign sits on the desk corner. Below it might be a notebook. Also there's a small white object on the left desk (0.48, 0.31).
[kimi] 
[mcp] [08/08/26 03:08:17] INFO     Processing request of type            server.py:733
[mcp]                              CallToolRequest                                    
[supervisor] AI_PLAY received action batch for observation=111
[supervisor] AI_PLAY sending observation=112
[mcp] INFO:     127.0.0.1:58833 - "POST /mcp HTTP/1.1" 200 OK
[kimi]   Let me step closer to the left desk corner (the sign). Move forward-left to the desk edge.Now the sign is right in front (x≈0.51, y≈0.35), very close (~0.7m). Probe it.
[kimi] 
[mcp] [08/08/26 03:08:36] INFO     Processing request of type            server.py:733
[mcp]                              CallToolRequest                                    
[supervisor] AI_PLAY received action batch for observation=112
[supervisor] AI_PLAY sending observation=113
[mcp] INFO:     127.0.0.1:58909 - "POST /mcp HTTP/1.1" 200 OK
[kimi] • 标志就在眼前，探测。
[kimi] 
[kimi] • "读取合同线索 2/3 / Read clue 2/3" — interact!
[kimi] 
[mcp] [08/08/26 03:08:55] INFO     Processing request of type            server.py:733
[mcp]                              CallToolRequest                                    
[supervisor] AI_PLAY received action batch for observation=113
[supervisor] AI_PLAY sending observation=114
[mcp] INFO:     127.0.0.1:59055 - "POST /mcp HTTP/1.1" 200 OK
[kimi] • 出现“读取合同线索 2/3”，读取。
[kimi] 
[mcp] [08/08/26 03:09:17] INFO     Processing request of type            server.py:733
[mcp]                              CallToolRequest                                    
[supervisor] AI_PLAY received action batch for observation=114
[supervisor] AI_PLAY sending observation=115
[mcp] INFO:     127.0.0.1:59163 - "POST /mcp HTTP/1.1" 200 OK
[kimi] • Clue 2/3: 版本代码 42 (VV). Final record (3/3): BREAK ROOM. Briefing says BREAK ROOM record is a physical document on top of the TV cabinet. The NPC was in the break room. Close UI and head to BREAK ROOM (west side of hall, near the stairs).Now head to BREAK ROOM. It's on the west side of the hall near the stairs (saw it at obs 90-92, with the NPC inside). I need to: get off the platform (down the steps on the south side), cross the hall west to the BREAK ROOM.
[kimi] 
[kimi]   Current position (7.36, -2.04), on platform (y=1.30). The steps were on the south side (z≈-5). Turn around and head south to the steps, then west across the hall to the BREAK ROOM (which was around x≈-1.5, z≈-3.5 based on obs 92 view).
[kimi] 
[kimi]   Actually from obs 90: BREAK ROOM was at the west side at z≈-1 to -3. Let me turn around (face south, yaw ≈ 0) — currently yaw -176. Turn 180: two looks of ±45 won't be enough; do 45*4? Do batches of two. Turn right +45 twice = yaw -176-90 = -266 → 93.7. Hmm I want yaw ≈ 0 or ±180... 
[kimi] 
[mcp] [08/08/26 03:09:45] INFO     Processing request of type            server.py:733
[mcp]                              CallToolRequest                                    
[supervisor] AI_PLAY received action batch for observation=115
[supervisor] AI_PLAY sending observation=116
[mcp] INFO:     127.0.0.1:59276 - "POST /mcp HTTP/1.1" 200 OK
[kimi]   Simplest: turn right 45 four times (two batches) to face yaw ≈ -176-180 = -356 → 3.7 ≈ facing -z (south). Then walk south off the platform via steps, continue to break room.Now facing east-ish (yaw 93.7): I see LABORATORY ahead (center), CEO OFFICE UPSTAIRS stairs (right of center), and BREAK ROOM on the right edge! The BREAK ROOM is at the east side near the stairs?? Wait — "BREAK RO..." sign at right edge on the white building. Hmm, earlier I thought BREAK ROOM was on the west side. Actually from obs 90 the BREAK ROOM appeared on the left when walking south at x≈0.5 — that would be the west side of the hall. But now facing east from the platform (x=7.36), BREAK ROOM appears at right... 
[kimi] 
[kimi]   Wait, yaw 93.7 — which direction is that? From obs 115 yaw -176.3, +90 → -86.3? But reported 93.69. So the two +45s gave -176.3 - 90 = -266.3 → +93.7. OK so +yaw decreased the value (mod 360). So positive yaw = turning right = decreasing value. Fine.
[kimi] 
[kimi]   The view: LABORATORY center — the lab is at (-9, 0). So I'm facing west-ish toward the lab. Good. BREAK ROOM at right edge. The break room per obs 90-92 is at around (-1, -3). From (7.36, -2.04), that's west-southwest. Turn right slightly to center the BREAK ROOM. Turn right ~25.
[kimi] 
[mcp] [08/08/26 03:10:13] INFO     Processing request of type            server.py:733
[mcp]                              CallToolRequest                                    
[supervisor] AI_PLAY received action batch for observation=116
[supervisor] AI_PLAY sending observation=117
[mcp] INFO:     127.0.0.1:59443 - "POST /mcp HTTP/1.1" 200 OK
[kimi] • 看到 LABORATORY 在正前方、BREAK ROOM 在右侧。右转对准 BREAK ROOM 后前进。
[kimi] 
[mcp] [08/08/26 03:10:35] INFO     Processing request of type            server.py:733
[mcp]                              CallToolRequest                                    
[supervisor] AI_PLAY received action batch for observation=117
[supervisor] AI_PLAY sending observation=118
[mcp] INFO:     127.0.0.1:59563 - "POST /mcp HTTP/1.1" 200 OK
[kimi] • Now I can see the layout clearly: LABORATORY (left), CEO OFFICE UPSTAIRS (center stairs), BREAK ROOM (center-right, at the base of the white building, door visible with "BREAK ROOM" text). Also CEO OFFICE sign top. I'm still on the platform (y=1.30). The platform edge is ahead (the white curb). I need to get down. Walk forward toward the BREAK ROOM; find where the platform ends/steps. Move forward.Walking on the platform toward its west edge (white curb ahead). BREAK ROOM door is ahead-right on the white building. Continue forward; the platform edge has a drop — steps? There's a white curb; I may walk off and drop (small drop, safe). Continue forward.
[kimi] 
[mcp] [08/08/26 03:10:56] INFO     Processing request of type            server.py:733
[mcp]                              CallToolRequest                                    
[supervisor] AI_PLAY received action batch for observation=118
[supervisor] AI_PLAY sending observation=119
[mcp] INFO:     127.0.0.1:59690 - "POST /mcp HTTP/1.1" 200 OK
[kimi] • 继续向前，越过平台边沿走向 BREAK ROOM。
[kimi] 
[mcp] [08/08/26 03:11:17] INFO     Processing request of type            server.py:733
[mcp]                              CallToolRequest                                    
[supervisor] AI_PLAY received action batch for observation=119
[supervisor] AI_PLAY sending observation=120
[mcp] INFO:     127.0.0.1:59739 - "POST /mcp HTTP/1.1" 200 OK
[kimi] • BREAK ROOM door is on the right (open doorway with counter inside, green bottles visible). I'm still at y=1.30 (on the platform?). Actually the platform extends here. The BREAK ROOM entrance is at ground level ahead-right. Continue forward-right.I'm at ground level now (y=0.80), next to the stairs, BREAK ROOM door is on the right (visible doorway with counter). Turn right toward the break room entrance and enter.
[kimi] 
[mcp] [08/08/26 03:11:39] INFO     Processing request of type            server.py:733
[mcp]                              CallToolRequest                                    
[supervisor] AI_PLAY received action batch for observation=120
[supervisor] AI_PLAY sending observation=121
[mcp] INFO:     127.0.0.1:59800 - "POST /mcp HTTP/1.1" 200 OK
[kimi] • 已到地面，BREAK ROOM 入口在右侧。右转进入。
[kimi] 
[kimi] • I see the BREAK ROOM entrance ahead (the doorway at center-left with the counter inside) and a teal sign visible in the far doorway ahead (that's the task card area? no — it's at (0.78, 0.33), in a doorway at the far end — that might be the spawn area door). The BREAK ROOM door is at (0.62, 0.35) with "BREAK..." sign above. Move toward it.
[kimi] 
[mcp] [08/08/26 03:12:01] INFO     Processing request of type            server.py:733
[mcp]                              CallToolRequest                                    
[supervisor] AI_PLAY received action batch for observation=121
[supervisor] AI_PLAY sending observation=122
[mcp] INFO:     127.0.0.1:59923 - "POST /mcp HTTP/1.1" 200 OK
[kimi] • BREAK ROOM 入口在正前方。走近进入。
[kimi] 
[kimi] • I'm at the BREAK ROOM doorway (the door is at my right, x≈0.62). Turn right to face into the break room and enter.
[kimi] 
[mcp] [08/08/26 03:12:21] INFO     Processing request of type            server.py:733
[mcp]                              CallToolRequest                                    
[supervisor] AI_PLAY received action batch for observation=122
[supervisor] AI_PLAY sending observation=123
[mcp] INFO:     127.0.0.1:60123 - "POST /mcp HTTP/1.1" 200 OK
[kimi] • 到门口了，右转进入 BREAK ROOM。
[kimi] 
[kimi] • I'm inside the BREAK ROOM: fridge, counter with microwave, green bottles, a table with a pizza/key? (orange object on the counter — looks like the pickup_key image! a key on the counter at left). The briefing says the BREAK ROOM record is a physical document ON TOP OF THE TV CABINET. I don't see a TV here — there's a counter, fridge, microwave. The TV might be in another part of the break room. Also there was an NPC here earlier. Turn left to see the rest of the room.
[kimi] 
[mcp] [08/08/26 03:12:43] INFO     Processing request of type            server.py:733
[mcp]                              CallToolRequest                                    
[supervisor] AI_PLAY received action batch for observation=123
[supervisor] AI_PLAY sending observation=124
[mcp] INFO:     127.0.0.1:60195 - "POST /mcp HTTP/1.1" 200 OK
[kimi] • 进入 BREAK ROOM，看到冰箱、台面。左转查看房间其余部分找电视柜。
[kimi] 
[kimi] • Hmm, turning left (yaw=-45) increased yaw to 38.69 — wait, from -6.31, -45 → +38.69? -6.31 + 45 = 38.69. So negative yaw = +value = turn left. Confirmed again.
[kimi] 
[kimi]   I see: the break room interior with a dining table (left), fridge, counter. On the right edge there's a glass door with a teal sign beyond it (that's outside — the hall). The TV cabinet — not visible yet. The room extends further left. Walk in and look. Move forward-left into the room.
[kimi] 
[mcp] [08/08/26 03:13:07] INFO     Processing request of type            server.py:733
[mcp]                              CallToolRequest                                    
[supervisor] AI_PLAY received action batch for observation=124
[supervisor] AI_PLAY sending observation=125
[mcp] INFO:     127.0.0.1:60284 - "POST /mcp HTTP/1.1" 200 OK
[kimi] • 看到餐桌、冰箱、台面。深入房间找电视柜，向前左移动。
[kimi] 
[kimi] • Now I see the break room: pink sofas, a TV stand with a screen (left, black TV cabinet with a screen showing a red/green image and a green button panel?), dining table, fridge, kitchen counter. The TV cabinet is the black unit on the left. The record document should be ON TOP of the TV cabinet. Approach it.
[kimi] 
[mcp] [08/08/26 03:13:28] INFO     Processing request of type            server.py:733
[mcp]                              CallToolRequest                                    
[supervisor] AI_PLAY received action batch for observation=125
[supervisor] AI_PLAY sending observation=126
[mcp] INFO:     127.0.0.1:60415 - "POST /mcp HTTP/1.1" 200 OK
[kimi] • 看到左侧黑色电视柜。走近查看柜顶的文件。
[kimi] 
[kimi] • The TV cabinet (black unit with screen) is on the left. The record document is on TOP of it. Walk to it and look at its top surface. Move left-forward.
[kimi] 
[mcp] [08/08/26 03:13:50] INFO     Processing request of type            server.py:733
[mcp]                              CallToolRequest                                    
[supervisor] AI_PLAY received action batch for observation=126
[supervisor] AI_PLAY sending observation=127
[mcp] INFO:     127.0.0.1:60507 - "POST /mcp HTTP/1.1" 200 OK
[kimi] • 走向电视柜，准备查看柜顶。
[kimi] 
[kimi] • The TV cabinet is on the left (vending-like machine with screen showing watermelon, "In Stock" sign). Wait — that looks like a VENDING machine, not a TV cabinet. Hmm. The briefing said the BREAK ROOM record is on the TV cabinet top. This black unit might be the TV cabinet. Its top is high. Let me get close and look up at its top. Also, there's a paper bag on the dining table.
[kimi] 
[kimi]   Approach the black unit and look up at its top surface.
[kimi] 
[mcp] [08/08/26 03:14:18] INFO     Processing request of type            server.py:733
[mcp]                              CallToolRequest                                    
[supervisor] AI_PLAY received action batch for observation=127
[supervisor] AI_PLAY sending observation=128
[mcp] INFO:     127.0.0.1:60734 - "POST /mcp HTTP/1.1" 200 OK
[kimi] • 靠近左侧黑色柜机，抬头查看柜顶。
[kimi] 
[kimi] • This is a vending machine ("In Stock", watermelon image) — not a TV cabinet. The TV cabinet must be elsewhere. Recall obs 10: BREAK ROOM had a counter with a TV on it (a small TV on a dark cabinet at the break room entrance, obs 10 right side showed "BREAK..." with a TV on a stand inside). Also obs 119: BREAK ROOM entrance with counter inside. The TV cabinet is probably near the entrance (the dark cabinet with the TV I saw at obs 10 and obs 119).
[kimi] 
[kimi]   Also NPC: the NPC was near the pink sofa earlier (obs 92). The NPC isn't visible now.
[kimi] 
[kimi]   Let me turn around and check the area near the entrance — the TV stand with TV. Turn around and look.
[kimi] 
[mcp] [08/08/26 03:14:42] INFO     Processing request of type            server.py:733
[mcp]                              CallToolRequest                                    
[supervisor] AI_PLAY received action batch for observation=128
[supervisor] AI_PLAY sending observation=129
[mcp] INFO:     127.0.0.1:60863 - "POST /mcp HTTP/1.1" 200 OK
[kimi] • 这是售货机而非电视柜。电视柜应在入口附近。转身查看。
[kimi] 
[kimi] • This side: fridge, kitchen counter, a window on the dark wall. A table (pink) at right edge. No TV here. Turn more right to look at the remaining wall.
[kimi] 
[mcp] [08/08/26 03:15:04] INFO     Processing request of type            server.py:733
[mcp]                              CallToolRequest                                    
[supervisor] AI_PLAY received action batch for observation=129
[supervisor] AI_PLAY sending observation=130
[mcp] INFO:     127.0.0.1:60919 - "POST /mcp HTTP/1.1" 200 OK
[kimi] • 继续右转查看剩余墙面。
[kimi] 
[kimi] • Now I see: a bar counter with a key (orange key on the bar!), a stool, and on the right a long dark cabinet with a TV/monitor on it (x≈0.66, y≈0.52 — dark object on the cabinet). That's the TV cabinet! The record document should be on top of that cabinet. Approach the cabinet on the right.
[kimi] 
[mcp] [08/08/26 03:15:28] INFO     Processing request of type            server.py:733
[mcp]                              CallToolRequest                                    
[supervisor] AI_PLAY received action batch for observation=130
[supervisor] AI_PLAY sending observation=131
[mcp] INFO:     127.0.0.1:61045 - "POST /mcp HTTP/1.1" 200 OK
[kimi] • 右侧长柜上有个显示器/电视，那就是电视柜。走近查看柜顶。
[kimi] 
[kimi] • On the right cabinet there's a coffee machine (dark object) and a white cup. The "TV" — hmm, this dark object at (0.66, 0.55) looks like a coffee machine. The counter top also has a thin white object (a document?) at the right end (0.83, 0.60). Let me look along the cabinet to the right.
[kimi] 
[mcp] [08/08/26 03:15:52] INFO     Processing request of type            server.py:733
[mcp]                              CallToolRequest                                    
[supervisor] AI_PLAY received action batch for observation=131
[supervisor] AI_PLAY sending observation=132
[mcp] INFO:     127.0.0.1:61208 - "POST /mcp HTTP/1.1" 200 OK
[kimi] • 右侧柜台上似乎有白色细长物体（文件？）。沿柜台向右查看。
[kimi] 
[kimi] • The cabinet (curved counter) has a coffee machine and cup. On the countertop there's a thin white line (could be a document lying flat). The briefing said "BREAK ROOM 的记录是电视柜顶面的实体文件". This dark cabinet might be the "TV cabinet" — the coffee machine sits on it though. Maybe the document is on top of this counter. The white thin object on the counter at (0.55, 0.51)? Let me probe the counter top near the coffee machine.
[kimi] 
[mcp] [08/08/26 03:16:17] INFO     Processing request of type            server.py:733
[mcp]                              CallToolRequest                                    
[supervisor] AI_PLAY received action batch for observation=132
[supervisor] AI_PLAY sending observation=133
[mcp] INFO:     127.0.0.1:61480 - "POST /mcp HTTP/1.1" 200 OK
[kimi] • 柜台面上有疑似平放文件。对准台面探测。
[kimi] 
[kimi] • Not found. Hmm. Where's the TV? Recall obs 10 (early): BREAK ROOM visible from outside had "a TV on a dark stand" inside the entrance. And obs 119 view: BREAK ROOM entrance with counter; inside at obs 123 there was the counter with pizza/key, fridge, microwave. The TV cabinet with TV was visible at obs 10: "BREAK ROOM... TV on stand". Looking at obs 125: to the far left near the pink sofa there was the black unit (vending machine). 
[kimi] 
[kimi]   Wait — at obs 123, through the doorway at the left side, there was a glimpse. Let me recheck obs 10: inside BREAK ROOM there was a desk/cabinet with a TV (screen) at the right side of the room near the entrance. At obs 131 right end of the curved cabinet... the coffee machine IS on the cabinet. Maybe the TV is the black object — no.
[kimi] 
[kimi]   Let me look at the pink sofa area — maybe there's a TV on a cabinet facing the sofas. Turn around (the sofas face... the vending machine? sofas usually face a TV). The pink sofas at obs 125 faced south-east (toward the kitchen). Hmm.
[kimi] 
[kimi]   Actually — remember obs 92: inside BREAK ROOM I saw the NPC and a pink sofa, plus a dark TV on a stand ("dark rectangle on a cabinet") at the wall. In obs 92 the dark object at (0.52, 0.35) area was a TV on a stand near the door.
[kimi] 
[kimi]   Let me systematically scan: turn left to look at the remaining part of the room (the wall to the left of the entrance).
[kimi] 
[mcp] [08/08/26 03:16:54] INFO     Processing request of type            server.py:733
[mcp]                              CallToolRequest                                    
[supervisor] AI_PLAY received action batch for observation=133
[supervisor] AI_PLAY sending observation=134
[mcp] INFO:     127.0.0.1:61550 - "POST /mcp HTTP/1.1" 200 OK
[kimi] • 继续扫描房间，左转查看入口旁的墙。
[kimi] 
[kimi] • There's a teal sign visible through the window/opening on the left wall (x≈0.26, y≈0.38) — it's in the adjacent area (through a window). Also the bar with burgers. Hmm, that teal sign is outside this room (through the window in the dark wall). 
[kimi] 
[kimi]   The record 3/3 is "实体文件 on 电视柜顶面". The TV cabinet — maybe the dark curved counter with the coffee machine IS the cabinet and the file is on it, but I need to look more carefully — maybe the file is at the far right end of the counter. Let me walk along the counter to the right end and look down at the surface.
[kimi] 
[mcp] [08/08/26 03:17:28] INFO     Processing request of type            server.py:733
[mcp]                              CallToolRequest                                    
[supervisor] AI_PLAY received action batch for observation=134
[supervisor] AI_PLAY sending observation=135
[mcp] INFO:     127.0.0.1:61691 - "POST /mcp HTTP/1.1" 200 OK
[kimi] • 左侧窗里看到另一个青色标志（在隔壁）。先仔细检查右侧长柜台面右端。
[kimi] 
[kimi] • The cabinet (dark curved TV stand) has a coffee machine and a cup on top. There's a thin white/grey flat object on the counter near the coffee machine at (0.56, 0.47). That could be the document. Get closer and look down at it. Move toward the counter.
[kimi] 
[mcp] [08/08/26 03:17:52] INFO     Processing request of type            server.py:733
[mcp]                              CallToolRequest                                    
[supervisor] AI_PLAY received action batch for observation=135
[supervisor] AI_PLAY sending observation=136
[mcp] INFO:     127.0.0.1:61782 - "POST /mcp HTTP/1.1" 200 OK
[kimi] • 柜台上咖啡机旁有个扁平物体。走近查看。
[kimi] 
[kimi] • There's an "Open" prompt for the cabinet drawer. But I need the document on TOP of the TV cabinet. The counter top shows a coffee machine, a cup... The thin flat object behind the coffee machine at the back of the counter could be a document. Let me look at the counter top from above. Actually the "Open" is for the drawer — the record is supposed to be ON TOP. Let me probe the countertop near the back edge where the flat object is (0.5, 0.15) region.
[kimi] 
[mcp] [08/08/26 03:18:23] INFO     Processing request of type            server.py:733
[mcp]                              CallToolRequest                                    
[supervisor] AI_PLAY received action batch for observation=136
[supervisor] AI_PLAY sending observation=137
[mcp] INFO:     127.0.0.1:62054 - "POST /mcp HTTP/1.1" 200 OK
[kimi] • 出现抽屉 Open 提示，但记录应在柜顶。对准柜顶后缘的扁平物探测。
[kimi] 
[kimi] • Probe "aligned" but no interaction available shown... The camera turned slightly. Available interactions is empty now. The probe aligned to something but nothing listed? Odd. Maybe it aligned to the drawer "Open" which requires F. Let me interact — F would open the drawer. But the record should be ON TOP of the TV cabinet. Hmm, but wait: maybe THIS cabinet isn't the TV cabinet. The TV might be on top of the dark cabinet near the entrance (the one I saw from outside at obs 10 with a TV on it). Actually — obs 10 showed: BREAK ROOM door with "a counter and a TV on a dark stand" — that dark stand with the TV is the cabinet right at the entrance (visible at obs 119/122 right at the door). 
[kimi] 
[kimi]   Actually looking at obs 122: right at the BREAK ROOM door, inside, there was a dark cabinet with a black TV on top (at x≈0.62). Yes! That's the TV cabinet. It's near the entrance on the east side. Let me go back to the entrance. The entrance is to my right (the doorway at right side of obs 137). 
[kimi] 
[kimi]   Actually wait — in obs 131/135, the curved cabinet is here. The doorway to the right leads out. The TV cabinet with the TV on top was visible at obs 122 right at the door. Let me move through and check.
[kimi] 
[mcp] [08/08/26 03:18:59] INFO     Processing request of type            server.py:733
[mcp]                              CallToolRequest                                    
[supervisor] AI_PLAY received action batch for observation=137
[supervisor] AI_PLAY sending observation=138
[mcp] INFO:     127.0.0.1:62196 - "POST /mcp HTTP/1.1" 200 OK
[kimi] • 探测对准了但无可用交互（可能是抽屉）。电视柜应在入口旁。回到入口处查看。
[kimi] 
[kimi] • I see the coffee machine on the cabinet right. The door ahead leads to the hall (sofas, windows). Wait — this is the hall outside the break room? The blue sofas and coffee table... this is the lounge area of the hall (near the windows). Hmm, actually the BREAK ROOM might connect.
[kimi] 
[kimi]   I'm confused about which room I'm in. Current (-1.37, -9.72). The door ahead (left) leads to the hall lounge. 
[kimi] 
[kimi]   Let me reconsider: the record 3/3 = document on the TV cabinet top. I saw at obs 123 a dark TV-like object: at obs 123, on the left counter, there was an orange KEY. Hmm.
[kimi] 
[kimi]   Actually — remember the task description in obs 92: inside BREAK ROOM there was a TV on a dark cabinet near the pink sofa (at the wall between the door and the sofa). Let me go back into the main break room area (behind me) and check the dark cabinet near the pink sofa/entrance.
[kimi] 
[kimi]   Turn around.
[kimi] 
[mcp] [08/08/26 03:19:31] INFO     Processing request of type            server.py:733
[mcp]                              CallToolRequest                                    
[supervisor] AI_PLAY received action batch for observation=138
[supervisor] AI_PLAY sending observation=139
[mcp] INFO:     127.0.0.1:62265 - "POST /mcp HTTP/1.1" 200 OK
[kimi] • 这边是通大厅的门。回身检查休息室内粉色沙发旁的深色柜子。
[kimi] 
[kimi] • I turned around (yaw 160.6) and moved, but now facing a dark wall corner and the countertop. The doorway on the right leads out to the hall (white wall beyond). I'm facing the counter top — there's a dark thin object on the counter at left (0.2, 0.68)? That's the back-splash. Hmm.
[kimi] 
[kimi]   Let me step back and look at the room from a distance to find the TV. Move backward and look around.
[kimi] 
[mcp] [08/08/26 03:19:55] INFO     Processing request of type            server.py:733
[mcp]                              CallToolRequest                                    
[supervisor] AI_PLAY received action batch for observation=139
[supervisor] AI_PLAY sending observation=140
[mcp] INFO:     127.0.0.1:62306 - "POST /mcp HTTP/1.1" 200 OK
[kimi] • 退后并环视房间找电视机。
[kimi] 
[kimi] • I see through the doorway on the left: outside in the hall there's a structure with a monitor/TV (dark screen on a stand at (0.17, 0.45)). Hmm that's outside (the hall platform with monitors?). 
[kimi] 
[kimi]   Wait — actually that looks like the raised platform desk with monitors in the hall (the one near the cubicle area). Not relevant.
[kimi] 
[kimi]   Let me think about where the TV cabinet is in the BREAK ROOM. From obs 10 (outside view through the BREAK ROOM door): there was a TV on a dark stand immediately inside the door on the right side. At obs 122, at the door, to the left inside was the counter with stools... 
[kimi] 
[kimi]   Actually, look at obs 92: inside break room, NPC, pink sofa, and a dark cabinet with what looked like a TV at (0.52, 0.35) — that was near the door on the west side.
[kimi] 
[kimi]   And obs 123 (entering): the counter area with fridge, microwave, and on the LEFT counter an orange key/pizza. Obs 125: vending machine, pink sofa, dining table. Obs 130: bar counter with stools (burgers on it), curved cabinet with coffee machine.
[kimi] 
[kimi]   I've covered most of the room. The TV cabinet — maybe it's the small dark cabinet near the pink sofa (obs 92). Let me go there. The sofa area is behind me (south part of the room). Turn around and head toward the pink sofa.
[kimi] 
[mcp] [08/08/26 03:20:33] INFO     Processing request of type            server.py:733
[mcp]                              CallToolRequest                                    
[supervisor] AI_PLAY received action batch for observation=140
[supervisor] AI_PLAY sending observation=141
[mcp] INFO:     127.0.0.1:62580 - "POST /mcp HTTP/1.1" 200 OK
[kimi] • 去粉色沙发附近查看。转身向南。
[kimi] 
[kimi] • Now I see: a TV on a light wooden TV cabinet (left, x≈0.46), the NPC standing nearby, pink sofa, vending machine. The TV cabinet is the light wooden stand under the TV. The record document should be on top of that cabinet. Approach it.
[kimi] 
[mcp] [08/08/26 03:20:57] INFO     Processing request of type            server.py:733
[mcp]                              CallToolRequest                                    
[supervisor] AI_PLAY received action batch for observation=141
[supervisor] AI_PLAY sending observation=142
[mcp] INFO:     127.0.0.1:62687 - "POST /mcp HTTP/1.1" 200 OK
[kimi] • 找到电视柜（左侧木质柜子+电视），NPC 也在旁边。走近查看柜顶文件。
[kimi] 
[kimi] • The TV cabinet with TV is ahead-left (TV shows a target/spiral logo). The cabinet door is open. The record should be a document on TOP of the TV cabinet. The cabinet top is partially visible. NPC stands to the right. Let me approach the cabinet and look at its top.
[kimi] 
[mcp] [08/08/26 03:21:24] INFO     Processing request of type            server.py:733
[mcp]                              CallToolRequest                                    
[supervisor] AI_PLAY received action batch for observation=142
[supervisor] AI_PLAY sending observation=143
[mcp] INFO:     127.0.0.1:62946 - "POST /mcp HTTP/1.1" 200 OK
[kimi] • 电视柜在左前方，柜顶应有文件。走近查看柜顶。
[kimi] 
[mcp] [08/08/26 03:21:48] INFO     Processing request of type            server.py:733
[mcp]                              CallToolRequest                                    
[supervisor] AI_PLAY received action batch for observation=143
[supervisor] AI_PLAY sending observation=144
[mcp] INFO:     127.0.0.1:63008 - "POST /mcp HTTP/1.1" 200 OK
[mcp] [08/08/26 03:22:16] INFO     Processing request of type            server.py:733
[mcp]                              CallToolRequest                                    
[supervisor] AI_PLAY received action batch for observation=144
[supervisor] AI_PLAY sending observation=145
[mcp] INFO:     127.0.0.1:63342 - "POST /mcp HTTP/1.1" 200 OK
[kimi] • I'm at the TV cabinet. On top: TV, and a small object next to the TV at (0.51, 0.45) — looks like a small item (could be a document?). Also something in the open cabinet (a white triangle — document inside?). The record is supposed to be ON TOP of the TV cabinet. There's a small blue/grey object on the top right of the cabinet (0.51, 0.45). Probe it.Not found at the cabinet top right corner. Hmm. Maybe the document is on the LEFT side of the TV cabinet top, or on the TV stand surface near the wall. Let me move left along the cabinet front and look at the top from above. Also could talk to the NPC for a hint. Let me first scan the cabinet top: move left a bit, look down-left.I moved left past the cabinet; now looking down at the cabinet from the left side. The cabinet top is visible at right (with TV). I see a small white object on the cabinet top surface at (0.95, 0.81)? That's near the open door. Hmm.
[kimi] 
[kimi]   Actually — maybe the document is INSIDE the open cabinet? Briefing says "电视柜顶面" (top surface). The white triangle inside the cabinet at obs 143 could be a document too, but briefing says top.
[kimi] 
[kimi]   Let me get a better top-down view: step back a bit and look down at the cabinet top.
[kimi] 
[mcp] [08/08/26 03:22:43] INFO     Processing request of type            server.py:733
[mcp]                              CallToolRequest                                    
[supervisor] AI_PLAY received action batch for observation=145
[supervisor] AI_PLAY sending observation=146
[mcp] INFO:     127.0.0.1:63373 - "POST /mcp HTTP/1.1" 200 OK
[kimi] • 退后一步俯视柜顶。
[kimi] 
[kimi] • Looking down at the floor. The cabinet top with the TV is at top-left (0.5, 0.1). The cabinet has the TV on top; I see the top surface partially. On top there's the TV base and maybe a small item. Also there are white rectangles (papers?) on the floor near the cabinet door (0.67, 0.28 - white card on the floor?) — that white rectangle at (0.67, 0.29) could be a document on the cabinet door/floor.
[kimi] 
[mcp] [08/08/26 03:23:10] INFO     Processing request of type            server.py:733
[mcp]                              CallToolRequest                                    
[supervisor] AI_PLAY received action batch for observation=146
[supervisor] AI_PLAY sending observation=147
[mcp] INFO:     127.0.0.1:63449 - "POST /mcp HTTP/1.1" 200 OK
[kimi]   Hmm — maybe the document is ON the open cabinet door (lying flat)? The open door has a white rectangle. Let me look at that: the white rect at (0.67, 0.28). Probe it.Not found. Maybe I should ask the NPC for a hint — the friendly NPC is right here and could point to the record location. Let me talk to the NPC (probe the NPC).
[kimi] 
[mcp] [08/08/26 03:23:35] INFO     Processing request of type            server.py:733
[mcp]                              CallToolRequest                                    
[supervisor] AI_PLAY received action batch for observation=147
[supervisor] AI_PLAY sending observation=148
[mcp] INFO:     127.0.0.1:63490 - "POST /mcp HTTP/1.1" 200 OK
[kimi] • 找不到文件。问问旁边的 NPC 获取提示。
[kimi] 
[kimi] • Probe aligned on... the camera turned toward the NPC (now centered at 0.5, 0.4). But available_interactions is empty. The NPC is ~1.5m away. Also, I notice the TV cabinet top at left — the TV on the cabinet, and I can see the top surface partially. There's a small object on the cabinet top at (0.32, 0.30)? Hard to tell.
[kimi] 
[kimi]   Let me step closer to the NPC and probe again for a talk prompt.
[kimi] 
[mcp] [08/08/26 03:23:59] INFO     Processing request of type            server.py:733
[mcp]                              CallToolRequest                                    
[supervisor] AI_PLAY received action batch for observation=148
[supervisor] AI_PLAY sending observation=149
[mcp] INFO:     127.0.0.1:63659 - "POST /mcp HTTP/1.1" 200 OK
[kimi] • 探测对准了 NPC 但无提示，走近一步再探。
[kimi] 
[mcp] [08/08/26 03:24:25] INFO     Processing request of type            server.py:733
[mcp]                              CallToolRequest                                    
[supervisor] AI_PLAY received action batch for observation=149
[supervisor] AI_PLAY sending observation=150
[mcp] INFO:     127.0.0.1:63895 - "POST /mcp HTTP/1.1" 200 OK
[kimi] • "Talk" prompt with H. Voss. Also I notice on the TV cabinet top (left, 0.28, 0.31) there's a small white/grey rectangle — could be the document! And inside the cabinet there's a blue item. Let me first talk to the NPC for a hint.NPC says: "The LUMEN contract is in the CEO office drawer. The Archive boxes only have old packaging." — That's flavor, not the record location. But it confirms the CEO OFFICE has a drawer. Not directly needed — my record 3/3 is here in the BREAK ROOM on the TV cabinet top.
[kimi] 
[mcp] [08/08/26 03:24:52] INFO     Processing request of type            server.py:733
[mcp]                              CallToolRequest                                    
[supervisor] AI_PLAY received action batch for observation=150
[supervisor] AI_PLAY sending observation=151
[mcp] INFO:     127.0.0.1:63990 - "POST /mcp HTTP/1.1" 200 OK
[kimi]   I see on the TV cabinet top (left) there's a small white rectangle at (0.30, 0.31) — next to the TV base. Let me probe that. Move closer to the cabinet top first.Now I see the TV cabinet top: the TV, and a WHITE DOCUMENT on the top at (0.47, 0.20)! There's a white flat item on the cabinet top near the TV. Also "Close" prompt for the cabinet door. Let me probe the white document on the cabinet top.
[kimi] 
[mcp] [08/08/26 03:25:20] INFO     Processing request of type            server.py:733
[mcp]                              CallToolRequest                                    
[supervisor] AI_PLAY received action batch for observation=151
[supervisor] AI_PLAY sending observation=152
[mcp] INFO:     127.0.0.1:64139 - "POST /mcp HTTP/1.1" 200 OK
[kimi] • 柜顶电视旁有一份白色文件！对准探测。
[kimi] 
[kimi] • Not found again. The document on the cabinet top is at the back edge (0.47, 0.20 was close to the TV). Maybe I need to get closer/stand right in front of the cabinet. I'm 1m away. Let me step closer to the cabinet and look down at the document, then probe.
[kimi] 
[mcp] [08/08/26 03:25:44] INFO     Processing request of type            server.py:733
[mcp]                              CallToolRequest                                    
[supervisor] AI_PLAY received action batch for observation=152
[supervisor] AI_PLAY sending observation=153
[mcp] INFO:     127.0.0.1:64227 - "POST /mcp HTTP/1.1" 200 OK
[kimi] • 再贴近柜子一点，俯视文件后探测。
[kimi] 
[kimi] • Now very close to the TV/cabinet. The cabinet top: I can see a small white object at the back of the cabinet top (0.52, 0.51) — a tiny white/blue item. And on top near the TV right side (0.50, 0.30) there's a reddish tiny thing. The white document was at the back-left of the top. Let me look up slightly and probe the document at the back of the cabinet top.
[kimi] 
[mcp] [08/08/26 03:26:12] INFO     Processing request of type            server.py:733
[mcp]                              CallToolRequest                                    
[supervisor] AI_PLAY received action batch for observation=153
[supervisor] AI_PLAY sending observation=154
[mcp] INFO:     127.0.0.1:64432 - "POST /mcp HTTP/1.1" 200 OK
[kimi] • 柜顶后缘有小物品。稍微抬头对准探测。
[kimi] 
[kimi] • Still not found. The white thing on the cabinet top at (0.50, 0.30) — there's a tiny red/white item at the back edge of the top behind the TV (0.50, 0.30). Let me look up more and probe that spot.
[kimi] 
[mcp] [08/08/26 03:26:36] INFO     Processing request of type            server.py:733
[mcp]                              CallToolRequest                                    
[supervisor] AI_PLAY received action batch for observation=154
[supervisor] AI_PLAY sending observation=155
[mcp] INFO:     127.0.0.1:64506 - "POST /mcp HTTP/1.1" 200 OK
[kimi] • 柜顶电视后缘还有个小白点，抬头对准探测。
[kimi] 
[kimi] • "读取合同线索 3/3 / Read clue 3/3" — the document is on the cabinet top behind the TV. Interact!
[kimi] 
[mcp] [08/08/26 03:26:58] INFO     Processing request of type            server.py:733
[mcp]                              CallToolRequest                                    
[supervisor] AI_PLAY received action batch for observation=155
[supervisor] AI_PLAY sending observation=156
[mcp] INFO:     127.0.0.1:64694 - "POST /mcp HTTP/1.1" 200 OK
[kimi] • 出现“读取合同线索 3/3”，读取。
[kimi] 
[kimi] • Clue 3/3: 最终授权：版本号在前、签署日期在后 (VV + MMDD). So passcode = VV(42) + MMDD(0830) = "420830".
[kimi] 
[kimi]   Now go to the ARCHIVE door (north end near stairs, seen at obs 80: around (2, 8)? The ARCHIVE door was at the north end on the white wall). Close UI and navigate there. Current position (-5.39, -8.64) in the break room. The ARCHIVE door was seen at obs 80 from position (2.17, 4.84) facing yaw 135 — it was on a white wall to the left. Direction from there: yaw 135 ≈ facing northwest. Hmm, the ARCHIVE door with keypad was at approximately... it appeared in view at yaw 135 from (2.17, 4.84). Actually wait — obs 80 view also had the stairs on the right. The ARCHIVE door was at the left, on the white wall under/near the stairs. Position estimate: (0, 7)?
[kimi] 
[mcp] [08/08/26 03:27:29] INFO     Processing request of type            server.py:733
[mcp]                              CallToolRequest                                    
[supervisor] AI_PLAY received action batch for observation=156
[supervisor] AI_PLAY sending observation=157
[mcp] INFO:     127.0.0.1:64873 - "POST /mcp HTTP/1.1" 200 OK
[kimi]   Let me close UI and navigate: exit break room, go north past the stairs to find the ARCHIVE door.Now exit the break room and go to the ARCHIVE. The ARCHIVE door: at obs 80 I saw it from (2.17, 4.84) at yaw 135.35 — the door was at the left of that view, which was roughly northwest. The stairs were on the right. So the ARCHIVE is at the north end, west of the stairs. 
[kimi] 
[kimi]   From the break room (-5.39, -8.64), I need to go north-east: exit the room (door to the hall at the east side), then north past the stairs.
[kimi] 
[kimi]   Let me turn around and head for the break room exit (the doorway I came through, roughly east). Turn right ~90 (yaw 96 → need yaw ~... facing the exit). The exit door: I entered from the east. Actually the doorway at obs 137-138 led east to the hall lounge. Turn right 45+45 and check.
[kimi] 
[mcp] [08/08/26 03:27:57] INFO     Processing request of type            server.py:733
[mcp]                              CallToolRequest                                    
[supervisor] AI_PLAY received action batch for observation=157
[supervisor] AI_PLAY sending observation=158
[mcp] INFO:     127.0.0.1:65000 - "POST /mcp HTTP/1.1" 200 OK
[kimi] • 出休息室，前往北端的 ARCHIVE 门。先转向出口。
[kimi] 
[kimi] • Now facing yaw 6.2: the room with pink sofa, NPC, vending machine, fridge, kitchen counter. The exit door... At obs 137-138, the exit was at the east. The window on the right wall (with a teal sign visible outside through it!). Hmm, there's a teal sign visible through the window at right (0.95, 0.35) — that's outside in the hall, probably another hint sign (maybe the CEO office one or a generic one).
[kimi] 
[kimi]   The exit to the hall: I entered via the door at obs 122 (from the north-east). Also there's the door at obs 131 (to the hall lounge, east). Turn right to find the exit. Turn right 45.
[kimi] 
[mcp] [08/08/26 03:28:24] INFO     Processing request of type            server.py:733
[mcp]                              CallToolRequest                                    
[supervisor] AI_PLAY received action batch for observation=158
[supervisor] AI_PLAY sending observation=159
[mcp] INFO:     127.0.0.1:65183 - "POST /mcp HTTP/1.1" 200 OK
[kimi] • 转向找出口。右边窗外有个青色标志。继续右转。
[kimi] 
[kimi] • Now I see the exit doorway (center, leading to the hall with sofas) and the stairs visible through the right opening. Walk through the center doorway to the hall.
[kimi] 
[mcp] [08/08/26 03:28:48] INFO     Processing request of type            server.py:733
[mcp]                              CallToolRequest                                    
[supervisor] AI_PLAY received action batch for observation=159
[supervisor] AI_PLAY sending observation=160
[mcp] INFO:     127.0.0.1:65320 - "POST /mcp HTTP/1.1" 200 OK
[kimi] • 出口在正前方。走出去到大厅。
[kimi] 
[kimi] • Approaching the doorway. Continue forward through it into the hall.
[kimi] 
[mcp] [08/08/26 03:29:13] INFO     Processing request of type            server.py:733
[mcp]                              CallToolRequest                                    
[supervisor] AI_PLAY received action batch for observation=160
[supervisor] AI_PLAY sending observation=161
[mcp] INFO:     127.0.0.1:65405 - "POST /mcp HTTP/1.1" 200 OK
[kimi] • 穿过门口进入大厅。
[kimi] 
[kimi] • Exiting into the hall lounge. The ARCHIVE door: I saw it at obs 80 from (2.17, 4.84) facing yaw 135.35. In that view, the door was on the left side — direction yaw 135 ≈ ... Let me figure out: at obs 80, facing yaw 135.35, view showed stairs (right) and ARCHIVE door (left at x≈0.33). Stairs are at around (0, -3)... no wait, obs 80 was taken at (2.17, 4.84) facing... the stairs appeared large on the right, meaning stairs were close on the right side. Hmm, but the main stairs are at (0, -3.5). From (2.17, 4.84), those stairs are 8m away — plausible "on the right".
[kimi] 
[kimi]   So facing yaw 135.35 from (2.17, 4.84): the ARCHIVE door at left of view. If stairs (0,-3.5) are on the right of that view, then facing direction is roughly... vector to stairs: (-2.17, -8.34) → southwest-ish. If stairs on the right edge, facing is southwest rotated ~40° left → more south. The ARCHIVE door to the left would be southeast of facing... this is getting too complicated.
[kimi] 
[kimi]   Alternative: the ARCHIVE door is likely near the spawn side (north end). At obs 1 (spawn), there was a door on the white building at the right labeled something (SECURITY?). Also obs 121/123 showed a teal sign in a doorway at the north end (the door with the sign at (0.78, 0.33) in obs 121, labeled "SECURITY"?). Hmm.
[kimi] 
[kimi]   Wait, actually at obs 80, I was at (2.17, 4.84) — inside the glass cubicle enclosure at the north end. The view at yaw 135 showed: left = a door labeled "ARCHIVE" with keypad, plus a desk with a monitor inside a dark alcove, and right = the stairs. Given the enclosure is at the north end, the ARCHIVE door is at the north end, on the west side (left when facing the stairs from inside the enclosure).
[kimi] 
[kimi]   Hmm, but actually from obs 80 image: the door is on a white wall segment, with stairs immediately right. The main staircase at (0,-3.5)? The position (2.17, 4.84) facing yaw 135.35 — which world direction? Let me compute from movement: at obs 116-117, yaw 68.69, moving forward gave delta (-0.857, -0.334) → direction ≈ (-0.93, -0.36) for yaw 68.69. So yaw θ → direction (dx, dz) = (-sin?...). At yaw 68.69: (-0.93, -0.36). At yaw 5.35 (obs 88-90): delta (-0.286, -3.05)/3.06 → (-0.093, -1.0). So yaw 5.35 → (0, -1) roughly (facing -z). Then yaw 68.69 → facing (-0.93, -0.36)? That's rotated +63° from -z toward -x. So direction(yaw) = rotate -z by -yaw degrees toward -x? At yaw -68.78 (obs 159-161): delta (1.88, -0.62)/1.98 → (0.95, -0.31) — facing +x-ish and -z. At yaw -92.65 (obs 95): delta (0.994, 0.034) → facing +x. At yaw -176.3: facing... obs 115: I didn't move. At yaw 177.35 (obs 98): blocked. At yaw -141.75 (obs 106): delta (1.32, -0.085) → facing (+1, -0.06)?? Hmm that contradicts. Let me not overthink.
[kimi] 
[kimi]   Simpler: yaw 0 ≈ facing -z (south). yaw -92.65 ≈ +x (east). yaw +90 ≈ -x (west). yaw ±180 ≈ +z (north).
[kimi] 
[kimi]   ARCHIVE door seen at yaw 135.35 from (2.17, 4.84): facing direction = interpolate: yaw 90 → -x (west), yaw 180 → +z (north). yaw 135 ≈ northwest. The door at left of that view → more toward west-southwest. So the ARCHIVE is at the north end, west side: around x=-3..-6, z=5..8? 
[kimi] 
[kimi]   And the door at obs 121 (teal sign in doorway at north end, seen from (0.75,-6.25) at yaw 28.69): facing yaw 28.69 ≈ between -z(south,0) and +90(west)... yaw 28.69 → direction mostly -z, somewhat -x (south-southwest). The door appeared at (0.78, 0.33), right of center → more west. Hmm that door was at the north end? It showed a white room with a teal sign inside. That was probably the SERVER ROOM or the security room near spawn.
[kimi] 
[mcp] [08/08/26 03:30:05] INFO     Processing request of type            server.py:733
[mcp]                              CallToolRequest                                    
[supervisor] AI_PLAY received action batch for observation=161
[supervisor] AI_PLAY sending observation=162
[mcp] INFO:     127.0.0.1:49319 - "POST /mcp HTTP/1.1" 200 OK
[kimi]   OK let me just navigate: I'm at (-1.59, -10.01), facing yaw -68.78 (+x-ish = east). The ARCHIVE is at the north end (z>5), so turn to face north (+z, yaw ±180) and walk up the hall. Turn right (positive yaw decreases value... from -68.78 to -180: -68.78-111 → use positive yaw actions. Turn right 45 twice = -68.78-90 = -158.78. Then check.Oops — turning right twice (each +45 turned RIGHT visually but... wait, this shows the cabinet again — I turned back INTO the room view? No, I'm at the doorway area looking at the curved cabinet with the coffee machine. I turned right by 90 total, now facing yaw -158.78 — looking at the cabinet inside the room to the... The door to the hall is on the left.
[kimi] 
[kimi]   Hmm, I rotated right but ended facing the cabinet which is INSIDE the break room (east wall). So now facing east-northeast. The hall is to the left (through the doorway). I wanted north. Let me turn right another 45 → yaw ≈ 176 (north).
[kimi] 
[mcp] [08/08/26 03:30:34] INFO     Processing request of type            server.py:733
[mcp]                              CallToolRequest                                    
[supervisor] AI_PLAY received action batch for observation=162
[supervisor] AI_PLAY sending observation=163
[mcp] INFO:     127.0.0.1:49487 - "POST /mcp HTTP/1.1" 200 OK
[kimi] • 再右转 45 朝北。
[kimi] 
[kimi] • I'm facing a dark wall with the doorway to the right (leading out). The TV cabinet is visible at right edge. I moved slightly. Go through the doorway on the right.
[kimi] 
[mcp] [08/08/26 03:31:02] INFO     Processing request of type            server.py:733
[mcp]                              CallToolRequest                                    
[supervisor] AI_PLAY received action batch for observation=163
[supervisor] AI_PLAY sending observation=164
[mcp] INFO:     127.0.0.1:49593 - "POST /mcp HTTP/1.1" 200 OK
[kimi] • 从右侧门口出去。
[kimi] 
[kimi] • Blocked by the counter edge. I'm pressed against the curved cabinet, doorway on the right. Turn right to face the doorway directly, then go through.
[kimi] 
[mcp] [08/08/26 03:31:26] INFO     Processing request of type            server.py:733
[mcp]                              CallToolRequest                                    
[supervisor] AI_PLAY received action batch for observation=164
[supervisor] AI_PLAY sending observation=165
[mcp] INFO:     127.0.0.1:49693 - "POST /mcp HTTP/1.1" 200 OK
[kimi] • 对准右侧门口再出去。
[kimi] 
[kimi] • I see the TV cabinet, NPC, and to the left a wide opening leading to the hall (bright). The opening at left (0.15, 0.4) leads out to the hall. Go through it, heading north.
[kimi] 
[mcp] [08/08/26 03:31:51] INFO     Processing request of type            server.py:733
[mcp]                              CallToolRequest                                    
[supervisor] AI_PLAY received action batch for observation=165
[supervisor] AI_PLAY sending observation=166
[mcp] INFO:     127.0.0.1:49794 - "POST /mcp HTTP/1.1" 200 OK
[kimi] • 从左侧宽门出去到大厅，向北。
[kimi] 
[mcp] [08/08/26 03:32:20] INFO     Processing request of type            server.py:733
[mcp]                              CallToolRequest                                    
[supervisor] AI_PLAY received action batch for observation=166
[supervisor] AI_PLAY sending observation=167
[mcp] INFO:     127.0.0.1:49983 - "POST /mcp HTTP/1.1" 200 OK
[kimi] • I'm out in the hall now (facing a white wall corner, hall visible left). Turn left to face north down the hall. Current yaw 121.2. To face north (+z, yaw ±180), turn... I need yaw to go to 180: from 121.2, negative yaw (left turn) increases value: +59 → use yaw=-45 then -14. Or turn right to -180: 121.2-180... turning right 58.8: +45+14. Either way. Let me turn left (negative yaw) 45+14.Hmm, now facing yaw -179.78 (should be north, +z). But the view shows the CEO OFFICE UPSTAIRS stairs area (the middle of the hall) — that means I'm facing SOUTH toward the middle. So yaw ±180 = facing -z?? Wait at spawn yaw=180 faced the hall northward... but the spawn was at z=-17.9 and the hall middle is at z≈-5. Walking forward from spawn increased z (toward the middle). So yaw 180 = facing +z. Now at (-3.91, -7.81) facing yaw -179.78, I see... the CEO OFFICE UPSTAIRS sign and the hall — but this looks like the view toward the SOUTH end (MEETING ROOM far, stairs). Hmm, actually the MEETING ROOM sign is visible far ahead — the meeting room is at the south end (z≈-14?). No wait, at obs 76-77 I saw MEETING ROOM from (1.53, 0.6) facing -z... ugh.
[kimi] 
[kimi]   Actually forget it: the ARCHIVE door was at obs 80. Let me reconstruct: obs 80 was at position (2.17, 4.84), yaw 135.35, and the ARCHIVE door appeared LEFT in view with stairs right. Using my direction model (yaw 0 → -z, yaw 90 → -x, yaw 180 → +z, yaw -90 → +x): yaw 135 → facing (-x+z)/√2 = northwest. The door at left of view → more toward southwest: door position ≈ (2.17,4.84) + a few meters toward south-southwest... that'd put it around (0, 2)? Hmm, but that's in the hall middle. 
[kimi] 
[kimi]   Wait, actually at obs 80 the stairs on the right were BIG/close — those were the second staircase near the north end? At obs 167 (current) I see a staircase at the north end ahead-right (white stairs by the white building with a dark door). Hmm.
[kimi] 
[kimi]   Alternative plan: just scan around. The ARCHIVE door has "ARCHIVE" label and a keypad. Let me look around from here. Current view: white building wall on right with a dark door (ahead-right, 0.57, 0.42) — that could be it? It has no visible label from here. Let me walk toward it.
[kimi] 
[mcp] [08/08/26 03:32:57] INFO     Processing request of type            server.py:733
[mcp]                              CallToolRequest                                    
[supervisor] AI_PLAY received action batch for observation=167
[supervisor] AI_PLAY sending observation=168
[mcp] INFO:     127.0.0.1:50076 - "POST /mcp HTTP/1.1" 200 OK
[kimi] • 前方右侧白墙有个深色门，可能是 ARCHIVE。走近查看。
[kimi] 
[kimi] • I moved +z (north? z from -7.81 to -5.90). I see ahead: the white stairs with a dark door under them (right side, 0.57, 0.33) and an elevator-like door at (0.48, 0.35) (metal frame, a pedestal/button in front). MEETING ROOM sign far left. This is the area at z≈-3.
[kimi] 
[kimi]   The ARCHIVE door at obs 80 was near the stairs at the NORTH end though. Hmm, but wait — obs 80's "stairs on the right" were big and close, and I was at (2.17, 4.84). The stairs near (0, -3.5) are 8.6m away. The door was fairly large in obs 80, suggesting ~4-6m. So the ARCHIVE could be at around z=0±2 on the west side. 
[kimi] 
[kimi]   Actually! Look at the current view: the white staircase ahead (at 0.42, 0.3) with a DARK DOOR under the stairs at (0.57, 0.33). In obs 80, the ARCHIVE door was beside stairs. This door under the stairs matches! Let me approach it.
[kimi] 
[mcp] [08/08/26 03:33:29] INFO     Processing request of type            server.py:733
[mcp]                              CallToolRequest                                    
[supervisor] AI_PLAY received action batch for observation=168
[supervisor] AI_PLAY sending observation=169
[mcp] INFO:     127.0.0.1:50188 - "POST /mcp HTTP/1.1" 200 OK
[kimi] • 前方楼梯下有个深色门，可能是 ARCHIVE。走近查看。
[kimi] 
[kimi] • Wait — I'm now near the LABORATORY (right side, with the hint sign on the desk visible). So I'm at the south-center area near the lab. The dark door under the stairs is ahead (0.57, 0.35). The LABORATORY is on the RIGHT of this view — but the lab was at x≈-9 (west). So I'm facing WEST-ish?? Position (-4.8, -3.94), facing yaw -179.78... and the lab is on my right. Lab at (-9, 0)... from (-4.8, -3.94), the lab is northwest. If it appears on the right of the view, I'm facing north (+z)? Hmm, but moving forward decreased... no, z increased from -7.8 to -3.94 when moving forward at yaw -179.78. So yaw ±180 = facing +z. And at spawn, yaw 180 faced +z. OK so +z is the direction from spawn toward the hall middle — and the lab is at z≈0, x≈-9.
[kimi] 
[kimi]   So now at (-4.8, -3.94) facing +z (north-ish in game terms), the lab (at z≈0) is ahead-right. The dark door under the white stairs is at around (-2.5, -1)?
[kimi] 
[kimi]   The ARCHIVE at obs 80: from (2.17, 4.84), yaw 135.35. yaw 135 = facing... yaw 180 → +z; yaw 90 → -x (west). yaw 135 → between: facing northwest (+z, -x). The door appeared at LEFT of that view → southwest side → direction roughly -x and slightly +z... door at around (0, 5)? That is northwest area near the north stairs. Hmm — but which stairs were on the right in obs 80? They looked close. There's a second staircase at the north end (visible in obs 167 right side, white stairs by the white building at z≈5+).
[kimi] 
[kimi]   Actually! In obs 167 (at (-3.91, -7.81) facing yaw -179.78 = +z), on the RIGHT there was a white building with a dark door at (0.57, 0.42) and white stairs. That building is on the east side at around (0, -5)... no.
[kimi] 
[kimi]   I'm going in circles. Let me just check the dark door under the stairs ahead — it's the closest candidate. If not ARCHIVE, keep searching. Approach the door.
[kimi] 
[mcp] [08/08/26 03:34:10] INFO     Processing request of type            server.py:733
[mcp]                              CallToolRequest                                    
[supervisor] AI_PLAY received action batch for observation=169
[supervisor] AI_PLAY sending observation=170
[mcp] INFO:     127.0.0.1:50487 - "POST /mcp HTTP/1.1" 200 OK
[kimi] • 走近楼梯下的深色门检查是否有 ARCHIVE 标识和密码盘。
[kimi] 
[kimi] • The dark door is ahead (0.57, 0.36), with a small pedestal (button?) next to it at (0.46, 0.36). No ARCHIVE label visible. This is a plain door under the stairs. The ARCHIVE door at obs 80 clearly had "ARCHIVE" text above and a keypad beside it. Let me recall obs 80 again: the door was on a white wall, under a mezzanine, with stairs immediately to the right, and a dark alcove with a desk+monitor to the left.
[kimi] 
[kimi]   At obs 167 (position (-3.91,-7.81) facing +z), on the right there was a white building with white stairs going up and a dark door at ground level (0.57, 0.42). That white building is at around (-1, -5)? That matches "white wall + stairs right". Hmm, but obs 80's ARCHIVE was at LEFT of the view with stairs RIGHT.
[kimi] 
[kimi]   Actually, let me look at obs 80's geometry again: position (2.17, 4.84), yaw 135.35. My model: yaw 135 = facing direction between -x (yaw 90) and +z (yaw 180) → northwest. The view showed close stairs on the RIGHT = northeast of me. North-end stairs at around (3.5, 6)? and the door to the left = northwest at around (0, 7)?
[kimi] 
[kimi]   The white building at the north end (seen at obs 82 right side "BREAK ROOM"... no). Hmm, at obs 82 (from (2.17,4.84) facing yaw 45.35): LABORATORY left, CEO OFFICE UPSTAIRS center, BREAK ROOM far right. Wait, that means from the north end, the LAB/CEO/BREAK are all to the south (as expected). And obs 80 (yaw 135) showed the north-end structure: stairs + ARCHIVE door + alcove with desk. So the ARCHIVE is at the north end around (0-3, 6-8).
[kimi] 
[kimi]   Current position (-5.1, -1.98). Go north (+z) along the hall to z≈6, then look for the ARCHIVE. Turn back... I'm facing +z already. Move forward north, passing the lab.
[kimi] 
[mcp] [08/08/26 03:34:49] INFO     Processing request of type            server.py:733
[mcp]                              CallToolRequest                                    
[supervisor] AI_PLAY received action batch for observation=170
[supervisor] AI_PLAY sending observation=171
[mcp] INFO:     127.0.0.1:50619 - "POST /mcp HTTP/1.1" 200 OK
[kimi] • 这扇是普通门。ARCHIVE 应在北端（z≈6-8）。继续向北。
[kimi] 
[kimi] • I drifted toward the dark door (now right in front). There's a pedestal with a red button next to it (elevator button!) and a metal frame (lift?). This might be the elevator. Not the ARCHIVE. Turn right and continue north around this structure.
[kimi] 
[mcp] [08/08/26 03:35:16] INFO     Processing request of type            server.py:733
[mcp]                              CallToolRequest                                    
[supervisor] AI_PLAY received action batch for observation=171
[supervisor] AI_PLAY sending observation=172
[mcp] INFO:     127.0.0.1:50743 - "POST /mcp HTTP/1.1" 200 OK
[kimi] • 这是电梯口。右转绕过继续向北找 ARCHIVE。
[kimi] 
[kimi] • I turned and ended up in a corner next to the door (dark blue wall left, light wall right). This is the corner near the lab/elevator. Turn right to get out of the corner and continue. Let me turn right 45 and move.
[kimi] 
[mcp] [08/08/26 03:35:44] INFO     Processing request of type            server.py:733
[mcp]                              CallToolRequest                                    
[supervisor] AI_PLAY received action batch for observation=172
[supervisor] AI_PLAY sending observation=173
[mcp] INFO:     127.0.0.1:50863 - "POST /mcp HTTP/1.1" 200 OK
[kimi] • 被夹在墙角，向右转出。
[kimi] 
[kimi] • I've wandered back INTO the LABORATORY (the desk with the clue 1/3 hint sign). I'm wasting steps. Let me get out of the lab and navigate more carefully to the north end.
[kimi] 
[kimi]   Position (-7.12, 1.50) — I'm inside the lab. The lab exit is east. Turn left to face east (+x is yaw -90). From yaw 100.2, turn right by ~170 to yaw -90... or turn left to 190/−170. Let me turn around: two +45 right turns → 100.2-90=10.2, then two more → -79.8 ≈ facing east. Then move out.
[kimi] 
[mcp] [08/08/26 03:36:18] INFO     Processing request of type            server.py:733
[mcp]                              CallToolRequest                                    
[supervisor] AI_PLAY received action batch for observation=173
[supervisor] AI_PLAY sending observation=174
[mcp] INFO:     127.0.0.1:51107 - "POST /mcp HTTP/1.1" 200 OK
[kimi] • 误入实验室。转身向东出去。
[kimi] 
[kimi] • Now I'm looking out of the lab toward the hall: CEO OFFICE UPSTAIRS sign visible (center, by the stairs at the middle), and far right "CUBICLE AREA" partially. The lab exit is ahead (I'm at the lab entrance area). 
[kimi] 
[kimi]   The ARCHIVE: from obs 80, at the north end. North = -z direction (toward spawn). Turn left to face -z (yaw 0 is -z; currently -34.78). Turn right? yaw 0 is -34.78 + 34.78... positive yaw decreases... no wait: earlier +45 actions decreased yaw (100→55→10→-35). So to increase yaw from -34.78 to 0, use negative yaw (left turn) 35. Hmm wait, but I want to go NORTH = -z? No! Spawn was at z=-17.9 (south end). The hall middle at z≈-5. The lab at z≈0. The north end (cubicle glass area) at z≈+3 to +5. So ARCHIVE at north end means +z... wait no: obs 80 ARCHIVE was seen from (2.17, 4.84) which is the north part. And the ARCHIVE door appeared to the WEST-ish. So ARCHIVE ≈ (0, 6)? Let me go there: turn to face +z (north): yaw ±180. From -34.78, turn left (negative yaw increases value): -34.78+180=145.2 → turn left by 180? Do four -45s (two batches). Or turn right 180: -34.78-180=-214.8→145.2 same. 
[kimi] 
[kimi]   Let me turn left 45 twice (yaw → 55.2), then assess — actually I want to walk along the hall toward the north end (+z). The hall runs along z. Facing +z = yaw 180 (or -180). Turn left 45+45+45+45.
[kimi] 
[mcp] [08/08/26 03:36:57] INFO     Processing request of type            server.py:733
[mcp]                              CallToolRequest                                    
[supervisor] AI_PLAY received action batch for observation=174
[supervisor] AI_PLAY sending observation=175
[mcp] INFO:     127.0.0.1:51279 - "POST /mcp HTTP/1.1" 200 OK
[kimi] • 转向北（+z 方向），沿大厅去北端找 ARCHIVE。
[kimi] 
[kimi] • Ugh, I'm back facing the lab interior (yaw 100.2 again — I turned left 135 which brought me back). The lab exit: at obs 174 (yaw -34.78) I was looking OUT of the lab toward the hall (CEO OFFICE UPSTAIRS visible). So the exit direction ≈ yaw -34.78. Turn right (positive yaw) 135 to get back to -34.78: 100.2 - 135 = -34.8. Do three +45s.
[kimi] 
[mcp] [08/08/26 03:37:29] INFO     Processing request of type            server.py:733
[mcp]                              CallToolRequest                                    
[supervisor] AI_PLAY received action batch for observation=175
[supervisor] AI_PLAY sending observation=176
[mcp] INFO:     127.0.0.1:51443 - "POST /mcp HTTP/1.1" 200 OK
[kimi] • 转回实验室出口方向。
[kimi] 
[kimi] • Facing the lab exit toward the hall. The stairs ahead (center) with CEO OFFICE UPSTAIRS — those are the middle stairs. To the right is the cubicle platform with the desk. The ARCHIVE door from obs 80: white wall, stairs on right, desk alcove on left. 
[kimi] 
[kimi]   Wait — in obs 80, I was at (2.17, 4.84) INSIDE the glass enclosure at the north end, looking yaw 135 (southwest-ish per my model). The "stairs" on the right of that view could be the north-end staircase. And the ARCHIVE door was on a white wall.
[kimi] 
[kimi]   Current view: the wooden door on the left (0.33, 0.4) on the white building wall — that's the door I checked (plain door). 
[kimi] 
[kimi]   New idea: walk to the north end (past the cubicle glass area, z up to ~5), then turn around and look. That's where I saw the ARCHIVE. Go forward out of the lab, then head +z... wait, is +z north or south? Spawn z=-17.9 at the SOUTH end... hmm, actually spawn faced the hall and the task card was right there. The hall extends from z=-18 to z=+8. The cubicle glass area at z≈±4.5. The BREAK ROOM at z≈-9. LAB at z≈0. 
[kimi] 
[kimi]   The ARCHIVE was seen from (2.17, 4.84) — that position is at the north end of the cubicle glass area (inside it). The door appeared at yaw 135.35 which per model = northwest = toward (-x, +z) → door at around (0, 7)? That's the north end of the hall, west side. OR — the white wall in obs 80 could be the west wall of the hall's north end.
[kimi] 
[kimi]   Let me go: exit lab, turn right toward +z, walk north along the hall (through the middle, avoiding the glass wall at x=1.53), up to z≈6, and scan west.
[kimi] 
[mcp] [08/08/26 03:38:06] INFO     Processing request of type            server.py:733
[mcp]                              CallToolRequest                                    
[supervisor] AI_PLAY received action batch for observation=176
[supervisor] AI_PLAY sending observation=177
[mcp] INFO:     127.0.0.1:51718 - "POST /mcp HTTP/1.1" 200 OK
[kimi] • 出实验室，沿大厅向北端走。
[kimi] 
[kimi] • I'm out of the lab at (-6.0, -0.14). Facing yaw -34.78 (which per model: yaw 0 = -z, yaw -90 = +x; yaw -34.78 ≈ facing (+x·sin34.78?, ...) — southeast-ish: (+0.57 east, -0.82 south)). Moving forward gave delta (+1.13, -1.63) — yes southeast.
[kimi] 
[kimi]   Hmm wait, BREAK ROOM sign visible ahead-left ("K ROOM" at 0.36, 0.24). I came from there. The hall middle is to the right (the platform, desks). To go to the north end (+z), I should turn right (toward +z). yaw for +z is ±180. From -34.78, turn right (positive yaw decreases): need -34.78 → -180: turn right 145. That's a lot. Alternatively turn left to +180: from -34.78, negative yaw increases: -34.78 + 215 = 180. Turn left 180+ (four -45s). Simpler: turn right 45 three times → -34.78-135 = -169.78 ≈ facing +z-ish. Good enough.
[kimi] 
[mcp] [08/08/26 03:38:39] INFO     Processing request of type            server.py:733
[mcp]                              CallToolRequest                                    
[supervisor] AI_PLAY received action batch for observation=177
[supervisor] AI_PLAY sending observation=178
[mcp] INFO:     127.0.0.1:51790 - "POST /mcp HTTP/1.1" 200 OK
[kimi] • 右转朝 +z（北端）方向。
[kimi] 
[kimi] • Now yaw -169.78 (facing mostly +z, slightly -x). View: the white stairs (left) and a brown door on the dark blue wall (right, 0.58, 0.35) — this is the same door area from before (the elevator/door under the stairs at z≈-1). Wait no — this is a DIFFERENT door: dark blue wall, brown door, next to it the lift frame and red button pedestal. This is at around (-3.5, 1)?
[kimi] 
[kimi]   Honestly, I've spent ~178 observations (about 60+ act calls). Budget is 300 act requests. I have the code 420830. Priority: find the ARCHIVE keypad.
[kimi] 
[kimi]   Definitive landmark from obs 80: I was at (2.17, 4.84) facing yaw 135.35, and saw the ARCHIVE door + keypad + alcove with desk/monitor + stairs. That position (2.17, 4.84) is inside/at the north edge of the glass cubicle enclosure. The view: door on the LEFT, stairs on the RIGHT. With yaw 135 facing northwest: left = southwest, right = northeast. Hmm, that doesn't fit "stairs at right = north stairs".
[kimi] 
[kimi]   Wait, maybe my yaw model is wrong. Let me verify with a solid anchor: at obs 167, position (-3.91, -7.81), yaw -179.78. The view showed the CEO OFFICE UPSTAIRS sign and the central stairs and MEETING ROOM far. The central stairs/CEO office are at around (0, -3.5). From (-3.91, -7.81), direction to them = (+3.9, +4.3) → northeast (+x, +z). They appeared center-left... roughly center. So yaw ±180 ≈ facing (+x+z) diagonal? No — more likely facing +z with the objects slightly right. Hmm, they appeared center to left actually.
[kimi] 
[kimi]   Better anchor: obs 76→77: yaw -179.65, moved (0, +2.06) in (x,z): pure +z. So yaw ±180 = +z confirmed.
[kimi] 
[kimi]   obs 80: yaw 135.35. From yaw 180 (+z), yaw 135 is 45° toward... positive yaw decrease? Going from 180 to 135.35 is -44.65 in value. Right turns decreased value earlier (obs 79→80: two +45 right turns took yaw from -134.65... to 135.35?? -134.65-90=-224.65→+135.35. Yes). So turning right from +z direction by 45° gives yaw 135.35 = facing +z rotated 45° to the right (clockwise viewed from above) = toward +x side... wait which way is "right" when facing +z? If facing +z (north), right is +x (east) or -x? From obs 95: yaw -92.65, moved (+0.994, +0.034) = +x. From yaw 180 (+z) to yaw -90 (+x): that's -270 in value, i.e., turning right 270 or left 90. So +x is LEFT of +z (turning left from +z faces +x? no...). Hmm: from facing +z (yaw 180), turn LEFT (negative yaw action, value increases past 180 to -180... wraps). Ugh.
[kimi] 
[kimi]   Let me use a cleaner reference: obs 101→102: yaw -162.65, moved (+0.626, +0.563) → direction (+0.74, +0.67) normalized. And yaw -92.65 → (+1, 0). And yaw -179.65 → (0, +1). And yaw 5.35 → (0, -1). And yaw 68.69 → (-0.93, -0.36)?? Let me check obs 116→117: yaw 68.69, delta (-0.857, -0.334) → (-0.93, -0.36). And yaw 121.2 (obs 165→166): delta (-0.87, +1.18) normalized (-0.59, +0.80). And yaw 156.2 (obs 163): delta (-0.32, +0.70)→(-0.41,+0.89)... hmm inconsistent with 121.2.
[kimi] 
[kimi]   Fit: yaw θ → direction (dx, dz):
[kimi]   θ=-179.65 → (0, +1)
[kimi]   θ=-162.65 → (+0.74, +0.67)
[kimi]   θ=-92.65 → (+1, 0)
[kimi]   θ=5.35 → (0, -1)
[kimi]   θ=68.69 → (-0.93, -0.36)
[kimi]   θ=121.2 → (-0.59, +0.80)?? 
[kimi] 
[kimi]   Check pattern: θ=-179.65: (0,1). θ=-162.65: (0.74, 0.67) — hmm, that's rotated 45° toward +x from +z? From θ=-180 to θ=-162.65 is +17° in value. The direction rotated by ~45°? Not linear-consistent... let me try model: direction = (sin(-θ-90)?, ...). Try θ=-92.65: (1, 0). θ=5.35: (0,-1). θ=68.69: (-0.93,-0.36) ≈ angle atan2(-0.36,-0.93) = 201°... 
[kimi] 
[kimi]   Model: dx = -sin(θ+90°)?, dz = -cos?... Let me parametrize by angle φ = direction angle in xz-plane (atan2(dz? dx?)). Direction angle α = atan2(dz, dx):
[kimi]   θ=-179.65 → α=90° (0,1)
[kimi]   θ=-162.65 → α=42°
[kimi]   θ=-92.65 → α=0°
[kimi]   θ=5.35 → α=-90°
[kimi]   θ=68.69 → α≈-159° (or 201)
[kimi]   θ=121.2 → α≈126° (from (-0.59, 0.80): atan2(0.80,-0.59)=126°)
[kimi] 
[kimi]   Relation: α = -θ - 90? Check: θ=-179.65: -(-179.65)-90=89.65 ✓ (α=90). θ=-162.65: 162.65-90=72.65 (α=42 ✗). Hmm off by 30.
[kimi] 
[kimi]   Try α = -θ - 120: θ=-162.65 → 42.65 ✓. θ=-92.65 → -27.35 ✗ (α=0).
[kimi] 
[kimi]   These are noisy because movement slides along walls. Fine — enough math. Practical approach: go back to where I saw the ARCHIVE (position (2.17, 4.84)) and look at yaw 135. I'll navigate there: from (-5.99, -0.15), go east (+x) to x≈1, then north (+z) to z≈4.8, staying OUTSIDE the glass (x<1.5). The ARCHIVE door should be visible from there looking northwest.
[kimi] 
[kimi]   Currently yaw -169.78 (facing +z). The glass wall is at x=1.53 to my... let me just walk forward (+z) and drift right toward x=0-1, to z≈4.5.
[kimi] 
[mcp] [08/08/26 03:39:58] INFO     Processing request of type            server.py:733
[mcp]                              CallToolRequest                                    
[supervisor] AI_PLAY received action batch for observation=178
[supervisor] AI_PLAY sending observation=179
[mcp] INFO:     127.0.0.1:52104 - "POST /mcp HTTP/1.1" 200 OK
[kimi] • 沿大厅向 z≈4.5 前进（玻璃墙西侧通道），到北端再找 ARCHIVE。
[kimi] 
[mcp] [08/08/26 03:40:26] INFO     Processing request of type            server.py:733
[mcp]                              CallToolRequest                                    
[supervisor] AI_PLAY received action batch for observation=179
[supervisor] AI_PLAY sending observation=180
[mcp] INFO:     127.0.0.1:52431 - "POST /mcp HTTP/1.1" 200 OK
[kimi] • At (-4.6, 2.57), I see the elevator area (red button pedestal, lift frame) and the white stairs to the left. I drifted +x (east). Continue forward +z.I walked onto the elevator lift platform (y=0.90, at the red button). I don't want to press it. Turn around and get off, continuing the search. Position (-4.06, 5.58). 
[kimi] 
[kimi]   Hmm wait — z=5.58 is the north end already. The ARCHIVE should be nearby. Let me turn around and scan the north end area. Turn around (yaw to ~+10). Two right turns of 45: -169.78 - 90 = -259.78 → +100.2. Hmm that's not 180 away. Turn left (negative yaw, increases): -169.78+180 = 10.22. So four -45 turns. Do 3 then check.
[kimi] 
[mcp] [08/08/26 03:41:00] INFO     Processing request of type            server.py:733
[mcp]                              CallToolRequest                                    
[supervisor] AI_PLAY received action batch for observation=180
[supervisor] AI_PLAY sending observation=181
[mcp] INFO:     127.0.0.1:52461 - "POST /mcp HTTP/1.1" 200 OK
[kimi] • 走上了电梯平台。转身下来，扫描北端区域。
[kimi] 
[kimi] • Now yaw -34.78, view shows: the hall from the north end looking south — BREAK ROOM (left), stairs with CEO OFFICE UPSTAIRS (center-left), the cubicle platform with desks (center-right), and another staircase on the right (the cubicle platform steps? no — a dark staircase on the right edge going up).
[kimi] 
[kimi]   Hmm wait — this is from the NORTH end (z=5.6). So the north end is where I am. The ARCHIVE was visible from (2.17, 4.84) at yaw 135.35. I'm at (-4.06, 5.6), yaw -34.78. 
[kimi] 
[kimi]   The ARCHIVE door should be at the north end, i.e., BEHIND me or to my sides. Let me turn to check the north wall: turn right 45 twice (yaw -34.78 → -124.78) to face... or turn left. The north end wall — at obs 80 the door was seen from inside the glass enclosure. The enclosure is to my right (east). Let me turn right and look toward the enclosure's north area.
[kimi] 
[mcp] [08/08/26 03:41:36] INFO     Processing request of type            server.py:733
[mcp]                              CallToolRequest                                    
[supervisor] AI_PLAY received action batch for observation=181
[supervisor] AI_PLAY sending observation=182
[mcp] INFO:     127.0.0.1:52616 - "POST /mcp HTTP/1.1" 200 OK
[kimi] • 我在北端。ARCHIVE 应在附近的北墙/东侧。向右转查看。
[kimi] 
[kimi] • Turned left (yaw 10.2): view shows LABORATORY (far left), CEO OFFICE UPSTAIRS, BREAK ROOM — looking south-west. A white wall on my left (the north-end structure?). Let me keep turning left to see the north end.
[kimi] 
[mcp] [08/08/26 03:42:06] INFO     Processing request of type            server.py:733
[mcp]                              CallToolRequest                                    
[supervisor] AI_PLAY received action batch for observation=182
[supervisor] AI_PLAY sending observation=183
[mcp] INFO:     127.0.0.1:52817 - "POST /mcp HTTP/1.1" 200 OK
[kimi] • 继续左转查看北端墙。
[kimi] 
[kimi] • I'm right against a white wall (north end structure). LABORATORY visible to the right. I'm standing next to a white building at the north end. The ARCHIVE door should be on this white building. Let me walk along it. Move left (strafe) to go around this white wall.
[kimi] 
[mcp] [08/08/26 03:42:35] INFO     Processing request of type            server.py:733
[mcp]                              CallToolRequest                                    
[supervisor] AI_PLAY received action batch for observation=183
[supervisor] AI_PLAY sending observation=184
[mcp] INFO:     127.0.0.1:52991 - "POST /mcp HTTP/1.1" 200 OK
[kimi] • 贴着北端白色建筑。向左绕它找门。
[kimi] 
[kimi] • Still facing a white wall. I moved to (-4.8, 7.14) — sliding along the wall. Let me turn left more to look along the wall.
[kimi] 
[mcp] [08/08/26 03:43:07] INFO     Processing request of type            server.py:733
[mcp]                              CallToolRequest                                    
[supervisor] AI_PLAY received action batch for observation=184
[supervisor] AI_PLAY sending observation=185
[mcp] INFO:     127.0.0.1:53094 - "POST /mcp HTTP/1.1" 200 OK
[kimi] • 继续沿墙向左移动查看。
[kimi] 
[kimi] • I'm wedged in a dark corner (wall corner, mostly dark screen). This north-end area is cramped. Let me back out: move backward and turn.
[kimi] 
[mcp] [08/08/26 03:43:36] INFO     Processing request of type            server.py:733
[mcp]                              CallToolRequest                                    
[supervisor] AI_PLAY received action batch for observation=185
[supervisor] AI_PLAY sending observation=186
[mcp] INFO:     127.0.0.1:53217 - "POST /mcp HTTP/1.1" 200 OK
[kimi] • 退出来重新找角度。
[kimi] 
[kimi] • Still facing a white wall. I'm stuck in a nook at the north end. Let me get out to the open hall and take a fresh look. Move right (east, away from wall) and backward.
[kimi] 
[mcp] [08/08/26 03:44:04] INFO     Processing request of type            server.py:733
[mcp]                              CallToolRequest                                    
[supervisor] AI_PLAY received action batch for observation=186
[supervisor] AI_PLAY sending observation=187
[mcp] INFO:     127.0.0.1:53377 - "POST /mcp HTTP/1.1" 200 OK
[kimi] • 向右移出这个角落，回到开阔区。
[kimi] 
[kimi] • Now at (-3.6, 6.24), at the corner of the white structure, LABORATORY visible ahead (right side, "ORY" sign), BREAK ROOM far right. I'm at the northwest corner of the white structure (the north-end building). The white wall on my left is this building. Let me walk around it to the north face (behind it) — that's where the ARCHIVE might be. Move left (around the corner, north side).
[kimi] 
[mcp] [08/08/26 03:44:36] INFO     Processing request of type            server.py:733
[mcp]                              CallToolRequest                                    
[supervisor] AI_PLAY received action batch for observation=187
[supervisor] AI_PLAY sending observation=188
[mcp] INFO:     127.0.0.1:53508 - "POST /mcp HTTP/1.1" 200 OK
[kimi] • 绕到建筑北面去看看。向左前方移动。
[kimi] 
[kimi] • Still staring at white wall. This north-end structure is big. My exploration is inefficient. Let me step back to the open hall (go east/southeast) and take a panoramic scan to locate the ARCHIVE sign directly.
[kimi] 
[kimi]   Plan: turn around (yaw 55.2 → face south = yaw ~55? ugh). Just move backward-east into the open area, then look around 360 to spot the ARCHIVE label.
[kimi] 
[mcp] [08/08/26 03:45:07] INFO     Processing request of type            server.py:733
[mcp]                              CallToolRequest                                    
[supervisor] AI_PLAY received action batch for observation=188
[supervisor] AI_PLAY sending observation=189
[mcp] INFO:     127.0.0.1:53583 - "POST /mcp HTTP/1.1" 200 OK
[kimi] • 退到开阔区做全景扫描。
[kimi] 
[kimi] • OK at (-3.39, 6.10), at the corner of the white north-end structure. LABORATORY and BREAK ROOM visible to the south. This white structure is at the north end. The ARCHIVE door should be on its south or east face. Let me go around it clockwise (to the right/east): move right along its face.
[kimi] 
[mcp] [08/08/26 03:45:38] INFO     Processing request of type            server.py:733
[mcp]                              CallToolRequest                                    
[supervisor] AI_PLAY received action batch for observation=189
[supervisor] AI_PLAY sending observation=190
[mcp] INFO:     127.0.0.1:53765 - "POST /mcp HTTP/1.1" 200 OK
[kimi] • 沿建筑向东绕，找南面/东面的门。
[kimi] 
[kimi] • Now I'm at the corner, seeing the LABORATORY (south side). I moved around the corner. Continue right along the white structure's east face.
[kimi] 
[mcp] [08/08/26 03:46:08] INFO     Processing request of type            server.py:733
[mcp]                              CallToolRequest                                    
[supervisor] AI_PLAY received action batch for observation=190
[supervisor] AI_PLAY sending observation=191
[mcp] INFO:     127.0.0.1:53961 - "POST /mcp HTTP/1.1" 200 OK
[kimi] • 继续向右沿建筑东面绕行。
[kimi] 
[kimi] • Hmm, I keep circling near the lab. I moved south again (z 4.1→2.17). The white structure's east face... 
[kimi] 
[kimi]   STOP. Let me think about obs 80 more carefully. Position (2.17, 4.84), yaw 135.35. In the frame: the ARCHIVE door at x≈0.33 (left-of-center), a dark alcove with desk+monitor at far left (x≈0.05-0.25), stairs occupying right half. The stairs looked CLOSE (right half of frame, large). Which stairs are within ~3m of (2.17,4.84)? The cubicle platform steps are at (4, -5)... no. The white staircase at the north end? Actually there IS a staircase right next to that position — in obs 79/80 I had just walked there from the glass gap, and at obs 77 (1.53, 2.70) there were stairs directly to the... hmm.
[kimi] 
[kimi]   Actually wait: maybe the ARCHIVE door is on the upper mezzanine level? At obs 80, the door appeared at eye level with a keypad beside it. Also the "desk with monitor" in a dark alcove.
[kimi] 
[kimi]   Alternative: maybe the ARCHIVE is UPSTAIRS. The briefing's archive_goal_door image shows a glass door labeled ARCHIVE. The CEO OFFICE is upstairs. Maybe the ARCHIVE is also upstairs on the mezzanine.
[kimi] 
[mcp] [08/08/26 03:46:45] INFO     Processing request of type            server.py:733
[mcp]                              CallToolRequest                                    
[supervisor] AI_PLAY received action batch for observation=191
[supervisor] AI_PLAY sending observation=192
[mcp] INFO:     127.0.0.1:54065 - "POST /mcp HTTP/1.1" 200 OK
[kimi]   Let me go up the main stairs (CEO OFFICE UPSTAIRS) and look around the mezzanine. The main stairs are at (0.5, -3.5)-ish. From (-2.87, 2.17), head south toward the stairs. Turn left to face the stairs area. Turn... the stairs are southwest of me. Face them: yaw ~-34.78 pointed southeast before... let me just turn left 90 (two -45) to yaw 145.2 (facing west-ish?) and check.Now facing the CEO OFFICE UPSTAIRS stairs (center-left) and the cubicle platform (right). Also I notice a dark DOOR behind/under the CEO stairs (center, 0.41, 0.30 - a dark door under the staircase). That could be the ARCHIVE! At obs 80, the door was near stairs with a desk alcove. Actually the dark door under the CEO stairs at (0.41, 0.29).
[kimi] 
[kimi]   Let me go check that door. Move toward the stairs.
[kimi] 
[mcp] [08/08/26 03:47:14] INFO     Processing request of type            server.py:733
[mcp]                              CallToolRequest                                    
[supervisor] AI_PLAY received action batch for observation=192
[supervisor] AI_PLAY sending observation=193
[mcp] INFO:     127.0.0.1:54188 - "POST /mcp HTTP/1.1" 200 OK
[kimi] • CEO 楼梯下方有一扇深色门，可能是 ARCHIVE。走近查看。
[kimi] 
[kimi] • Approaching the CEO stairs. I can see a dark door under the stairs (0.40, 0.30). Also BREAK ROOM on the left. Let me approach the dark door under the stairs.
[kimi] 
[mcp] [08/08/26 03:47:47] INFO     Processing request of type            server.py:733
[mcp]                              CallToolRequest                                    
[supervisor] AI_PLAY received action batch for observation=193
[supervisor] AI_PLAY sending observation=194
[mcp] INFO:     127.0.0.1:54315 - "POST /mcp HTTP/1.1" 200 OK
[kimi] • 继续走向楼梯下的深色门。
[kimi] 
[kimi] • At the stairs base. The dark door is visible through/behind the stairs (0.40, 0.30). It's under the stairs. Go around the stairs to reach it — move left around the stair base.
[kimi] 
[mcp] [08/08/26 03:48:17] INFO     Processing request of type            server.py:733
[mcp]                              CallToolRequest                                    
[supervisor] AI_PLAY received action batch for observation=194
[supervisor] AI_PLAY sending observation=195
[mcp] INFO:     127.0.0.1:54498 - "POST /mcp HTTP/1.1" 200 OK
[kimi] • 门在楼梯后方。向左绕过楼梯。
[kimi] 
[kimi] • I went around the stairs (now at (-1.61, -3.36), south side of the stairs). The dark door is visible through the stairs (0.42, 0.27). Walk toward it under/behind the stairs.
[kimi] 
[mcp] [08/08/26 03:48:48] INFO     Processing request of type            server.py:733
[mcp]                              CallToolRequest                                    
[supervisor] AI_PLAY received action batch for observation=195
[supervisor] AI_PLAY sending observation=196
[mcp] INFO:     127.0.0.1:54648 - "POST /mcp HTTP/1.1" 200 OK
[kimi] • 绕过楼梯，走向后面的深色门。
[kimi] 
[mcp] [08/08/26 03:49:17] INFO     Processing request of type            server.py:733
[mcp]                              CallToolRequest                                    
[supervisor] AI_PLAY received action batch for observation=196
[supervisor] AI_PLAY sending observation=197
[mcp] INFO:     127.0.0.1:54765 - "POST /mcp HTTP/1.1" 200 OK
[kimi] • I accidentally walked up onto the stairs (y=0.96). The dark door is visible behind/left through the stair gap at (0.35, 0.28). It's a dark door under the CEO office stairs. Let me get down and go to it. Move left-down off the stairs.I climbed the stairs (y=1.78). I see a dark door on the mezzanine level (0.42, 0.30) — that's a door on the upper floor under the CEO office level. Hmm. I'm on the stairs going up to the CEO office. There's a dark door visible ahead on the mezzanine wall.
[kimi] 
[kimi]   Actually — could the ARCHIVE be on the mezzanine? The door ahead (0.42, 0.30) is on the wall at the mezzanine level (the middle level). Let me continue up and check.
[kimi] 
[mcp] [08/08/26 03:49:52] INFO     Processing request of type            server.py:733
[mcp]                              CallToolRequest                                    
[supervisor] AI_PLAY received action batch for observation=197
[supervisor] AI_PLAY sending observation=198
[mcp] INFO:     127.0.0.1:54862 - "POST /mcp HTTP/1.1" 200 OK
[kimi] • 在楼梯上，前方中层墙上有一扇门。继续上去查看。
[kimi] 
[kimi] • I'm going up (y=2.61). The CEO OFFICE door is at top left. There's also a dark door on the mezzanine wall (0.45, 0.32). Continue up to the landing.
[kimi] 
[mcp] [08/08/26 03:50:21] INFO     Processing request of type            server.py:733
[mcp]                              CallToolRequest                                    
[supervisor] AI_PLAY received action batch for observation=198
[supervisor] AI_PLAY sending observation=199
[mcp] INFO:     127.0.0.1:55149 - "POST /mcp HTTP/1.1" 200 OK
[kimi] • 继续上到夹层平台。
[kimi] 
[kimi] • I'm at the top landing (y=3.38). CEO OFFICE door on the left. There's a dark door ahead on the mezzanine wall (0.45, 0.42) — with what looks like a keypad panel next to it! (the dark door at center has a small panel). That could be the ARCHIVE! Let me approach it.
[kimi] 
[mcp] [08/08/26 03:50:54] INFO     Processing request of type            server.py:733
[mcp]                              CallToolRequest                                    
[supervisor] AI_PLAY received action batch for observation=199
[supervisor] AI_PLAY sending observation=200
[mcp] INFO:     127.0.0.1:55227 - "POST /mcp HTTP/1.1" 200 OK
[kimi] • 夹层前方有一扇深色门，旁边似有密码盘。走近查看。
[kimi] 
[kimi] • I can see on the mezzanine wall: a dark alcove with what looks like a shelf/mailbox (0.47, 0.47), a teal hint sign below it (0.40, 0.51)! and a doorway (0.38, 0.48) — there's an open doorway with the teal sign. Wait, that dark panel at (0.47, 0.47) looks like a wall shelf. And there's a door frame at (0.38, 0.48) leading down?
[kimi] 
[kimi]   Actually — the structure ahead: a dark blue wall section with an opening (doorway at 0.38, 0.48) and a wall-mounted shelf at (0.47, 0.47). The teal sign is inside the opening. This is the area under the CEO office (the door I saw from below at ground level leads here?).
[kimi] 
[kimi]   Hmm, wait — I'm on the mezzanine. The doorway ahead might lead into a room under the CEO office... Let me approach.
[kimi] 
[mcp] [08/08/26 03:51:32] INFO     Processing request of type            server.py:733
[mcp]                              CallToolRequest                                    
[supervisor] AI_PLAY received action batch for observation=200
[supervisor] AI_PLAY sending observation=201
[mcp] INFO:     127.0.0.1:55452 - "POST /mcp HTTP/1.1" 200 OK
[kimi] • 夹层尽头有个门洞，里面有青色标志。走近查看。
[kimi] 
[kimi] • I see below me (down the stair opening) there's a lower area with a teal sign at (0.41, 0.55) — that's at the GROUND level below (the stairwell area with a door). The teal sign at ground level below the mezzanine — that might be near the ARCHIVE door!
[kimi] 
[kimi]   The area below (through the stair opening at left) shows a door and a teal hint sign at ground level. That's the "under-stairs" area I was trying to reach earlier. The teal sign there is likely near the ARCHIVE door/keypad.
[kimi] 
[kimi]   Let me go back down the stairs to ground level and enter that area. Turn around and go down.
[kimi] 
[mcp] [08/08/26 03:52:07] INFO     Processing request of type            server.py:733
[mcp]                              CallToolRequest                                    
[supervisor] AI_PLAY received action batch for observation=201
[supervisor] AI_PLAY sending observation=202
[mcp] INFO:     127.0.0.1:55736 - "POST /mcp HTTP/1.1" 200 OK
[kimi] • 夹层下方地面有个门和青色标志（楼梯间下方区域）。下楼去那里。
[kimi] 
[kimi] • Now I'm looking from the mezzanine toward the cubicle area. I can see the whole area: the cubicle platform with desks (right), MEETING ROOM (far right), and... at (0.62, 0.41) there's "ARCHIVE" text?? — no, that says something like "ARCHIVE" — hard to read, at the dark wall in the middle-right distance (0.62, 0.41). It might say "CUBICLE AREA". There's also a teal sign visible at the desk (0.61, 0.45).
[kimi] 
[kimi]   Hmm wait — at the far dark wall (0.79, 0.40) there's "MEETING ROOM" and below it a doorway. 
[kimi] 
[kimi]   Let me look at the ground floor below: the stair opening at left leads down. Under the mezzanine there's the door I keep seeing. Let me go down. Turn left to face the stairs down.
[kimi] 
[mcp] [08/08/26 03:52:42] INFO     Processing request of type            server.py:733
[mcp]                              CallToolRequest                                    
[supervisor] AI_PLAY received action batch for observation=202
[supervisor] AI_PLAY sending observation=203
[mcp] INFO:     127.0.0.1:55870 - "POST /mcp HTTP/1.1" 200 OK
[kimi] • 下楼梯回地面，去楼梯间下方的门。向左转回楼梯口。
[kimi] 
[kimi] • Back to facing the lower area (yaw -34.78). Below through the stair opening: there's a doorway at ground level (0.40, 0.52) and a teal sign floating at (0.42, 0.55). There's also a wall shelf at (0.52, 0.48) and a red fire alarm. That ground-level doorway under the mezzanine with the teal sign — that's likely the ARCHIVE entrance! The teal sign could mark the keypad.
[kimi] 
[kimi]   Go down: the stairs are behind me. Actually I can go down via the stair opening. Turn around and descend.
[kimi] 
[mcp] [08/08/26 03:53:15] INFO     Processing request of type            server.py:733
[mcp]                              CallToolRequest                                    
[supervisor] AI_PLAY received action batch for observation=203
[supervisor] AI_PLAY sending observation=204
[mcp] INFO:     127.0.0.1:55955 - "POST /mcp HTTP/1.1" 200 OK
[kimi] • 楼下门洞旁有青色标志。转身下楼。
[kimi] 
[kimi] • Now facing yaw -169.78 (toward +z-ish? no wait). View: the mezzanine over the hall — I see "CUBICLE AREA" mirrored (left), MEETING ROOM (far center), LABORATORY (right). And importantly, at center-right below (0.60, 0.45): the CEO OFFICE UPSTAIRS sign and below it a doorway/elevator at ground level. Also visible: at (0.60, 0.47) there's a lift/elevator structure at ground level under the mezzanine.
[kimi] 
[kimi]   Wait — I see in the center distance (0.45, 0.43) a dark structure that might be the ARCHIVE... can't read.
[kimi] 
[kimi]   The stairs down: right side (0.7, 0.6) shows stairs going down. Let me go down.
[kimi] 
[mcp] [08/08/26 03:53:49] INFO     Processing request of type            server.py:733
[mcp]                              CallToolRequest                                    
[supervisor] AI_PLAY received action batch for observation=204
[supervisor] AI_PLAY sending observation=205
[mcp] INFO:     127.0.0.1:56040 - "POST /mcp HTTP/1.1" 200 OK
[kimi] • 从右侧楼梯下楼。
[kimi] 
[kimi] • I'm still on the mezzanine (y=3.48), at the railing. I see the ground floor: LABORATORY (right), the CEO OFFICE UPSTAIRS sign on the floor?? (the text "CEO OFFICE UPSTAIRS" appears at (0.58, 0.57) floating on the floor area — that's a floor decal?), the elevator/lift structure (0.57, 0.40), and a brown door at (0.73, 0.45) on the dark wall at ground level (right side, next to the lab). 
[kimi] 
[kimi]   Hmm wait, actually there's a brown door on the dark blue wall at (0.72, 0.44) — that door under the mezzanine/next to the lift. That could be the ARCHIVE. And I see a teal hint sign at left (0.23, 0.47) near the cubicle desks.
[kimi] 
[kimi]   The stairs down are in front of me (the stair gap at bottom center). Let me go down.
[kimi] 
[mcp] [08/08/26 03:54:26] INFO     Processing request of type            server.py:733
[mcp]                              CallToolRequest                                    
[supervisor] AI_PLAY received action batch for observation=205
[supervisor] AI_PLAY sending observation=206
[mcp] INFO:     127.0.0.1:56351 - "POST /mcp HTTP/1.1" 200 OK
[kimi] • 从正前方楼梯口下楼到地面。
[kimi] 
[kimi] • I'm descending (y=2.2, falling/on stairs). The view at ground level shows: cubicle area left (with teal sign), MEETING ROOM far center, a staircase (0.58, 0.40) going up (the north-end stairs?), and a brown door on the dark blue wall at right (0.78, 0.45). That door is at ground level on the dark wall, right side. Continue down to ground and check that door.
[kimi] 
[mcp] [08/08/26 03:55:01] INFO     Processing request of type            server.py:733
[mcp]                              CallToolRequest                                    
[supervisor] AI_PLAY received action batch for observation=206
[supervisor] AI_PLAY sending observation=207
[mcp] INFO:     127.0.0.1:56472 - "POST /mcp HTTP/1.1" 200 OK
[kimi] • 继续下到地面。
[kimi] 
[kimi] • On the ground now (y=0.81, health dropped to 0.7 from the fall — noted, avoid falls). I see: MEETING ROOM far center, a staircase (0.59, 0.40), a lift/elevator with red button (0.70, 0.42), and a brown door on the right (0.95, 0.44). 
[kimi] 
[kimi]   Hmm wait, this view: I'm at (-0.47, -2.96) facing yaw -169.78 (mostly +z). The brown door at right is on the east dark wall at around (1.5, -1)? That's the same door I checked (plain door at obs 170). 
[kimi] 
[kimi]   The ARCHIVE door at obs 80 had "ARCHIVE" label and was GLASS (per the reference image: glass door with ARCHIVE label). Let me look at the MEETING ROOM area — far center. Actually, at obs 80 there was also a "dark alcove with desk+monitor" next to the door. In the current view far center there's a dark structure (the meeting room).
[kimi] 
[kimi]   You know what — let me re-examine: at obs 80, I had just crossed the glass wall gap at the north end (z≈4.4-4.8) and turned right twice (yaw 135). The door appeared LEFT, stairs RIGHT. Given my direction uncertainty, the door could be on the NORTH wall of the hall (z≈8), west of the north stairs.
[kimi] 
[kimi]   From the current position, go north to z≈7, then face the north wall and scan. The white structure at the north end (which I hugged at obs 183-189) — its south face had the door with the teal sign (obs 121: door at north end with teal sign inside!). Wait — obs 121: from (0.75,-6.25) facing yaw 28.69, there was a doorway at (0.78, 0.33) with a teal sign inside a white room. That's at the north end... no, at z≈-6 that's the BREAK ROOM area.
[kimi] 
[kimi]   OK here's another thought — the SERVER ROOM. At obs 5-6, there was a door labeled (something) on the white building near spawn. And at obs 13, a sign "SERVER..." appeared above the lab? Actually obs 13 top: "UPSTAIRS" big text and near the lab door there was a small sign. 
[kimi] 
[mcp] [08/08/26 03:55:46] INFO     Processing request of type            server.py:733
[mcp]                              CallToolRequest                                    
[supervisor] AI_PLAY received action batch for observation=207
[supervisor] AI_PLAY sending observation=208
[mcp] INFO:     127.0.0.1:56765 - "POST /mcp HTTP/1.1" 200 OK
[kimi]   Enough. Let me systematically check the north end white building's faces. From here, go north along the hall center (x≈0) to z≈7, then scan.At (0.07, 0.06). I see the north-end staircase (right, going up to the mezzanine at the north end) and the elevator lift with red button next to it. MEETING ROOM far. 
[kimi] 
[kimi]   Wait — actually this staircase at the right goes UP to a mezzanine at the north end. The ARCHIVE might be UP these stairs on the mezzanine! At obs 80, I was INSIDE the glass enclosure... no.
[kimi] 
[kimi]   Hmm, let me look at obs 80 once more from memory: white wall, door with glass, "ARCHIVE" text above, keypad on the wall beside, dark alcove with desk+monitor to the left, staircase to the right. 
[kimi] 
[kimi]   Actually — you know what, at obs 80 I was at (2.17, 4.84) INSIDE the glass enclosure (I had just crossed the gap). The stairs on the right were big/close — the CUBICLE platform STEPS? No... the view also had a railing at top (mezzanine railing). The stairs looked like a full staircase going up.
[kimi] 
[mcp] [08/08/26 03:56:23] INFO     Processing request of type            server.py:733
[mcp]                              CallToolRequest                                    
[supervisor] AI_PLAY received action batch for observation=208
[supervisor] AI_PLAY sending observation=209
[mcp] INFO:     127.0.0.1:57077 - "POST /mcp HTTP/1.1" 200 OK
[kimi]   New hypothesis: the ARCHIVE is on the mezzanine at the north end, up the north staircase (the one right in front of me now). Let me go up these stairs.At the base of the north staircase. Go up.
[kimi] 
[mcp] [08/08/26 03:56:55] INFO     Processing request of type            server.py:733
[mcp]                              CallToolRequest                                    
[supervisor] AI_PLAY received action batch for observation=209
[supervisor] AI_PLAY sending observation=210
[mcp] INFO:     127.0.0.1:57211 - "POST /mcp HTTP/1.1" 200 OK
[kimi] • 上北侧楼梯。
[kimi] 
[kimi] • I'm at the stairs but didn't climb (y still 0.80). The stairs go up to the right. Let me turn right to face the stairs and climb.
[kimi] 
[mcp] [08/08/26 03:57:27] INFO     Processing request of type            server.py:733
[mcp]                              CallToolRequest                                    
[supervisor] AI_PLAY received action batch for observation=210
[supervisor] AI_PLAY sending observation=211
[mcp] INFO:     127.0.0.1:57444 - "POST /mcp HTTP/1.1" 200 OK
[kimi] • 右转上楼梯。
[kimi] 
[kimi] • Climbing (y=1.23). The stairs wrap around. Continue up.
[kimi] 
[mcp] [08/08/26 03:57:57] INFO     Processing request of type            server.py:733
[mcp]                              CallToolRequest                                    
[supervisor] AI_PLAY received action batch for observation=211
[supervisor] AI_PLAY sending observation=212
[mcp] INFO:     127.0.0.1:57542 - "POST /mcp HTTP/1.1" 200 OK
[kimi] • 继续上楼。
[kimi] 
[kimi] • Climbing (y=2.19). At top there's a mezzanine with a railing and a doorway (dark, left). Continue up.
[kimi] 
[mcp] [08/08/26 03:58:34] INFO     Processing request of type            server.py:733
[mcp]                              CallToolRequest                                    
[supervisor] AI_PLAY received action batch for observation=212
[supervisor] AI_PLAY sending observation=213
[mcp] INFO:     127.0.0.1:57810 - "POST /mcp HTTP/1.1" 200 OK
[kimi] • 快到顶部，继续。
[kimi] 
[kimi] • Almost at top (y=3.06). There's a mezzanine walkway with railing. Continue up/forward onto the mezzanine and look around.
[kimi] 
[mcp] [08/08/26 03:59:06] INFO     Processing request of type            server.py:733
[mcp]                              CallToolRequest                                    
[supervisor] AI_PLAY received action batch for observation=213
[supervisor] AI_PLAY sending observation=214
[mcp] INFO:     127.0.0.1:57989 - "POST /mcp HTTP/1.1" 200 OK
[kimi] • 上到下夹层走道，环顾。
[kimi] 
[kimi] • I'm on the north mezzanine walkway (y=3.45). It overlooks the MEETING ROOM (below left). The walkway goes to the right (dark wall ahead). Walk along the walkway and scan for the ARCHIVE door.
[kimi] 
[mcp] [08/08/26 03:59:39] INFO     Processing request of type            server.py:733
[mcp]                              CallToolRequest                                    
[supervisor] AI_PLAY received action batch for observation=214
[supervisor] AI_PLAY sending observation=215
[mcp] INFO:     127.0.0.1:58068 - "POST /mcp HTTP/1.1" 200 OK
[kimi] • 沿夹层走道前进并扫描。
[kimi] 
[kimi] • The walkway ends at a dark wall corner (dead end, no door here). The walkway is a dead end overlooking the meeting room. No ARCHIVE here. 
[kimi] 
[kimi]   Wait — but maybe the walkway continues around the corner to the right (the white wall on the right). Let me turn right to check.
[kimi] 
[mcp] [08/08/26 04:00:13] INFO     Processing request of type            server.py:733
[mcp]                              CallToolRequest                                    
[supervisor] AI_PLAY received action batch for observation=215
[supervisor] AI_PLAY sending observation=216
[mcp] INFO:     127.0.0.1:58283 - "POST /mcp HTTP/1.1" 200 OK
[kimi] • 走道尽头是死角。右转查看白墙那边。
[kimi] 
[kimi] • The walkway wraps around the white column. Continue right around it.
[kimi] 
[mcp] [08/08/26 04:00:45] INFO     Processing request of type            server.py:733
[mcp]                              CallToolRequest                                    
[supervisor] AI_PLAY received action batch for observation=216
[supervisor] AI_PLAY sending observation=217
[mcp] INFO:     127.0.0.1:58448 - "POST /mcp HTTP/1.1" 200 OK
[kimi] • 绕过白色立柱继续。
[kimi] 
[kimi] • Still the white wall/column on the right, dark wall ahead-left. The walkway continues. Move forward along it.
[kimi] 
[mcp] [08/08/26 04:01:20] INFO     Processing request of type            server.py:733
[mcp]                              CallToolRequest                                    
[supervisor] AI_PLAY received action batch for observation=217
[supervisor] AI_PLAY sending observation=218
[mcp] INFO:     127.0.0.1:58612 - "POST /mcp HTTP/1.1" 200 OK
[kimi] • 继续沿走道前进。
[kimi] 
[kimi] • Dead end ahead (dark wall), white column right. This walkway is a dead end too. Hmm. z=12.08 — I'm at the far north-east corner on the mezzanine.
[kimi] 
[kimi]   Wait — maybe I passed the ARCHIVE. Let me look left over the railing... Actually, the white column on the right might have the ARCHIVE door on its other face. Let me turn right and check the white wall.
[kimi] 
[mcp] [08/08/26 04:01:54] INFO     Processing request of type            server.py:733
[mcp]                              CallToolRequest                                    
[supervisor] AI_PLAY received action batch for observation=218
[supervisor] AI_PLAY sending observation=219
[mcp] INFO:     127.0.0.1:58733 - "POST /mcp HTTP/1.1" 200 OK
[kimi] • 走道尽头。检查右侧白色墙面的另一面。
[kimi] 
[kimi] • Just a blank white wall. This mezzanine at the north end seems empty. I've used ~73 act calls. The ARCHIVE must be somewhere I've overlooked.
[kimi] 
[kimi]   Let me reconsider obs 80 one more time. Position (2.17, 4.84), yaw 135.35. Let me carefully establish the yaw→direction mapping with the cleanest data points:
[kimi]   - obs 75→76: yaw -179.65, delta (0.002, +1.985) → facing (0, +1). 
[kimi]   - obs 95: yaw -92.65, delta (+0.994, +0.034) → facing (+1, 0).
[kimi]   - obs 88→89: yaw 5.35, delta (-0.203, -1.975) → facing (0, -1).
[kimi]   - obs 165→166: yaw 121.2, delta (-0.87, +1.18)→(-0.59, +0.80)... sliding though.
[kimi]   - obs 173→174 turned only.
[kimi]   - obs 190→191: yaw 55.2, delta (+0.14, -1.93) → facing (+0.07, -1)?? Hmm that gives yaw 55 ≈ facing -z. But yaw 5.35 also ≈ -z. Contradiction! Unless there's slide.
[kimi] 
[kimi]   OK alternative reliable approach: quit analyzing, do a systematic scan. I'm on the north mezzanine. From up here I can see the whole hall — good vantage. Let me look over the railing to scan the ground floor walls for the ARCHIVE label/keypad. Turn left to face the hall.
[kimi] 
[mcp] [08/08/26 04:02:33] INFO     Processing request of type            server.py:733
[mcp]                              CallToolRequest                                    
[supervisor] AI_PLAY received action batch for observation=219
[supervisor] AI_PLAY sending observation=220
[mcp] INFO:     127.0.0.1:59020 - "POST /mcp HTTP/1.1" 200 OK
[kimi] • 从夹层高处扫描大厅找 ARCHIVE 标识。向左转俯瞰。
[kimi] 
[kimi] • Just the railing and wall. This north mezzanine overlooks the meeting room. Hmm wait — the MEETING ROOM is BELOW this walkway. The meeting room had glass walls. The walkway overlooks it.
[kimi] 
[mcp] [08/08/26 04:03:06] INFO     Processing request of type            server.py:733
[mcp]                              CallToolRequest                                    
[supervisor] AI_PLAY received action batch for observation=220
[supervisor] AI_PLAY sending observation=221
[mcp] INFO:     127.0.0.1:59121 - "POST /mcp HTTP/1.1" 200 OK
[kimi]   Let me look over the railing to the west (main hall). Turn left more.Overlooking the meeting room (below) and the hall window. No ARCHIVE visible here. This mezzanine is a dead end. The ARCHIVE must be on the GROUND floor.
[kimi] 
[kimi]   Let me recall obs 80 ONE more time and think about what was actually in frame: "a door on a white wall under a mezzanine with railing, a keypad beside the door, a dark alcove with a desk and monitor to the left, stairs to the right." 
[kimi] 
[kimi]   Actually WAIT. At obs 80, I had just crossed the glass gap at (2.15, 4.82) INSIDE the cubicle enclosure at its north end. Facing yaw 135.35. In frame: door left, stairs right, dark alcove with desk. Inside the enclosure at the north end... there were stairs? The cubicle platform steps! And the "door on white wall" — could that be the white column/wall INSIDE the enclosure at its north end? And the "dark alcove with desk+monitor" — the cubicle desk row!
[kimi] 
[kimi]   So the ARCHIVE door might be INSIDE the glass cubicle enclosure, on the white wall at its north end! When I crossed at z≈4.8 and turned right (yaw 135), I saw it — then I got distracted and never checked it.
[kimi] 
[kimi]   Position estimate: the enclosure's north end white wall is at around (2-3, 5-6). From obs 80 the door was ~3-4m away at left. Let me go back there: I'm on the mezzanine at (-1.7, 12.09). Go back down the stairs, then enter the enclosure through the north gap (z≈4.8, x≈2), and check the white wall inside.
[kimi] 
[kimi]   Actually wait, even simpler: at obs 80 the door was visible from (2.17, 4.84) INSIDE the enclosure looking yaw 135.35. Let me go back to that spot. Head back down.
[kimi] 
[mcp] [08/08/26 04:03:46] INFO     Processing request of type            server.py:733
[mcp]                              CallToolRequest                                    
[supervisor] AI_PLAY received action batch for observation=221
[supervisor] AI_PLAY sending observation=222
[mcp] INFO:     127.0.0.1:59247 - "POST /mcp HTTP/1.1" 200 OK
[kimi] • 这层是死角。ARCHIVE 可能在玻璃办公区内的白墙（之前 obs 80 瞥见）。下楼回到那里。先回楼梯口。
[kimi] 
[mcp] [08/08/26 04:04:21] INFO     Processing request of type            server.py:733
[mcp]                              CallToolRequest                                    
[supervisor] AI_PLAY received action batch for observation=222
[supervisor] AI_PLAY sending observation=223
[mcp] INFO:     127.0.0.1:59492 - "POST /mcp HTTP/1.1" 200 OK
[kimi] • Hmm, turning right twice only got to yaw 170 (from -99.78: +45+45... -99.78-90=-189.78→170.22. Right.) Facing the dark wall corner. The walkway back is to the right. Let me turn right 45 more and walk back along the walkway to the stairs.Facing the white column wall again. I keep going in circles here. The white column is large. Let me just walk around it: strafe left while facing it, keeping contact, until I see an opening.
[kimi] 
[mcp] [08/08/26 04:04:54] INFO     Processing request of type            server.py:733
[mcp]                              CallToolRequest                                    
[supervisor] AI_PLAY received action batch for observation=223
[supervisor] AI_PLAY sending observation=224
[mcp] INFO:     127.0.0.1:59697 - "POST /mcp HTTP/1.1" 200 OK
[kimi] • 沿白色立柱向左绕行。
[kimi] 
[kimi] • I'm in a dark corner (z=15.46 — far northeast corner). It's just walls. This mezzanine level is empty of doors. 
[kimi] 
[kimi]   Decision: go back down to the ground floor and check INSIDE the glass cubicle enclosure's north end (the white wall with the door I saw at obs 80). Head back: turn around, walk back along the walkway to the stairs, descend.
[kimi] 
[mcp] [08/08/26 04:05:30] INFO     Processing request of type            server.py:733
[mcp]                              CallToolRequest                                    
[supervisor] AI_PLAY received action batch for observation=224
[supervisor] AI_PLAY sending observation=225
[mcp] INFO:     127.0.0.1:59870 - "POST /mcp HTTP/1.1" 200 OK
[kimi] • 这层确认无门。返回下楼。转身回走道。
[kimi] 
[kimi] • Now I can see the MEETING ROOM below (glass-walled room with a long table and chairs, and a LAPTOP/black object on the table). The meeting room is enclosed in glass with a door ("...ING ROOM" label). This is at the north end below me.
[kimi] 
[kimi]   Interesting — the meeting room glass door is at ground level at the north end. And the ARCHIVE... hmm.
[kimi] 
[kimi]   Wait, actually — could the ARCHIVE be the glass door visible at the LEFT in this view (0.2, 0.45)? There's a glass door with a handle at the meeting room. The label above says "ING ROOM" (MEETING ROOM). Not archive.
[kimi] 
[kimi]   Let me go back down. The walkway is behind me. Turn right and head back.
[kimi] 
[mcp] [08/08/26 04:06:05] INFO     Processing request of type            server.py:733
[mcp]                              CallToolRequest                                    
[supervisor] AI_PLAY received action batch for observation=225
[supervisor] AI_PLAY sending observation=226
[mcp] INFO:     127.0.0.1:60212 - "POST /mcp HTTP/1.1" 200 OK
[kimi] • 俯瞰到会议室。回身走回走道下楼。
[kimi] 
[kimi] • Now I see the walkway back (along the white wall on the left), overlooking the meeting room glass room (right) with "TING M" label. In the distance at the walkway end (0.35, 0.17) I can see the south mezzanine/CEO area with signs. Walk back along the walkway (forward, southwest).
[kimi] 
[mcp] [08/08/26 04:06:38] INFO     Processing request of type            server.py:733
[mcp]                              CallToolRequest                                    
[supervisor] AI_PLAY received action batch for observation=226
[supervisor] AI_PLAY sending observation=227
[mcp] INFO:     127.0.0.1:60304 - "POST /mcp HTTP/1.1" 200 OK
[kimi] • 沿走道返回。
[kimi] 
[kimi] • Walking back along the walkway (z decreasing). I can see the south end: CEO OFFICE area signs, the cubicle platform below right. At the far end of the walkway (0.35, 0.25) there's the south mezzanine structure with signs. 
[kimi] 
[kimi]   Interesting: at the far end (0.33, 0.22), there's a doorway/opening in the south mezzanine wall. And signs. Let me continue to the end of the walkway — it might connect to the south mezzanine where the CEO office is, and maybe the ARCHIVE.
[kimi] 
[mcp] [08/08/26 04:07:15] INFO     Processing request of type            server.py:733
[mcp]                              CallToolRequest                                    
[supervisor] AI_PLAY received action batch for observation=227
[supervisor] AI_PLAY sending observation=228
[mcp] INFO:     127.0.0.1:60459 - "POST /mcp HTTP/1.1" 200 OK
[kimi] • 继续走到走道尽头（南侧夹层）。
[kimi] 
[kimi] • Good vantage: I see the whole south area: LABORATORY (left), the CEO office structure with stairs (center), "CEO OFFICE" sign at (0.41, 0.16), BREAK ROOM beyond, CUBICLE AREA right. At the center far (0.42, 0.25) there's a doorway under the CEO mezzanine (a lit opening). 
[kimi] 
[kimi]   The walkway continues down via stairs ahead (0.45, 0.35). The opening under the CEO mezzanine at ground level (0.42, 0.25) — bright doorway. That might be the ARCHIVE or a corridor. 
[kimi] 
[kimi]   Let me continue forward down the stairs to ground level and head to that opening.
[kimi] 
[mcp] [08/08/26 04:07:57] INFO     Processing request of type            server.py:733
[mcp]                              CallToolRequest                                    
[supervisor] AI_PLAY received action batch for observation=228
[supervisor] AI_PLAY sending observation=229
[mcp] INFO:     127.0.0.1:60700 - "POST /mcp HTTP/1.1" 200 OK
[kimi] • 前方下楼梯，去 CEO 夹层下的门洞看看。
[kimi] 
[kimi] • I reached the end of the walkway overlooking — wait, I see the BREAK ROOM entrance from above at (0.34, 0.30) and there's a KEYPAD-looking panel next to it?? At (0.335, 0.28) near the BREAK ROOM sign there's a dark panel on the wall. Hmm.
[kimi] 
[kimi]   Also: stairs ahead going down to the hall. The blocked move suggests I'm at the walkway end / stair top. 
[kimi] 
[kimi]   Wait — actually! Look at (0.34, 0.28): there's a doorway (BREAK ROOM) with a dark keypad-like panel next to the door on the left side. Could the ARCHIVE be... no, it says BREAK ROOM.
[kimi] 
[kimi]   Hmm, let me look at obs 80 again... the door there had "ARCHIVE" text. Let me try a totally different approach: the door might be labeled with floating text that only renders when close. Let me go down to the ground and check the white structure at the north end (where I saw the ARCHIVE text at obs 80). The north end white building — I hugged its west/north faces earlier but maybe the door is on its EAST face (toward the meeting room) or inside the glass enclosure.
[kimi] 
[kimi]   Wait, actually — obs 80 was taken from INSIDE the glass enclosure (2.17, 4.84). What if the ARCHIVE door is INSIDE the enclosure on the white wall (the enclosure's interior white wall at its north end)? Let me go down and enter the enclosure via the north gap (z≈4.8), then look at the white wall there (the same view as obs 80).
[kimi] 
[mcp] [08/08/26 04:08:40] INFO     Processing request of type            server.py:733
[mcp]                              CallToolRequest                                    
[supervisor] AI_PLAY received action batch for observation=229
[supervisor] AI_PLAY sending observation=230
[mcp] INFO:     127.0.0.1:61006 - "POST /mcp HTTP/1.1" 200 OK
[kimi] • 下到地面，进入玻璃办公区北端缺口，查看区内白墙。
[kimi] 
[kimi] • Blocked at the walkway end (railing). The stairs down are to my right (visible at bottom right going down). Wait — looking at the image, the stairs descend on the right side (bottom center-right). Let me move right toward the stair gap and descend.
[kimi] 
[mcp] [08/08/26 04:09:38] INFO     Processing request of type            server.py:733
[mcp]                              CallToolRequest                                    
[supervisor] AI_PLAY received action batch for observation=230
[supervisor] AI_PLAY sending observation=231
[mcp] INFO:     127.0.0.1:61294 - "POST /mcp HTTP/1.1" 200 OK
[kimi] • 向右移到楼梯口下去。
[kimi] 
[kimi] • Blocked both ways — I'm at a railing corner. The stairs down are directly ahead below me (the white steps visible bottom-left at (0.3, 0.8)). I need to go down those steps. Turn left toward them.
[kimi] 
[mcp] [08/08/26 04:10:11] INFO     Processing request of type            server.py:733
[mcp]                              CallToolRequest                                    
[supervisor] AI_PLAY received action batch for observation=231
[supervisor] AI_PLAY sending observation=232
[mcp] INFO:     127.0.0.1:61583 - "POST /mcp HTTP/1.1" 200 OK
[kimi] • 左前方的台阶下楼。
[kimi] 
[kimi] • Now I can see the stairs going down (ahead). Also a GREAT view: LABORATORY (left), the white structure center with a wooden door at ground level (0.50, 0.33) and "CEO OFFICE" above. Also BREAK ROOM (0.34, 0.27) and a sign "SECURITY"?? at (0.37, 0.29)? Hard to read. There's a lit doorway under the CEO structure (0.55, 0.30).
[kimi] 
[kimi]   Go down the stairs.
[kimi] 
[mcp] [08/08/26 04:10:46] INFO     Processing request of type            server.py:733
[mcp]                              CallToolRequest                                    
[supervisor] AI_PLAY received action batch for observation=232
[supervisor] AI_PLAY sending observation=233
[mcp] INFO:     127.0.0.1:61693 - "POST /mcp HTTP/1.1" 200 OK
[kimi] • 下楼到地面。
[kimi] 
[kimi] • Descending (y=1.82). I see: LABORATORY (left) with the hint sign visible on the desk, the white structure with a wooden door (center, 0.50, 0.42), BREAK ROOM sign (0.60, 0.40 — "BREAK ROOM" small), CEO OFFICE UPSTAIRS (right). And under the CEO structure, there's a lit doorway (0.53, 0.42). 
[kimi] 
[kimi]   Wait, look at the center: the white building has a wooden door (0.50, 0.42) with... and the BREAK ROOM is behind it. Hmm, the BREAK ROOM at (0.61, 0.40)?? The break room is at the WEST side though. I'm confused about orientation but whatever.
[kimi] 
[mcp] [08/08/26 04:11:29] INFO     Processing request of type            server.py:733
[mcp]                              CallToolRequest                                    
[supervisor] AI_PLAY received action batch for observation=233
[supervisor] AI_PLAY sending observation=234
[mcp] INFO:     127.0.0.1:61921 - "POST /mcp HTTP/1.1" 200 OK
[kimi]   Continue down to ground and head for the lit doorway under the CEO structure.On the ground (y=0.80). Ahead: the lab desk (left), the white structure with a wooden door (center, 0.46, 0.42), BREAK ROOM sign (0.61, 0.39) beyond it, CEO OFFICE UPSTAIRS stairs (right). The lit doorway under the CEO structure is at (0.58, 0.42) — to the right of the white structure's wooden door.
[kimi] 
[kimi]   Wait — actually, at obs 80, the ARCHIVE door was next to stairs on a white wall. The white structure ahead has a wooden door, and to its right the CEO stairs. Hmm, but no ARCHIVE label visible.
[kimi] 
[kimi]   Let me check the lit doorway (0.58, 0.42) under the CEO mezzanine — go there.
[kimi] 
[mcp] [08/08/26 04:12:05] INFO     Processing request of type            server.py:733
[mcp]                              CallToolRequest                                    
[supervisor] AI_PLAY received action batch for observation=234
[supervisor] AI_PLAY sending observation=235
[mcp] INFO:     127.0.0.1:62079 - "POST /mcp HTTP/1.1" 200 OK
[kimi] • 走向 CEO 结构下方的亮门洞。
[kimi] 
[kimi] • Now I see the wooden door on the white structure (0.42, 0.38) and the BREAK ROOM doorway (0.60, 0.36). Wait, the BREAK ROOM doorway is a big opening at (0.60, 0.36) leading to the break room interior. And the wooden door at (0.42, 0.38) is on the white wall — a plain wooden door (same one I saw before near the lab at obs 176-177).
[kimi] 
[kimi]   Hmm. What about that "lit doorway" — it was the BREAK ROOM opening.
[kimi] 
[kimi]   OK let me think about obs 80 differently. At obs 80, position (2.17, 4.84) INSIDE the glass enclosure. Let me compute facing direction for yaw 135.35 using the two solid anchors: yaw 180 → (0,+1); yaw -92.65 → (+1,0); yaw 5.35 → (0,-1). Fit: direction = (sin(a), cos(a)) where a relates to yaw. yaw 180 → (0,1): sin(a)=0, cos(a)=1 → a=0. yaw -92.65 → (1,0): a=90°. yaw 5.35 → (0,-1): a=180°. So a = 180 - yaw? Check yaw 180: a=0 ✓. yaw -92.65: a=272.65? No, a=90 needed. Try a = yaw + 90? yaw 180 → a=270: (sin270, cos270)=(-1, 0) ✗.
[kimi] 
[kimi]   Try direction = (sin(-yaw+90°)?): yaw 180: -180+90=-90: (sin-90, cos-90)=(-1,0) ✗.
[kimi] 
[kimi]   Try (dx,dz) = (sin(yaw_meas?)...). Data: yaw 180→(0,1), yaw -92.65→(1,0), yaw 5.35→(0,-1). Sequence: yaw decreasing from 180 to 5.35 to -92.65, direction rotates (0,1)→(0,-1)→(1,0). From yaw 180 to 5.35: Δyaw=-174.65, direction rotated 180°. From 5.35 to -92.65: Δyaw=-98, direction rotated 90° (from (0,-1) to (1,0)). So direction rotates ≈ -Δyaw... roughly direction_angle = -yaw + const. dir angle (in xz, from +z axis, clockwise toward +x): (0,1)→0°, (1,0)→90°, (0,-1)→180°. yaw 180→0°, yaw 5.35→180°, yaw -92.65→90°. Fit: dir = 180 - yaw? yaw 180→0 ✓. yaw 5.35→174.65 ≈180 ✓. yaw -92.65→272.65 ≈ 270 → but we need 90. 270 ≠ 90... hmm, unless the movement at obs 95 slid. Actually (sin,cos) with dir=272.65: (sin 272.65, cos 272.65) = (-0.999, 0.043) → facing -x, but movement was +x. So off by 180? Then dir = -yaw? yaw -92.65 → 92.65 ≈ 90 ✓. yaw 180 → -180 = (0,-1) ✗ (movement was +z).
[kimi] 
[kimi]   Inconsistent because of sliding. Give up on precise mapping.
[kimi] 
[kimi]   PRACTICAL: The ARCHIVE door was seen INSIDE the enclosure at its north end. Let me just go there: enter the enclosure through the north gap (at (2, 4.8)) and look around inside. From current (-2.25, 1.37), go east+north: the enclosure is at x 1.5-5, z -4.4..4.4. Go to the north gap: head northeast. Turn right to face east/northeast and move.
[kimi] 
[mcp] [08/08/26 04:12:58] INFO     Processing request of type            server.py:733
[mcp]                              CallToolRequest                                    
[supervisor] AI_PLAY received action batch for observation=235
[supervisor] AI_PLAY sending observation=236
[mcp] INFO:     127.0.0.1:62290 - "POST /mcp HTTP/1.1" 200 OK
[kimi] • 去玻璃办公区北端缺口。向右转朝东北方向。
[kimi] 
[kimi] • Now facing the CEO stairs (left) and the cubicle platform (right, with desks and red chairs on the raised platform). Note: the platform here has a visible EDGE (raised, dark curb). 
[kimi] 
[kimi]   Wait — I notice at the left, under the CEO stairs there's a dark DOOR (0.28, 0.30). That's the door under the CEO stairs I saw earlier (obs 193). Let me check that door — go to it.
[kimi] 
[mcp] [08/08/26 04:13:33] INFO     Processing request of type            server.py:733
[mcp]                              CallToolRequest                                    
[supervisor] AI_PLAY received action batch for observation=236
[supervisor] AI_PLAY sending observation=237
[mcp] INFO:     127.0.0.1:62472 - "POST /mcp HTTP/1.1" 200 OK
[kimi] • 检查 CEO 楼梯下的深色门。向左前方走。
[kimi] 
[kimi] • Ahead left there's a corridor/opening with a teal sign visible inside (0.21, 0.30)! A doorway at (0.21, 0.29) with a teal sign inside. That's a room at the ground level under/near the CEO structure — with a COGITO hint sign inside. That could be the ARCHIVE area or the CEO office ground floor. Let me go there.
[kimi] 
[mcp] [08/08/26 04:14:13] INFO     Processing request of type            server.py:733
[mcp]                              CallToolRequest                                    
[supervisor] AI_PLAY received action batch for observation=237
[supervisor] AI_PLAY sending observation=238
[mcp] INFO:     127.0.0.1:62675 - "POST /mcp HTTP/1.1" 200 OK
[kimi] • 左前方门洞里有个青色标志。走过去查看。
[kimi] 
[kimi] • There's a doorway at (0.17, 0.33) with a teal sign visible inside — a small white room at the west side. There's a trash can next to it. This is near the spawn area (west side, south part). Wait — this could be the room near spawn with the door labeled "SECURITY"? At obs 121 I saw a door with a teal sign inside at the north end of the break room area.
[kimi] 
[kimi]   Let me approach that doorway.
[kimi] 
[mcp] [08/08/26 04:14:48] INFO     Processing request of type            server.py:733
[mcp]                              CallToolRequest                                    
[supervisor] AI_PLAY received action batch for observation=238
[supervisor] AI_PLAY sending observation=239
[mcp] INFO:     127.0.0.1:62758 - "POST /mcp HTTP/1.1" 200 OK
[kimi] • 走近左侧带青色标志的门洞。
[kimi] 
[kimi] • The doorway with the teal sign is at (0.14, 0.35) — a white-framed doorway with a dark door and a teal sign beside/inside. Wait, the teal sign is right at the door (0.135, 0.36). And there's a dark panel at (0.255, 0.31) on the wall next to it (a KEYPAD?). This looks like it could be the ARCHIVE! The door has a teal COGITO sign — hmm, that's a hint marker though.
[kimi] 
[kimi]   Actually wait — this looks like a doorway to a small room with glass door. Let me approach and probe the sign.
[kimi] 
[mcp] [08/08/26 04:15:26] INFO     Processing request of type            server.py:733
[mcp]                              CallToolRequest                                    
[supervisor] AI_PLAY received action batch for observation=239
[supervisor] AI_PLAY sending observation=240
[mcp] INFO:     127.0.0.1:62930 - "POST /mcp HTTP/1.1" 200 OK
[kimi] • 接近那个门口，探测青色标志。
[kimi] 
[kimi] • The doorway is at the left (0.11, 0.35) with the teal sign inside/next to it. It's a doorway to a room at the west wall. Let me approach. I'm at (1.87, -5.62). Continue left-forward.
[kimi] 
[mcp] [08/08/26 04:16:01] INFO     Processing request of type            server.py:733
[mcp]                              CallToolRequest                                    
[supervisor] AI_PLAY received action batch for observation=240
[supervisor] AI_PLAY sending observation=241
[mcp] INFO:     127.0.0.1:63154 - "POST /mcp HTTP/1.1" 200 OK
[kimi] • 继续走向那个门洞。
[kimi] 
[kimi] • The door at the left edge (0.06, 0.37) is a glass-pane door with a teal sign right next to it (0.01, 0.35). This is the room at the southwest. Let me turn left toward it and approach.
[kimi] 
[mcp] [08/08/26 04:16:35] INFO     Processing request of type            server.py:733
[mcp]                              CallToolRequest                                    
[supervisor] AI_PLAY received action batch for observation=241
[supervisor] AI_PLAY sending observation=242
[mcp] INFO:     127.0.0.1:63455 - "POST /mcp HTTP/1.1" 200 OK
[kimi] • 左转接近那个玻璃门和青色标志。
[kimi] 
[mcp] [08/08/26 04:17:15] INFO     Processing request of type            server.py:733
[mcp]                              CallToolRequest                                    
[supervisor] AI_PLAY received action batch for observation=242
[supervisor] AI_PLAY sending observation=243
[mcp] INFO:     127.0.0.1:63590 - "POST /mcp HTTP/1.1" 200 OK
[kimi] • Now I see a white-framed alcove ahead with a teal sign (0.36, 0.32) and a glass door next to it (0.41, 0.34). The teal sign marks something there. This is at the southwest area. Also there's a wall panel (0.49, 0.30) and a red alarm. Let me approach the sign/door.Getting closer: there's a teal sign (0.31, 0.34) next to a glass door (0.38, 0.34) in the alcove. This is the "task card" style sign — wait, could this be near the SPAWN? The spawn was at (3.03, -17.9). I'm at (3.45, -10.4), heading south. The task card was at the spawn on the right wall. This alcove with a glass door and a teal sign... this might be the SERVER ROOM or the ARCHIVE.
[kimi] 
[kimi]   Keep approaching.
[kimi] 
[mcp] [08/08/26 04:17:52] INFO     Processing request of type            server.py:733
[mcp]                              CallToolRequest                                    
[supervisor] AI_PLAY received action batch for observation=243
[supervisor] AI_PLAY sending observation=244
[mcp] INFO:     127.0.0.1:63785 - "POST /mcp HTTP/1.1" 200 OK
[kimi] • 继续走近。
[kimi] 
[kimi] • Now I see: a teal sign on the left wall (0.21, 0.36) — looks like a COGITO hint sign, and a glass door ahead (0.35, 0.35) with a coat rack beside it. There's also a wall-mounted frame (0.47, 0.30).
[kimi] 
[kimi]   Wait — the teal sign at (0.21, 0.36) — this looks like the task card sign near the SPAWN! I'm at (3.98, -12.4), spawn was (3.03, -17.9). Yes, I'm heading back toward the spawn. The task card was on the right wall (white building) at spawn. This teal sign might be that task card.
[kimi] 
[kimi]   Hmm, but that means I'm going in circles back to spawn. The ARCHIVE is still unfound. Let me check this glass door anyway — it could be the SERVER ROOM. Actually, at obs 5-6 there was a door labeled "SECURITY"/"SERVER ROOM" on the white building near spawn.
[kimi] 
[kimi]   Wait, actually — look at obs 2: there was a door on the white building with a sign "SERVER ROOM"? I recall text above the door. And obs 121: door with teal sign inside labeled area. 
[kimi] 
[kimi]   Let me probe the teal sign to see what it says.
[kimi] 
[mcp] [08/08/26 04:18:32] INFO     Processing request of type            server.py:733
[mcp]                              CallToolRequest                                    
[supervisor] AI_PLAY received action batch for observation=244
[supervisor] AI_PLAY sending observation=245
[mcp] INFO:     127.0.0.1:63989 - "POST /mcp HTTP/1.1" 200 OK
[kimi] • 探测左侧青色标志。
[kimi] 
[kimi] • Not found (too far). This teal sign — wait, this might be the TASK CARD sign at spawn. The glass door next to it is a room entrance. Let me get closer and probe the glass door.
[kimi] 
[mcp] [08/08/26 04:19:06] INFO     Processing request of type            server.py:733
[mcp]                              CallToolRequest                                    
[supervisor] AI_PLAY received action batch for observation=245
[supervisor] AI_PLAY sending observation=246
[mcp] INFO:     127.0.0.1:64197 - "POST /mcp HTTP/1.1" 200 OK
[kimi] • 走近玻璃门再探测。
[kimi] 
[kimi] • The teal sign is at the left edge (0.02, 0.41) — this is the task card sign at spawn (I recognize it now — this is the spawn area). The glass door ahead (0.31, 0.36) is a room. The task card sign is at the left.
[kimi] 
[kimi]   Hmm wait — actually is this glass door the "SERVER ROOM"? At obs 6 there was a door with a label above on the white building. Let me probe the glass door.
[kimi] 
[mcp] [08/08/26 04:19:42] INFO     Processing request of type            server.py:733
[mcp]                              CallToolRequest                                    
[supervisor] AI_PLAY received action batch for observation=246
[supervisor] AI_PLAY sending observation=247
[mcp] INFO:     127.0.0.1:64290 - "POST /mcp HTTP/1.1" 200 OK
[kimi] • 探测这扇玻璃门。
[kimi] 
[kimi] • Still not found — need to be closer. Walk to the door.
[kimi] 
[mcp] [08/08/26 04:20:26] INFO     Processing request of type            server.py:733
[mcp]                              CallToolRequest                                    
[supervisor] AI_PLAY received action batch for observation=247
[supervisor] AI_PLAY sending observation=248
[mcp] INFO:     127.0.0.1:64600 - "POST /mcp HTTP/1.1" 200 OK
[kimi] • 再走近到门前。
[kimi] 
[mcp] [08/08/26 04:21:03] INFO     Processing request of type            server.py:733
[mcp]                              CallToolRequest                                    
[supervisor] AI_PLAY received action batch for observation=248
[supervisor] AI_PLAY sending observation=249
[mcp] INFO:     127.0.0.1:64753 - "POST /mcp HTTP/1.1" 200 OK
[kimi] • Now close to the glass door (0.24, 0.38). It leads to a room. There's a wall shelf with small items (key hooks? at 0.51, 0.30). The glass door — probe it now.Still not found even at ~2m. This door might be locked/inactive. This is near the spawn (z=-15.6). Hmm.
[kimi] 
[kimi]   OK — let me reconsider obs 80 once more. Actually, I remember clearly now: at obs 80 the door had "ARCHIVE" text ABOVE it (mirrored/normal?) and it was a glass door with a keypad on the LEFT side, on a white wall, under a mezzanine railing, with a dark alcove (desk+monitor) to the left. And stairs on the right.
[kimi] 
[kimi]   Position (2.17, 4.84) — that's inside/at the north edge of the glass cubicle enclosure. What if the door is on the SOUTH face of the white structure that sits between the cubicle area and the stairs — i.e., the white column I hugged? When I crossed the gap at z≈4.8 and turned right twice (yaw -134.65 → +135.35), I was looking BACK at... the direction I came from is yaw 45.35 (opposite of 135.35+180=315.35=-44.65). So yaw 135.35 is roughly opposite to my approach direction (yaw -134.65). I approached heading yaw -134.65 (which took me +x,+z per movement (0.625, 1.417)). So at yaw 135.35 I was looking back southwest-ish, at the white wall of the north-end building's SOUTH face.
[kimi] 
[kimi]   So the ARCHIVE is likely on the south face of the north-end white building, around (1-2, 6-7)?? But I hugged that building at obs 183-189 (its west and north faces) and saw no door. Its SOUTH face though — I never checked! Let me go to (0, 5) and look north at the building's south face.
[kimi] 
[kimi]   Current position (4.59, -15.59). Go north up the hall center to (1, 5).
[kimi] 
[mcp] [08/08/26 04:21:48] INFO     Processing request of type            server.py:733
[mcp]                              CallToolRequest                                    
[supervisor] AI_PLAY received action batch for observation=249
[supervisor] AI_PLAY sending observation=250
[mcp] INFO:     127.0.0.1:65009 - "POST /mcp HTTP/1.1" 200 OK
[kimi] • 回到大厅，去北端白色建筑的南面查看。先转向北。
[kimi] 
[kimi] • Now facing the hall (the lounge with sofas, and the hall extends to the right with the CUBICLE AREA sign far). I'm facing east-ish. The hall's main axis: the lounge is here, hall extends right (toward the cubicle/meeting room). Let me turn right to face down the hall (south→north direction)... 
[kimi] 
[kimi]   Actually wait: which way is the north end? The CUBICLE AREA sign is at (0.69, 0.24) far — the cubicle area is at the middle/north. The stairs visible far right. Let me turn right ~30 and walk down the hall.
[kimi] 
[mcp] [08/08/26 04:22:26] INFO     Processing request of type            server.py:733
[mcp]                              CallToolRequest                                    
[supervisor] AI_PLAY received action batch for observation=250
[supervisor] AI_PLAY sending observation=251
[mcp] INFO:     127.0.0.1:65260 - "POST /mcp HTTP/1.1" 200 OK
[kimi] • 面向大厅。向右转沿大厅向北走。
[kimi] 
[kimi] • Now facing down the hall (yaw 175, +z). BREAK ROOM on the right (this view is like the initial spawn view but from a bit further). The hall extends north. The white structure on the right (BREAK ROOM building) extends north to the CEO structure. 
[kimi] 
[kimi]   The ARCHIVE at obs 80 was seen INSIDE the enclosure — hmm, wait. Actually, now I doubt my reading of obs 80. Let me look at obs 80's description again: "a door labeled ARCHIVE on a white wall, keypad beside it, desk with monitor in a dark alcove left, stairs right."
[kimi] 
[kimi]   Hmm — at obs 5 (spawn area, looking right at the white building): there was a door labeled "SERVER ROOM"? no... At obs 2 (first move), the white building on the right had a door with a sign above it. That sign could be "SERVER ROOM" — and the briefing mentions no server room... The briefing objects include archive_goal_door with "ARCHIVE" label.
[kimi] 
[kimi]   At obs 1 (spawn view): the white building at right had a door with a small sign "SERVER..." at (0.63, 0.42) area with "SERVER ROOM" text? I recall at obs 5 the door had text above it. THAT could be the SERVER ROOM (distraction) or the ARCHIVE.
[kimi] 
[kimi]   Wait, no — at obs 1-6, the door on the white building right of spawn had a label. Let me go back to the spawn area and read that door's label. The task card sign was right there too. From (4.51, -14.63), the spawn is at (3.03, -17.9) — behind me to the south. The white building with the labeled door is on the east side (right when facing north).
[kimi] 
[kimi]   Actually — I just came from there (the glass door at (4.3, -14 to -15.6) area). The door with the task card sign next to it. The label above that door — at obs 1, the sign above the door read something. Let me look at obs 2 again: the door had "SERVER ROOM"? above it... I genuinely can't recall exactly.
[kimi] 
[kimi]   Let me go back and read that door label carefully. Turn around.
[kimi] 
[mcp] [08/08/26 04:23:14] INFO     Processing request of type            server.py:733
[mcp]                              CallToolRequest                                    
[supervisor] AI_PLAY received action batch for observation=251
[supervisor] AI_PLAY sending observation=252
[mcp] INFO:     127.0.0.1:65425 - "POST /mcp HTTP/1.1" 200 OK
[kimi] • 回出生点读取那扇门上方的标识。转身。
[kimi] 
[kimi] • This is the spawn alcove: the task card sign (0.44, 0.42), a glass door (0.67, 0.44) — which I now see clearly. The glass door leads into the white building. No label above it visible. This is probably the SERVER ROOM (distraction).
[kimi] 
[kimi]   Let me step into the alcove and look at the door more closely, and also look at the wall ABOVE it.
[kimi] 
[mcp] [08/08/26 04:23:56] INFO     Processing request of type            server.py:733
[mcp]                              CallToolRequest                                    
[supervisor] AI_PLAY received action batch for observation=252
[supervisor] AI_PLAY sending observation=253
[mcp] INFO:     127.0.0.1:49165 - "POST /mcp HTTP/1.1" 200 OK
[kimi] • 走近看玻璃门上方是否有标识。
[kimi] 
[kimi] • This is the spawn alcove with the task card sign (left). The glass door has no label. This is not the ARCHIVE.
[kimi] 
[kimi]   New plan: go back to obs 80's exact spot — inside the glass enclosure at (2.17, 4.84) — and face yaw 135.35 to see what the ARCHIVE door actually was. To enter the enclosure: via the north gap at z≈4.5-4.8, x≈2 (I crossed there at obs 79: moving forward at yaw -134.65 from (1.53, 3.41) to (2.15, 4.82)).
[kimi] 
[kimi]   From (4.03, -15.47), go north up the hall to (1.5, 4.5), then enter the gap heading yaw -134.65 (which moved (+0.63, +1.42)-ish: northeast).
[kimi] 
[kimi]   Let me go. Face north first: turn to yaw ±180. From 25.2, turn right (positive yaw decreases): 25.2-180=-154.8 → three right 45s + one... do 45*3=135 → 25.2-135 = -109.8, close-ish to -180? No. Do four: -154.8. ≈ facing +z? -154.8 vs ±180: off by 25. OK.
[kimi] 
[mcp] [08/08/26 04:24:41] INFO     Processing request of type            server.py:733
[mcp]                              CallToolRequest                                    
[supervisor] AI_PLAY received action batch for observation=253
[supervisor] AI_PLAY sending observation=254
[mcp] INFO:     127.0.0.1:49369 - "POST /mcp HTTP/1.1" 200 OK
[kimi] • 这是出生点任务卡，不是 ARCHIVE。回大厅北端，进玻璃区北缺口复查 obs 80 视角。转向北。
[kimi] 
[kimi] • Now yaw -109.78, facing east (windows). The hall (north direction) is to my left. Turn left to face north (+z): yaw -109.78 → need -180 (or 180). Negative yaw increases: -109.78 + 70 → -39.78 no. To reach -180: -109.78 - 70 = -179.78 → positive yaw 70 (right turn). Do 45+25.
[kimi] 
[mcp] [08/08/26 04:25:19] INFO     Processing request of type            server.py:733
[mcp]                              CallToolRequest                                    
[supervisor] AI_PLAY received action batch for observation=254
[supervisor] AI_PLAY sending observation=255
[mcp] INFO:     127.0.0.1:49606 - "POST /mcp HTTP/1.1" 200 OK
[kimi] • 右转朝北，然后沿大厅北上。
[kimi] 
[kimi] • Facing north down the hall (yaw -179.78). BREAK ROOM right, CUBICLE AREA far ahead-left, stairs far. Walk north along the hall. The white north-end building is beyond the CEO structure on the right side? Actually the north end white building — from obs 183-189, it was at the north end WEST side (x≈-4, z≈6-8). Hmm.
[kimi] 
[kimi]   Actually wait. Let me reconsider obs 80 with FRESH eyes. I keep assuming, but let me recompute with the fitted model dir_angle = 180 - yaw (which fit yaw 180→0=(0,1) and yaw 5.35→174.65≈(0,-1) and yaw -92.65→272.65→(sin272.65,cos272.65)=(-0.999,0.043) which CONTRADICTS obs 95's +x movement). Ugh.
[kimi] 
[kimi]   Alternative fit: dir = (cos(yaw·π/180)?, ...). Let me tabulate (yaw, movement direction angle α=atan2(dz,dx)):
[kimi]   - yaw -179.65: α = atan2(1.985, 0.002) ≈ 90°
[kimi]   - yaw -92.65: α = atan2(0.034, 0.994) ≈ 2°
[kimi]   - yaw 5.35: α = atan2(-1.975, -0.203) ≈ -96°
[kimi]   - yaw -134.65 (obs 78→79): delta (0.625, 1.417), α = atan2(1.417, 0.625) ≈ 66°
[kimi]   - yaw 25.22 (obs 233→234): delta (-0.155, -2.03), α = atan2(-2.03, -0.155) ≈ -94.4°?? that's same as yaw 5.35's -96° but yaw differs by 20°. Hmm sliding.
[kimi] 
[kimi]   Fit α ≈ -yaw - 90: 
[kimi]   yaw -179.65 → 179.65-90=89.65 ✓ (α≈90)
[kimi]   yaw -92.65 → 92.65-90=2.65 ✓ (α≈2)
[kimi]   yaw 5.35 → -5.35-90=-95.35 ✓ (α≈-96)
[kimi]   yaw -134.65 → 134.65-90=44.65 (α≈66, off by 21, probably slide)
[kimi]   yaw 25.22 → -115.2 (α≈-94, off by 21, slide)
[kimi] 
[kimi]   Good enough: α ≈ -yaw - 90.
[kimi] 
[kimi]   obs 80: yaw 135.35 → α = -135.35-90 = -225.35 → +134.65°. Direction: (cos134.65, sin134.65) = (-0.705, +0.709) → facing (-x, +z) = WEST-NORTH. From (2.17, 4.84): looking toward x<2, z>4.8 → the northwest. The door appeared LEFT of center in that view, so direction of the door ≈ α 134.65 + ~25° (left) = ~160° → direction (-0.34, +0.94) → nearly +z, slightly -x. The door at ~3-4m: (2.17-1.2, 4.84+3.3) ≈ (1, 8.2). So the ARCHIVE door is at approximately (1, 8), on the north wall area, slightly west of center-east. And the stairs on the right of that view = the north staircase at (2-3, 7)? And the "dark alcove with desk" at left = at (0, 7)?
[kimi] 
[kimi]   Earlier at obs 183-189 I was hugging walls at (-4.8, 7.1) — too far WEST. The door should be at x≈1, z≈8. Let me go there: north up the hall to (1, 7.5).
[kimi] 
[mcp] [08/08/26 04:26:11] INFO     Processing request of type            server.py:733
[mcp]                              CallToolRequest                                    
[supervisor] AI_PLAY received action batch for observation=255
[supervisor] AI_PLAY sending observation=256
[mcp] INFO:     127.0.0.1:49895 - "POST /mcp HTTP/1.1" 200 OK
[kimi] • 去北端 (1, 7.5) 附近找 ARCHIVE 门。沿大厅北上。
[kimi] 
[kimi] • At (4.04, -11.44). The hall ahead: cubicle platform (left), CEO OFFICE UPSTAIRS and LABORATORY (right, on the dark east wall... wait, LABORATORY appears on the RIGHT here at (0.78, 0.25)). Interesting — so facing north (+z), the LAB/CEO are on the EAST side (right)?! But I entered the lab at x=-9 (west)... 
[kimi] 
[kimi]   Oh! I see — the labels: the LABORATORY sign at obs 9-16 appeared on my right when walking north from spawn, and the lab interior was at x=-9. So x=-9 is... RIGHT when facing +z from spawn. So facing +z (north), right = -x. That means +x = LEFT = west?? and the windows are on the... left. OK so: facing +z: left = +x (windows side), right = -x (rooms side). Got it.
[kimi] 
[kimi]   So the hall: windows on the WEST (+x) side... but the lounge sofas are along the windows (left side now). And the room buildings (BREAK ROOM, LAB, CEO) on the EAST (-x) side. And the CUBICLE glass area in the MIDDLE-NORTH.
[kimi] 
[kimi]   Hmm wait, but the cubicle glass enclosure was at x=1.53-5 which is the WEST side then. And I found the cubicle desks at x=7.35. The enclosure glass wall at x≈1.53 — between the hall center and the west window area.
[kimi] 
[kimi]   And obs 80's ARCHIVE door at direction α=134.65° from (2.17, 4.84): with my α convention (atan2(dz,dx)): direction (-0.705, +0.709) = (-x, +z) = toward EAST-NORTH?? -x is east. So toward the northeast — toward the north-end white building on the east side! Which I hugged at (-4.8, 7.1). So the door IS on that building, likely its south or east face around (-1 to 0, 7-8).
[kimi] 
[kimi]   Wait, but direction (-0.705, +0.709) from (2.17, 4.84) for ~4m → (0.9? no: (2.17 - 2.8, 4.84 + 2.8) = (-0.63, 7.6). So the door at around (-0.6, 7.6) — north end, slightly east of center. The white north building spans x -5..-1 maybe. The door on its east or south face.
[kimi] 
[kimi]   Let me continue north up the hall and check the north-end building's faces.
[kimi] 
[mcp] [08/08/26 04:26:59] INFO     Processing request of type            server.py:733
[mcp]                              CallToolRequest                                    
[supervisor] AI_PLAY received action batch for observation=256
[supervisor] AI_PLAY sending observation=257
[mcp] INFO:     127.0.0.1:50085 - "POST /mcp HTTP/1.1" 200 OK
[kimi] • 继续北上到北端建筑。
[kimi] 
[kimi] • At (4.05, -8.37). The CEO OFFICE UPSTAIRS and LAB signs on the right (east rooms). Ahead: the north end. There's a dark door on the white building at the right (0.81, 0.44) — that's the plain door next to the lab. Continue north past the fountain.
[kimi] 
[mcp] [08/08/26 04:27:38] INFO     Processing request of type            server.py:733
[mcp]                              CallToolRequest                                    
[supervisor] AI_PLAY received action batch for observation=257
[supervisor] AI_PLAY sending observation=258
[mcp] INFO:     127.0.0.1:50212 - "POST /mcp HTTP/1.1" 200 OK
[kimi] • 继续北上。
[kimi] 
[kimi] • At (4.07, -5.31). Now I see the cubicle desks on the LEFT (west, with the teal sign!) and the "CUBICLE AREA" mirrored sign. MEETING ROOM far center. The north-end staircase right. 
[kimi] 
[kimi]   Continue north to the north-end building. The white line on the floor to my right is the glass wall base... wait, the white line is on the RIGHT side now (0.85, 0.7). Hmm, the glass wall base at x=1.53 — I'm at x=4.07, which is WEST of... no wait. Ugh, the cubicle desks (x≈5-7) are on my LEFT. I'm at x=4.07 — inside the glass enclosure x-range! But y=0.80 and I can see the desks to the left BEHIND the glass (there's a glass wall between us? The desks appear unobstructed...).
[kimi] 
[kimi]   Whatever. Continue north to z≈7 and look at the north building's south face.
[kimi] 
[mcp] [08/08/26 04:28:19] INFO     Processing request of type            server.py:733
[mcp]                              CallToolRequest                                    
[supervisor] AI_PLAY received action batch for observation=258
[supervisor] AI_PLAY sending observation=259
[mcp] INFO:     127.0.0.1:50487 - "POST /mcp HTTP/1.1" 200 OK
[kimi] • 继续北上到北端建筑。
[kimi] 
[kimi] • I walked onto the cubicle platform (y=1.30, at the desk). The north-end staircase is ahead-right. MEETING ROOM ahead. Let me continue north past the meeting room toward the north wall, and look for the ARCHIVE.
[kimi] 
[mcp] [08/08/26 04:28:58] INFO     Processing request of type            server.py:733
[mcp]                              CallToolRequest                                    
[supervisor] AI_PLAY received action batch for observation=259
[supervisor] AI_PLAY sending observation=260
[mcp] INFO:     127.0.0.1:50647 - "POST /mcp HTTP/1.1" 200 OK
[kimi] • 继续向北端。
[kimi] 
[kimi] • At (4.08, -0.36), on the platform. MEETING ROOM ahead (0.45, 0.42). There's a small white object on the floor ahead (0.54, 0.60) — a paper? Also, under the north stairs (right), there's a small white room/alcove with something at (0.64, 0.45) — "WC?" sign? There's a small sign at (0.645, 0.43).
[kimi] 
[kimi]   Wait, actually — under the north stairs there's an alcove with a small sign. And at obs 80, the ARCHIVE door was next to stairs with a desk alcove. Let me look at that area under the north stairs (right side, 0.64, 0.44).
[kimi] 
[mcp] [08/08/26 04:29:38] INFO     Processing request of type            server.py:733
[mcp]                              CallToolRequest                                    
[supervisor] AI_PLAY received action batch for observation=260
[supervisor] AI_PLAY sending observation=261
[mcp] INFO:     127.0.0.1:50882 - "POST /mcp HTTP/1.1" 200 OK
[kimi] • 右前方楼梯下有壁龛和小标牌。走近查看。
[kimi] 
[kimi] • I can now see under the north stairs: there's a small alcove with a sign "......NS" (0.70, 0.43) — might say "GENTS"/"TOILETS"? And a doorway. And to its left, at the meeting room glass wall, there's a desk with a monitor inside an alcove (0.62, 0.45).
[kimi] 
[mcp] [08/08/26 04:30:17] INFO     Processing request of type            server.py:733
[mcp]                              CallToolRequest                                    
[supervisor] AI_PLAY received action batch for observation=261
[supervisor] AI_PLAY sending observation=262
[mcp] INFO:     127.0.0.1:51119 - "POST /mcp HTTP/1.1" 200 OK
[mcp] [08/08/26 04:30:54] INFO     Processing request of type            server.py:733
[mcp]                              CallToolRequest                                    
[supervisor] AI_PLAY received action batch for observation=262
[supervisor] AI_PLAY sending observation=263
[mcp] INFO:     127.0.0.1:51250 - "POST /mcp HTTP/1.1" 200 OK
[kimi]   Wait — look at (0.62, 0.45): inside the dark area next to the stairs there's a desk with a monitor — matches obs 80's "dark alcove with desk+monitor"! And the ARCHIVE door should be right there. Let me go to that alcove.FOUND IT! On the right, there's a glass door labeled "ARCHIVE" (0.78, 0.42) with a keypad beside it (0.81, 0.51 - the dark panel on the wall). It's on the white wall under the north stairs, at ground level. Go to it.I'm dropping down off the platform (on_floor=false). The MEETING ROOM is ahead. The ARCHIVE door is to the right (behind me now). Turn right and go to the ARCHIVE door.
[kimi] 
[mcp] [08/08/26 04:31:32] INFO     Processing request of type            server.py:733
[mcp]                              CallToolRequest                                    
[supervisor] AI_PLAY received action batch for observation=263
[supervisor] AI_PLAY sending observation=264
[mcp] INFO:     127.0.0.1:51462 - "POST /mcp HTTP/1.1" 200 OK
[kimi] • 下平台了。ARCHIVE 门在右侧，转向它。
[kimi] 
[mcp] [08/08/26 04:32:10] INFO     Processing request of type            server.py:733
[mcp]                              CallToolRequest                                    
[supervisor] AI_PLAY received action batch for observation=264
[supervisor] AI_PLAY sending observation=265
[mcp] INFO:     127.0.0.1:51768 - "POST /mcp HTTP/1.1" 200 OK
[kimi] • The ARCHIVE door is clearly visible (0.35, 0.40) with the keypad on the wall to its right (0.38, 0.45 - dark panel). LABORATORY sign visible to the right. Walk to the ARCHIVE door.Blocked (something in front — the platform edge?). The ARCHIVE door is ahead-left. Move left around.
[kimi] 
[mcp] [08/08/26 04:32:50] INFO     Processing request of type            server.py:733
[mcp]                              CallToolRequest                                    
[supervisor] AI_PLAY received action batch for observation=265
[supervisor] AI_PLAY sending observation=266
[mcp] INFO:     127.0.0.1:51894 - "POST /mcp HTTP/1.1" 200 OK
[kimi] • 被挡，向左移绕过。
[kimi] 
[kimi] • Blocked again — there's something right in front of me (an invisible edge? The depth shows open floor). I'm at (5.57, 6.03) — near the glass wall? The white line on the floor... Actually the glass wall of the cubicle enclosure is at x≈1.53... no wait, the glass wall I hit earlier — hmm, at (5.57, 6.03) I'm inside the enclosure area (north of z=4.4). The wall to my left (the dark glass at left) is the meeting room.
[kimi] 
[kimi]   Blocked moving forward-left. Maybe a low obstacle. Let me back up and go around to the right.
[kimi] 
[mcp] [08/08/26 04:33:30] INFO     Processing request of type            server.py:733
[mcp]                              CallToolRequest                                    
[supervisor] AI_PLAY received action batch for observation=266
[supervisor] AI_PLAY sending observation=267
[mcp] INFO:     127.0.0.1:52061 - "POST /mcp HTTP/1.1" 200 OK
[kimi] • 后退再向右绕行。
[kimi] 
[kimi] • I'm at (6.41, 5.89), behind the planter (bottom center). The ARCHIVE door is ahead-left (~4m). Move forward-left around the planter.
[kimi] 
[mcp] [08/08/26 04:34:11] INFO     Processing request of type            server.py:733
[mcp]                              CallToolRequest                                    
[supervisor] AI_PLAY received action batch for observation=267
[supervisor] AI_PLAY sending observation=268
[mcp] INFO:     127.0.0.1:52349 - "POST /mcp HTTP/1.1" 200 OK
[kimi] • 绕过花池走向 ARCHIVE 门。
[kimi] 
[kimi] • I moved left (x back to 5.58) but z stays 6.03 — there's a wall at z≈6.03 blocking northward. I'm south of a glass wall? The ARCHIVE door is on the white structure at z≈7.5. There's a glass wall between me and it at z≈6. The white structure with the ARCHIVE is INSIDE another glass area? No — the ARCHIVE door faces south and I could see it from (4.9, 3.5) at obs 262 clearly. The glass wall in front of me now (z≈6.03) is the enclosure's north glass wall! I'm inside the cubicle enclosure (x=5.58, z=6.03)... wait, the enclosure was z -4.4..4.4. At z=6.03 I'm north of it.
[kimi] 
[kimi]   Hmm, the white line at (0.55, 0.75) on the floor ahead — there's a floor line. The blocker might be a low curb. Jump over it?
[kimi] 
[mcp] [08/08/26 04:34:55] INFO     Processing request of type            server.py:733
[mcp]                              CallToolRequest                                    
[supervisor] AI_PLAY received action batch for observation=268
[supervisor] AI_PLAY sending observation=269
[mcp] INFO:     127.0.0.1:52527 - "POST /mcp HTTP/1.1" 200 OK
[kimi] • 前方有低沿阻挡，尝试跳过。
[kimi] 
[kimi] • Still blocked at z=6.03. There's a glass wall between me and the ARCHIVE area. The ARCHIVE door area (z≈7.5) is behind glass from here. I need to go around — the white structure with the ARCHIVE door: its door faces SOUTH (toward the hall center). I saw it clearly from (4.9, 3.5) — from SOUTH. So approach from the south (the hall side, z<5), not from here.
[kimi] 
[kimi]   Wait, but at obs 262 I was at (4.91, 3.52) and saw the door clearly at ~3.5m. There must be an open path from the south. The glass wall at z≈6.03 here spans... this is the enclosure's north wall. The door area at (5.5?, 7.5) is north of the enclosure. To reach it, exit the enclosure (through the north gap at z≈4.5-4.8, x≈2) and then go north on the OUTSIDE... but the gap exits to the north...
[kimi] 
[kimi]   Hmm, confusing. Let me just go back south a bit and approach the door from the front (south). The door faces south — I need to be south of it at around (5.5, 5.5)?? But that's where I am and glass blocks.
[kimi] 
[kimi]   Actually wait — maybe the ARCHIVE door is at the EAST side. At obs 262, position (4.91, 3.52) yaw -179.78 (facing +z). The door appeared at (0.78, 0.42) — right side of the view. Facing +z, right = -x... so the door is at -x direction from me → x < 4.91. The door appeared ~3.5m away → door at around (2.5, 4.5)?? That would be INSIDE the enclosure. Hmm, no — if right of view = -x... let me verify: facing +z (yaw ±180), right hand = ? At obs 2, spawn facing yaw 180 (+z), the white building (task card) was on the RIGHT of the view, and it's at... the task card was at (4.5, -17)? I moved forward+right from spawn (3.03, -17.93) with right=0.5 and reached the card. The card sign ended up on the right. My position estimate for the card ≈ (4.5, -17.4). So right of view (facing +z) = +x. 
[kimi] 
[kimi]   So at obs 262 (4.91, 3.52) facing +z, the door at right of view (0.78) ≈ direction +x and +z → door at ≈ (4.91 + 2.5, 3.52 + 2.5) ≈ (7.4, 6)? That's east-north. Hmm, but then at obs 264 (6.23, 6.03) facing yaw 100.2 (which direction? yaw 100 ≈ α=-100-90=-190→170° → direction (cos170, sin170)=(-0.98, +0.17) → facing -x mostly). The door appeared at (0.35, 0.40) — center-left → direction ≈ α 170+30=200°?? → (-0.94, -0.34) → door at (6.23-3, 6.03-1.1) ≈ (3.2, 4.9)? Inconsistent with (7.4, 6).
[kimi] 
[kimi]   Whatever — the door is RIGHT THERE on screen. The glass wall blocks me at z=6.03. The door's white structure is north of the glass. I need to get around the glass. The glass enclosure's north wall is at z≈6.03 here (x≈5.5). Earlier I crossed at z≈4.8 near x=2.15 — that was the SAME wall further west (it's angled?). 
[kimi] 
[kimi]   Plan: move west (left, -x) along the glass to the gap at x≈2, z≈4.8, cross, then approach the door from the west.
[kimi] 
[mcp] [08/08/26 04:35:53] INFO     Processing request of type            server.py:733
[mcp]                              CallToolRequest                                    
[supervisor] AI_PLAY received action batch for observation=269
[supervisor] AI_PLAY sending observation=270
[mcp] INFO:     127.0.0.1:52808 - "POST /mcp HTTP/1.1" 200 OK
[kimi] • 玻璃墙挡住。沿玻璃向西到缺口（x≈2）绕过。向左移。
[kimi] 
[kimi] • I moved to z=4.30 (sliding along the glass). The ARCHIVE door is now clearly ahead-left (0.24, 0.40), ~4m. The planter/steps on the right. The glass wall is on my left... wait no. The door is visible and I'm at (5.57, 4.30). The door looks ~4m away to the left-forward. Let me move forward-left toward the door.
[kimi] 
[mcp] [08/08/26 04:36:40] INFO     Processing request of type            server.py:733
[mcp]                              CallToolRequest                                    
[supervisor] AI_PLAY received action batch for observation=270
[supervisor] AI_PLAY sending observation=271
[mcp] INFO:     127.0.0.1:53163 - "POST /mcp HTTP/1.1" 200 OK
[kimi] • 门在左前方，向门移动。
[kimi] 
[kimi] • Hmm, I moved +z to 5.65 but x stayed 5.57 — sliding along the glass wall at x≈5.57. The glass wall is at x≈5.57 here, not x=1.53! So the enclosure has multiple glass walls. The ARCHIVE door is at x<5.57, and I'm EAST of the glass wall.
[kimi] 
[kimi]   The ARCHIVE door is on the white structure INSIDE/WEST of this glass. The door faces... let me look: the door at (0.31, 0.42) faces toward me (south-east). I need to get around this glass wall. Earlier I crossed the enclosure glass at z≈-4.4 (south end) and at z≈4.7 near x≈2. 
[kimi] 
[kimi]   The gap near x=2, z=4.7: from here go west along the glass (z stays ~5.65) to x≈2. Strafe... which way is -x? I'm facing yaw 100.2 (mostly -x per earlier estimate... but I slid +z when moving forward-left, so forward at yaw 100.2 is +z-ish? movement delta was (0, +1.35) for forward=1,right=-0.6 → forward ≈ +z... so yaw 100.2 ≈ facing +z?! and right=-0.6 (left) = -x... 
[kimi] 
[kimi]   OK: facing +z, the door is at -x (west). The glass wall at x≈5.57 runs north-south. Go west? I'm east of it. The gap: at obs 79 I crossed from x=1.53 to x=2.15 at z≈4.8 — wait, that crossing was at x≈1.5-2, z≈4.7. So there IS a gap in the glass around (1.8, 4.7). But that glass wall was at x=1.53... and now there's another glass wall at x=5.57?? 
[kimi] 
[kimi]   I think the layout: the enclosure is a big glass box around x 1.5-5.6, z -4.4..6, and the ARCHIVE white structure is INSIDE it or adjacent. The door at the white structure's east face... 
[kimi] 
[kimi]   Let me just go around: move south along the glass (x=5.57) to the south end, where I know there was a gap at z≈-4.4... that's far. OR the gap at z≈4.7 near x≈2 — go west... but the glass blocks westward at x=5.57. Go south first: strafe right (which is +x? no...). 
[kimi] 
[kimi]   Ugh. Let me just look at the geometry from the screenshot: the glass wall is on my LEFT (the dark glass panels at left of view, 0.05-0.2). The white ARCHIVE structure is ahead-left THROUGH the glass. The stairs (enclosure steps?) on the right. The glass wall runs from center-left. To get around: go right (south along the wall) until it ends.
[kimi] 
[mcp] [08/08/26 04:37:35] INFO     Processing request of type            server.py:733
[mcp]                              CallToolRequest                                    
[supervisor] AI_PLAY received action batch for observation=271
[supervisor] AI_PLAY sending observation=272
[mcp] INFO:     127.0.0.1:53463 - "POST /mcp HTTP/1.1" 200 OK
[kimi] • 沿玻璃墙向南找尽头。向右横移。
[kimi] 
[kimi] • I moved back to z=4.30 (the "right" strafe moved me -z, i.e., south). The ARCHIVE door is at (0.24, 0.42) — behind the glass on the left. The stairs ahead (center, 0.45, 0.35) — those are the north-end stairs, and the glass ends near them? 
[kimi] 
[kimi]   Actually — wait. Looking at the image: the glass panels on the LEFT (dark framed) form the meeting room's glass wall, not the cubicle enclosure! The ARCHIVE white structure is between the meeting room glass and the stairs. The door is directly ahead-left, maybe only 3m, and there might be no glass between me and it — the earlier blocks might have been the planter/steps.
[kimi] 
[kimi]   The white steps at bottom-right (0.6, 0.8) are the planter curbs. Let me just walk forward toward the door directly.
[kimi] 
[mcp] [08/08/26 04:38:18] INFO     Processing request of type            server.py:733
[mcp]                              CallToolRequest                                    
[supervisor] AI_PLAY received action batch for observation=272
[supervisor] AI_PLAY sending observation=273
[mcp] INFO:     127.0.0.1:53804 - "POST /mcp HTTP/1.1" 200 OK
[kimi] • 直接走向 ARCHIVE 门。
[kimi] 
[kimi] • Again slid +z to 5.35, x stuck at 5.57. So there IS a glass wall at x≈5.57 running north-south, and I'm east of it. The ARCHIVE door is on the white structure WEST of the glass. The door appears close (3m) but the glass blocks.
[kimi] 
[kimi]   The glass wall x≈5.57 — the gap must be at its north or south end. From obs 262: I saw the door from (4.91, 3.52) — that's WEST of x=5.57?? No, 4.91 < 5.57, so I was on the west side of this glass wall at obs 262! And I saw the door clearly. So the west side of the glass has access to the door.
[kimi] 
[kimi]   Wait no — if the door is west of the glass (x<5.57) and I was at x=4.91 (west of the glass), then I was between the glass and the door... So at obs 262 I was already on the door's side. Then I moved "forward-right" and crossed to x=5.99 (east of glass). 
[kimi] 
[kimi]   The glass wall at x≈5.57 with a gap somewhere near z≈3.5-4. Let me go south along the glass to z≈3.5 and cross west.
[kimi] 
[mcp] [08/08/26 04:39:03] INFO     Processing request of type            server.py:733
[mcp]                              CallToolRequest                                    
[supervisor] AI_PLAY received action batch for observation=273
[supervisor] AI_PLAY sending observation=274
[mcp] INFO:     127.0.0.1:54007 - "POST /mcp HTTP/1.1" 200 OK
[kimi] • 玻璃墙在 x≈5.57。向南找缺口过到西侧。
[kimi] 
[kimi] • Hmm — at (5.92, 4.30). I moved +x a bit and -z. The ARCHIVE door at (0.26, 0.41) still visible behind glass left. There's a planter/curb directly in front of me (bottom center).
[kimi] 
[kimi]   Let me reconsider: maybe the door is NOT behind glass. The "glass" on the left with dark frames is the meeting room wall. The white ARCHIVE structure — the door faces EAST (toward me). The door is at x≈4? The glass wall at x=5.57 blocks... 
[kimi] 
[kimi]   Wait, wait. Let me re-examine: is the left side actually glass? At obs 264-274, the left side shows a dark-framed glass wall (the meeting room) and the ARCHIVE door is to the RIGHT of that glass wall (the white structure). The door is NOT behind the glass — it's on the white wall between the meeting room glass and the stairs.
[kimi] 
[kimi]   The blockers I keep hitting: at x=5.57 — but maybe that's not glass; maybe it's the PLANTER (the white curb in front of me, bottom center). The white curb structure (steps/planter) is right in front. The door is ~3.5m ahead-left.
[kimi] 
[kimi]   Let me move LEFT around the planter curb: the curb is at center. Strafe left.
[kimi] 
[mcp] [08/08/26 04:39:48] INFO     Processing request of type            server.py:733
[mcp]                              CallToolRequest                                    
[supervisor] AI_PLAY received action batch for observation=274
[supervisor] AI_PLAY sending observation=275
[mcp] INFO:     127.0.0.1:54173 - "POST /mcp HTTP/1.1" 200 OK
[kimi] • 前面是花池矮沿不是玻璃。向左绕过它。
[kimi] 
[kimi] • Again stuck at x=5.574, slid to z=5.87. There IS an invisible wall at x≈5.574. The door is west of it. I keep hitting x=5.574. The wall is real (glass? invisible?).
[kimi] 
[kimi]   Let me look at the wall: at obs 275, left side — the meeting room glass (dark framed) and the white structure. The wall at x=5.57 might be the meeting room's glass east wall! The meeting room is a glass box; its east wall is at x≈5.57, and I'm EAST of it. The ARCHIVE white structure is ALSO east/adjacent... no, the door is west of x=5.57.
[kimi] 
[kimi]   The gap: the meeting room glass wall has a door/opening somewhere. At obs 79, I crossed at (1.53→2.15, z 4.7) — that's the WEST side of the meeting room? Ugh.
[kimi] 
[kimi]   Actually, hmm: maybe the meeting room glass box spans x 1.5..5.6, z -4.5..6, and the ARCHIVE white structure is at its NORTH-EAST, with the door on the structure's SOUTH face at around (4.5, 7)?? 
[kimi] 
[kimi]   I'm burning budget (used ~90 calls). Let me go AROUND the meeting room glass box to the north: from (5.92, 4.3), go north-east around the corner... the wall blocked north at z≈6.03 earlier (obs 268) and west at x≈5.57. So I'm in the northeast corner pocket. The gap must be to the south-east or around.
[kimi] 
[kimi]   Wait — at obs 263, I was at (5.99, 6.03) falling (on_floor=false) — I had jumped/fallen from the platform. Then obs 264 at (6.23, 6.03). So I was at z=6.03, x=6.23 — north-east pocket. Then blocked west at 5.57.
[kimi] 
[kimi]   The door is at approximately... from obs 264 (6.23, 6.03), yaw 100.2, door at (0.35, 0.40) screen — direction roughly forward-left. If yaw 100.2 ≈ facing -x (per fit α=-yaw-90 → α=-190.2→169.8° → direction (cos169.8, sin169.8) = (-0.98, 0.18)): door at (6.23-3·0.98, 6.03+3·0.18) ≈ (3.3, 6.6). So door ≈ (3.3, 6.6).
[kimi] 
[kimi]   To reach (3.3, 6.6) from the east pocket: go around the north side? The wall at z≈6.03 blocked me at x 5.57-5.92. The meeting room glass box north wall at z≈6.03. The door at (3.3, 6.6) is NORTH of that wall — so the door is on the north side, facing south into the gap between the meeting room box and the north wall?
[kimi] 
[kimi]   Plan: from the pocket, go EAST then NORTH around the meeting room box's northeast corner... but z blocked at 6.03. Hmm, that block was at x=5.57-5.92. Maybe at larger x (further east) the north path is open. Go east first.
[kimi] 
[mcp] [08/08/26 04:40:44] INFO     Processing request of type            server.py:733
[mcp]                              CallToolRequest                                    
[supervisor] AI_PLAY received action batch for observation=275
[supervisor] AI_PLAY sending observation=276
[mcp] INFO:     127.0.0.1:54510 - "POST /mcp HTTP/1.1" 200 OK
[kimi] • 向东再向北绕过玻璃盒的东北角。
[kimi] 
[kimi] • At (5.60, 6.02), blocked. Hmm — "right=-1" (left) moved me +z and slightly +x, then blocked. 
[kimi] 
[kimi]   Honestly, I keep sliding around this corner. The door is at approximately (3.3, 6.6) per estimate — and there's a glass wall (the meeting room box) between. The door is on the white structure just NORTH of the meeting room glass box's east portion.
[kimi] 
[kimi]   The opening to the door's area: from the SOUTH — the door faces south toward the hall center. From obs 262, at (4.91, 3.52) I saw the door 3.5m away at the right of my view. 4.91 is WEST of the glass wall x=5.57. So the area south of the door, between the meeting room glass (x<5.57) is OPEN at z≈3.5! The door's front area is at x≈3-4.5, z≈4-6 — accessible from the south (the hall middle).
[kimi] 
[kimi]   I was there! At obs 262 (4.91, 3.52) the door was visible at screen right ~3.5m. I should have just walked toward it then. Let me go back: I'm at (5.60, 6.02). Go SOUTH along the glass to z≈3.5, then WEST around the glass corner... wait the glass wall is at x=5.57; at obs 262 I was at x=4.91 (west of it). How did I get from 4.91 to 5.99? At obs 262→263: "right=-0.5, forward=1" twice: delta (1.08, 2.51). Moving forward at yaw -179.78 (+z) with right=-0.5... right=-0.5 means LEFT = -x?? but x INCREASED by 1.08. So right=-1 gives +x when facing +z. That means facing +z, LEFT = +x?? So +x is to the LEFT when facing +z. Consistent with facing +z: right=-x (east is -x? no...). 
[kimi] 
[kimi]   CONVENTION: facing +z, right hand points to -x?? Let's verify with obs 78→79: yaw -134.65, moved forward (0.625, 1.417) — forward direction ≈ (0.4, 0.9) mostly +z some +x. If yaw -134.65 ≈ facing +z rotated... consistent-ish with α=-(-134.65)-90=44.65° → (cos44.65, sin44.65)=(0.71, 0.70). ✓. So model α = -yaw - 90 works here. For yaw 100.2: α=-190.2→169.8° → direction (-0.98, +0.18) → facing mostly -x. And right-hand = direction α-90=79.8° → (0.18, 0.98) → +z. So facing yaw 100.2 (-x direction), right = +z. When I did right=-1 (left) I moved -z... but observed +z? At obs 275→276: right=-1 twice, delta (0.024, +0.14) then blocked. Small. Confusing due to sliding.
[kimi] 
[kimi]   FORGET the math. Simple landmark navigation: The door is visible on screen at left (0.31, 0.41), ~3.5m, behind an invisible wall. The gap in the wall: from obs 262, the spot (4.91, 3.52) was ON THE DOOR'S SIDE. That spot is SOUTH-WEST of here. From current (5.60, 6.02): go south (backward) along the wall to z≈3.5, then west (left) — the wall should end.
[kimi] 
[kimi]   The wall at x=5.57 spans z from ~3.5? to 6.03+. At obs 262-263 I crossed from x=4.91 to 5.99 at z≈3.5-4.5 — so the gap is around z≈3.5-4.5?? I crossed the wall going east there. So go south to z≈4, cross west, then go north to the door.
[kimi] 
[mcp] [08/08/26 04:41:38] INFO     Processing request of type            server.py:733
[mcp]                              CallToolRequest                                    
[supervisor] AI_PLAY received action batch for observation=276
[supervisor] AI_PLAY sending observation=277
[mcp] INFO:     127.0.0.1:54745 - "POST /mcp HTTP/1.1" 200 OK
[kimi] • 向南沿墙到 z≈4 的缺口，再向西过墙。后退。
[kimi] 
[kimi] • Interesting — "backward" moved me +x to 7.16 (so backward = +x, meaning facing -x. consistent with yaw 100 ≈ facing -x). Now at (7.16, 5.79). I see a white column in front (right) and the ARCHIVE door at left (0.36, 0.41). I'm now EAST of the white structure, past the glass wall corner. The area ahead (south of the white structure, at left) looks open now.
[kimi] 
[kimi]   Turn left toward the door and walk to it.
[kimi] 
[mcp] [08/08/26 04:42:20] INFO     Processing request of type            server.py:733
[mcp]                              CallToolRequest                                    
[supervisor] AI_PLAY received action batch for observation=277
[supervisor] AI_PLAY sending observation=278
[mcp] INFO:     127.0.0.1:54952 - "POST /mcp HTTP/1.1" 200 OK
[kimi] • 到了结构东侧，门在左边，前方开阔。转向门并走近。
[kimi] 
[kimi] • Now I'm at (5.59, 6.03) with a clear view of the ARCHIVE door (0.53, 0.42) — no glass between us now! The meeting room glass is on the left. The door is ~3m ahead. Walk to it.
[kimi] 
[mcp] [08/08/26 04:43:01] INFO     Processing request of type            server.py:733
[mcp]                              CallToolRequest                                    
[supervisor] AI_PLAY received action batch for observation=278
[supervisor] AI_PLAY sending observation=279
[mcp] INFO:     127.0.0.1:55156 - "POST /mcp HTTP/1.1" 200 OK
[kimi] • 门就在前方，直接走近。
[kimi] 
[kimi] • Blocked again at (5.58, 6.03)! There IS an invisible/glass wall between me and the door at this line (z≈6.03 north edge, or x≈5.58). The door is at ~3m ahead. The wall... 
[kimi] 
[kimi]   Wait — look at the depth image: the floor ahead is dark (near) and the white structure is at mid distance. The meeting room glass is at left. The wall I'm hitting might be the meeting room glass box's EAST wall extending north...
[kimi] 
[kimi]   Hmm, alternatively — maybe the wall is the white structure's own east wall and the door is on the SOUTH face. The door appears to face me (south-east). 
[kimi] 
[kimi]   Let me try probing the door from here — maybe the keypad is within reach (3m)? The keypad is on the wall right of the door (0.565, 0.44). Probe it.
[kimi] 
[mcp] [08/08/26 04:43:45] INFO     Processing request of type            server.py:733
[mcp]                              CallToolRequest                                    
[supervisor] AI_PLAY received action batch for observation=279
[supervisor] AI_PLAY sending observation=280
[mcp] INFO:     127.0.0.1:55359 - "POST /mcp HTTP/1.1" 200 OK
[kimi] • 直接探测门旁密码盘试试距离。
[kimi] 
[kimi] • Too far. The keypad is ~3.5m away. I need to get closer. The wall in front of me at z=6.03/x=5.57...
[kimi] 
[kimi]   Key realization: at obs 262, I stood at (4.91, 3.52) with a clear view of the door and NO wall blocked me there — I moved freely there. The open area is around (4.9, 3.5). From there the door was ~3.5m to the right-front. So from (4.9, 3.5), walking toward the door (northeast) should reach it. The wall line x=5.57 starts somewhere north of z=4?
[kimi] 
[kimi]   Let me go back to (4.9, 3.5): move south (which from here is... backward-left). Current yaw 130.2. Position (5.57, 6.03). Target (4.9, 3.5): delta (-0.67, -2.5) — mostly -z (south). Facing -z = yaw 0-ish (from model: yaw 5.35 → -z). Turn left from 130.2 to ~5: negative yaw decreases value?? negative yaw action increases value (turns left). To go from 130.2 to 5.2: decrease by 125 → positive yaw (right turn) 125? But right turn decreases value (obs: +45 took 100.2→55.2, yes decrease). So +45+45+35 → 130.2-125=5.2. Do it in two batches.
[kimi] 
[mcp] [08/08/26 04:44:32] INFO     Processing request of type            server.py:733
[mcp]                              CallToolRequest                                    
[supervisor] AI_PLAY received action batch for observation=280
[supervisor] AI_PLAY sending observation=281
[mcp] INFO:     127.0.0.1:55582 - "POST /mcp HTTP/1.1" 200 OK
[kimi] • 绕回南侧开阔区 (4.9, 3.5)。先转向南。
[kimi] 
[mcp] [08/08/26 04:45:13] INFO     Processing request of type            server.py:733
[mcp]                              CallToolRequest                                    
[supervisor] AI_PLAY received action batch for observation=281
[supervisor] AI_PLAY sending observation=282
[mcp] INFO:     127.0.0.1:55719 - "POST /mcp HTTP/1.1" 200 OK
[kimi] • Now facing yaw 5.2 (south): I see the cubicle desks (right, with pink chairs and a green bottle) and the CUBICLE AREA sign, plus the stairs to the mezzanine (center-left) and the planter steps below me. I'm at the top of the planter steps. The open hall is ahead. Move forward (south) down to the hall, then approach the door from the south side.At (5.57, 4.30). I see the cubicle desks right (inside glass?) and the hall ahead. The CEO OFFICE UPSTAIRS stairs and BREAK ROOM far left. There's a doorway on the white structure ahead-left (0.37, 0.41) — the BREAK ROOM? Also "ARCHIVE"?? at (0.38, 0.38) — there's a doorway with a label. 
[kimi] 
[kimi]   Wait — at (0.37, 0.40) there's a lit doorway with a sign above it on the white structure (the structure at center-left). That's the white structure's WEST face! The door with a label. Could be the ARCHIVE's other side? No — the ARCHIVE door I found is on the south face of the north structure. Hmm.
[kimi] 
[kimi]   Let me just move forward into the open hall and then turn to approach the ARCHIVE door from the south-west.
[kimi] 
[mcp] [08/08/26 04:45:56] INFO     Processing request of type            server.py:733
[mcp]                              CallToolRequest                                    
[supervisor] AI_PLAY received action batch for observation=282
[supervisor] AI_PLAY sending observation=283
[mcp] INFO:     127.0.0.1:55913 - "POST /mcp HTTP/1.1" 200 OK
[kimi] • 继续向南进入大厅开阔区。
[kimi] 
[kimi] • Blocked at (5.57, 4.30) moving forward-left. There's a glass wall to my left (the cubicle glass, x=5.57 wall is to my west...). Wait, the desks are to my RIGHT (north?). I keep getting confused.
[kimi] 
[kimi]   STOP. Deep breath. Position (5.57, 4.30), yaw 5.22. The ARCHIVE door is at ~(3.3, 6.6). I'm south-east of it. The invisible wall at x≈5.57 is between us (the door is at x≈3.3 < 5.57). But at obs 262 I was at (4.91, 3.52) — WEST of the wall — and could see the door. So the wall x=5.57 must END somewhere between z=4.3 and z=3.5.
[kimi] 
[kimi]   From (5.57, 4.30), move forward (south, yaw 5.2 ≈ -z): but I was just blocked moving forward-left. Move straight south first.
[kimi] 
[mcp] [08/08/26 04:46:41] INFO     Processing request of type            server.py:733
[mcp]                              CallToolRequest                                    
[supervisor] AI_PLAY received action batch for observation=283
[supervisor] AI_PLAY sending observation=284
[mcp] INFO:     127.0.0.1:56117 - "POST /mcp HTTP/1.1" 200 OK
[kimi] • 直线向南移动。
[kimi] 
[kimi] • Blocked even moving straight south at (5.57, 4.30). There's a wall directly south of me too?? But I came from the south at obs 282 (moved from z=6.03 to 4.30 southward fine). Now blocked?? Something right in front — maybe a chair. The cubicle desk chair is to my right-front. Let me strafe right (east) then south.
[kimi] 
[kimi]   Actually the white line on the floor at left (0.15, 0.65) — the glass wall base line. The desks are INSIDE the glass (right side is the enclosure interior). I'm at the glass wall corner. The wall x=5.57 is on my... ugh.
[kimi] 
[kimi]   Let me move right (east).
[kimi] 
[mcp] [08/08/26 04:47:25] INFO     Processing request of type            server.py:733
[mcp]                              CallToolRequest                                    
[supervisor] AI_PLAY received action batch for observation=284
[supervisor] AI_PLAY sending observation=285
[mcp] INFO:     127.0.0.1:56359 - "POST /mcp HTTP/1.1" 200 OK
[kimi] • 向右（东）横移再向南。
[kimi] 
[kimi] • At (5.93, 4.30), moved east a bit, then blocked moving forward-right. The desks are right in front. I'm at the enclosure's east glass wall (x≈5.93?), desks inside to the west.
[kimi] 
[kimi]   Hmm wait — the cubicle desks are on my LEFT-front now (center-left). The window wall is on the right. So I'm at the EAST side, desks to the west. The glass wall... 
[kimi] 
[kimi]   You know what, the "ARCHIVE" white structure — I keep approaching from different sides and hitting walls. Let me look at the structure from a distance to understand its surroundings. From the current view: at the left-center (0.38, 0.40) there's the white structure with a doorway — visible between the stairs. There's an opening/door at (0.375, 0.41) with a label above ("ARCHIVE"?). That's the structure's WEST face!
[kimi] 
[kimi]   Actually YES — at (0.38, 0.41): a doorway with label on the white structure, visible from the WEST side. That might be another door of the same structure. And from obs 233 (from the mezzanine at (-1.8, 5.4) facing yaw 25) I saw a lit doorway at (0.53, 0.42).
[kimi] 
[kimi]   I bet the structure is a small room with the ARCHIVE door facing WEST into the hall at around (3.5, 6)... 
[kimi] 
[kimi]   New plan: go WEST around the enclosure's south side (through the hall middle at z≈3-4) to x≈3.5, then face the structure's west face. From (5.93, 4.30): the hall middle is to the south-west. Move backward (south) then west.
[kimi] 
[mcp] [08/08/26 04:48:13] INFO     Processing request of type            server.py:733
[mcp]                              CallToolRequest                                    
[supervisor] AI_PLAY received action batch for observation=285
[supervisor] AI_PLAY sending observation=286
[mcp] INFO:     127.0.0.1:56639 - "POST /mcp HTTP/1.1" 200 OK
[kimi] • 绕到大厅中部再接近结构西面。先后退南移。
[kimi] 
[kimi] • "backward" moved me +z to 5.65 (so yaw 5.2 faces -z, backward = +z). Now at (5.93, 5.65). I see the planter steps (bottom-left) and a dark wall/pillar on the right. The white line (glass base) on the floor at left.
[kimi] 
[kimi]   I'm burning too many steps (~100 calls). Let me think about what walls exist:
[kimi]   - Meeting room glass box: west portion of the north area.
[kimi]   - Cubicle glass enclosure: x 1.5-5.6, z -4.4..6 with gaps.
[kimi] 
[kimi]   The ARCHIVE white structure: based on obs 262 view from (4.91, 3.52) facing +z, door at right side (0.78, 0.42) → direction right = -x?? Earlier I established facing +z right = -x (from obs 2: spawn facing +z... wait no. At obs 2, spawn yaw 180, the task card was on the RIGHT of the view, at (4.5,-17.4) which is +x of spawn (3.03,-17.93). So facing +z, right = +x. Hmm, but that contradicts... whatever: facing +z, right = +x.
[kimi] 
[kimi]   So obs 262 (4.91, 3.52) facing +z, door at screen-right (0.78) ≈ 30° right of forward → direction (+x·sin30, +z·cos30) = (0.5, 0.87). Door at ~3.5m: (4.91+1.75, 3.52+3.03) ≈ (6.66, 6.55). So the door is at approximately (6.7, 6.6) — EAST side! The white structure's door faces SOUTH-WEST into the area near (6, 5).
[kimi] 
[kimi]   And at obs 264 (6.23, 6.03) facing yaw 100.2... the door appeared at (0.35, 0.40) slightly left of center. If yaw 100.2 faces -x (mostly west): door at (6.23-3·0.98, ...) ≈ (3.3, 6.6). CONFLICT with (6.7, 6.6).
[kimi] 
[kimi]   Unless yaw 100.2 faces +x?? If at obs 264 the door was actually at (6.7, 6.6), distance from (6.23, 6.03) = 0.74m — no, it looked 3-4m away.
[kimi] 
[kimi]   Hmm OK. Both estimates put the door around z≈6.6, x between 3.3 and 6.7. The white structure is at z≈6.5-8, x≈3-7. Its door faces SOUTH (toward z<6).
[kimi] 
[kimi]   The wall I keep hitting (x≈5.57, z 4.3-6.03): that must be the CUBICLE glass enclosure's east wall. And the door area (south of the white structure, z≈5.5-6.5) is EAST of that glass wall — the pocket I was in at obs 264-280. But I got blocked at (5.58, 6.03) moving north AND at (5.57, 4.30) moving south... 
[kimi] 
[kimi]   Wait, at obs 282 I moved from (5.57, 6.03) to (5.57, 4.30) — moved SOUTH along x=5.57 fine (2 moves of 250ms). Then at obs 283-284 blocked moving forward (south, yaw 5.2) at z=4.30. So the wall segment: blocked at z≈4.30 going south but I came from z=6.03 going south to z=4.30?? So there's a wall at z≈4.3 south of me only when... I was moving forward (south) at obs 283 — blocked immediately. But I had just arrived there moving south. Maybe a chair/edge in front.
[kimi] 
[kimi]   I'm at (5.93, 5.65) now. The door (white structure) is to the WEST-NORTH at ~(5?, 6.6)? or (6.7, 6.6)? From the CURRENT view (obs 286), the white structure with the door — let me look: at obs 286 left side shows the planter steps; the view faces south (yaw 5.2). The structure is BEHIND me (north). Turn around and approach the door from here — I'm at (5.93, 5.65), door at maybe (5.5, 6.6)-ish, ~1.5m north. Turn around and walk to it.
[kimi] 
[mcp] [08/08/26 04:49:15] INFO     Processing request of type            server.py:733
[mcp]                              CallToolRequest                                    
[supervisor] AI_PLAY received action batch for observation=286
[supervisor] AI_PLAY sending observation=287
[mcp] INFO:     127.0.0.1:56887 - "POST /mcp HTTP/1.1" 200 OK
[kimi] • 转身向北，门就在北侧 1-2 米。
[kimi] 
[kimi] • Turned 135 right (yaw -129.78). View: windows (west), the fountain/planter, a blue sofa, and the MEETING ROOM glass (right) with the meeting room door. This is the area INSIDE the glass enclosure's north part, at (5.93, 5.66).
[kimi] 
[kimi]   The MEETING ROOM is right there. The ARCHIVE door is on the white structure next to the meeting room. From obs 262: the door was between the meeting room glass and the stairs. Let me turn right more to face the white structure.
[kimi] 
[mcp] [08/08/26 04:49:59] INFO     Processing request of type            server.py:733
[mcp]                              CallToolRequest                                    
[supervisor] AI_PLAY received action batch for observation=287
[supervisor] AI_PLAY sending observation=288
[mcp] INFO:     127.0.0.1:57035 - "POST /mcp HTTP/1.1" 200 OK
[kimi] • 继续右转找白色结构的门。
[kimi] 
[kimi] • Now facing yaw -174.78 (≈+z, north). I see the MEETING ROOM glass box ahead, and to its right (0.79, 0.40) a white-framed area with a desk+monitor inside (the alcove!) and the white structure. The ARCHIVE door should be at the right. Let me turn right slightly to see the white structure's south face.
[kimi] 
[mcp] [08/08/26 04:50:42] INFO     Processing request of type            server.py:733
[mcp]                              CallToolRequest                                    
[supervisor] AI_PLAY received action batch for observation=288
[supervisor] AI_PLAY sending observation=289
[mcp] INFO:     127.0.0.1:57377 - "POST /mcp HTTP/1.1" 200 OK
[kimi] • 右侧就是白色结构。右转看它的南面。
[kimi] 
[kimi] • Now I see the ARCHIVE door clearly (0.66, 0.43) with the keypad beside it (0.70, 0.44). It faces southwest. The floor between me and the door looks open (no glass!). Walk to it.
[kimi] 
[mcp] [08/08/26 04:51:25] INFO     Processing request of type            server.py:733
[mcp]                              CallToolRequest                                    
[supervisor] AI_PLAY received action batch for observation=289
[supervisor] AI_PLAY sending observation=290
[mcp] INFO:     127.0.0.1:57624 - "POST /mcp HTTP/1.1" 200 OK
[kimi] • ARCHIVE 门和密码盘清晰可见，中间无障碍。走过去。
[kimi] 
[kimi] • Blocked at (5.57, 6.03) again! There's DEFINITELY an invisible wall at x≈5.57/z≈6.03 corner. The door is just 2.5m away but I can't pass here.
[kimi] 
[kimi]   Wait — actually maybe the door area is enclosed by an invisible wall and the proper entrance is... hmm. Or maybe the wall is the glass door frame line. Let me try to go around the white structure's EAST side (right, toward the stairs) — at obs 277 I was at (7.16, 5.79), east of the structure. From there the door was at left. Let me go east then north then west to the door's front.
[kimi] 
[kimi]   Actually — from obs 277 (7.16, 5.79) facing yaw 100 (west), I saw the door at (0.36, 0.41) unobstructed ~3m! Then I moved forward (west) twice and reached (5.59, 6.03) — blocked at x=5.59. So the invisible wall is at x≈5.6 and the door is at x<5.6. The door's white structure is at x≈4.5-5.5.
[kimi] 
[kimi]   The wall at x≈5.6 spanning z 4.3..6+ — hmm, but at obs 277→278 I moved from 7.16 to 5.59 westward at z≈6. So the wall is at x=5.6 around z=6. And at obs 262-263 I crossed from 4.91 to 5.99 at z≈3.5-4.5 → the wall ends around z≈5? 
[kimi] 
[kimi]   So: wall at x≈5.6 for z ≈ 4.3..6.0+. Gap south of z≈4.3? At obs 263 I was at (5.99, 6.03) having crossed at z≈4.5 north-east... 
[kimi] 
[kimi]   Try: from (5.57, 6.03), go SOUTH along the wall to z≈3, then WEST around the wall's south end, then NORTH to the door front (which is at z≈6.5, x≈4.5).
[kimi] 
[mcp] [08/08/26 04:52:21] INFO     Processing request of type            server.py:733
[mcp]                              CallToolRequest                                    
[supervisor] AI_PLAY received action batch for observation=290
[supervisor] AI_PLAY sending observation=291
[mcp] INFO:     127.0.0.1:57880 - "POST /mcp HTTP/1.1" 200 OK
[kimi] • 沿隐形墙向南到 z≈3，再绕西侧。转身向南。
[kimi] 
[kimi] • Now facing yaw 15.2 (south). I see: LABORATORY (far left), the hall middle, the cubicle desks (right, behind glass), the planter steps below me (I'm on the platform edge). The glass wall is on my right (dark panel at right edge).
[kimi] 
[kimi]   Wait — I keep seeing the desk area through the glass on the right. The glass wall is on my right (east). I'm INSIDE the enclosure at its... no.
[kimi] 
[kimi]   Let me walk forward (south) down the steps into the hall.
[kimi] 
[mcp] [08/08/26 04:53:05] INFO     Processing request of type            server.py:733
[mcp]                              CallToolRequest                                    
[supervisor] AI_PLAY received action batch for observation=291
[supervisor] AI_PLAY sending observation=292
[mcp] INFO:     127.0.0.1:58081 - "POST /mcp HTTP/1.1" 200 OK
[kimi] • 向南下台阶到大厅。
[kimi] 
[kimi] • At (5.57, 4.30) again. Now the cubicle desks are on my RIGHT (not behind glass — they're directly there). The teal sign is visible at the desk (0.78, 0.43). So I'm INSIDE the enclosure now (no glass between me and the desks). 
[kimi] 
[kimi]   The wall x≈5.57 is to my... let me figure out: the enclosure glass is on the right side (east, the dark panel at the right edge of obs 291). Wait no, at obs 292 the desks are right in front-right at arm's reach. The white line on the floor at LEFT (0.13, 0.65).
[kimi] 
[kimi]   The ARCHIVE white structure: from obs 289 view, it was north-east of the meeting room. From here, it's roughly north-east. Let me walk toward the stairs (center-left, 0.35, 0.40) — the structure is right of the stairs. Move forward-left toward the stairs, then right to the door.
[kimi] 
[mcp] [08/08/26 04:53:56] INFO     Processing request of type            server.py:733
[mcp]                              CallToolRequest                                    
[supervisor] AI_PLAY received action batch for observation=292
[supervisor] AI_PLAY sending observation=293
[mcp] INFO:     127.0.0.1:58262 - "POST /mcp HTTP/1.1" 200 OK
[kimi] • 走向楼梯旁的白结构。
[kimi] 
[kimi] • Blocked again moving forward-left. There's a wall just south-west of (5.57, 4.30). But wait — at obs 292 I MOVED from z=6.03 to z=4.30 fine (forward=south). Now moving forward-left blocked. So there's an obstacle slightly to the left. The white floor line is on my left — the glass wall base! The glass wall is on my LEFT (west). The desks on the right are... inside the enclosure, and I'm OUTSIDE (east of the west glass wall? no...).
[kimi] 
[kimi]   Screw it. The invisible walls here form a maze. Let me try moving PURE forward (no left component).
[kimi] 
[mcp] [08/08/26 04:54:39] INFO     Processing request of type            server.py:733
[mcp]                              CallToolRequest                                    
[supervisor] AI_PLAY received action batch for observation=293
[supervisor] AI_PLAY sending observation=294
[mcp] INFO:     127.0.0.1:58494 - "POST /mcp HTTP/1.1" 200 OK
[kimi] • 纯向前移动试试。
[kimi] 
[kimi] • Blocked moving straight forward at (5.57, 4.30) facing yaw 15.2 (south-ish). So there's a wall immediately south of me now?! But I just CAME from the south at obs 292 (moved north→south from 6.03 to 4.30)?! Wait, at obs 292, delta was (-0.001, -1.731) = moving -z = SOUTH. So I moved south from 6.03 to 4.30. Now moving further south is blocked. So there's an east-west wall at z≈4.30 here?! 
[kimi] 
[kimi]   Hmm — the white line on the floor at left... and at obs 262 I was at (4.91, 3.52) — south of z=4.3 — and moved freely. So the wall at z≈4.3 is between x=5 and x=5.6? A glass segment.
[kimi] 
[kimi]   The glass enclosure layout: maybe it's an L-shape. The gap at obs 262-263 (crossing x=4.91→5.99 at z≈4.4) — that's where I crossed. So at z≈4.4, x 4.9-6 is passable?? But now blocked at (5.57, 4.30) moving south. Contradiction — unless the crossing at obs 263 happened at z≈4.5-6 while falling from the platform (I was AIRBORNE at obs 263! on_floor=false). I JUMPED over the glass wall while falling from the platform! The glass wall is maybe 1.2m high and I fell over it.
[kimi] 
[kimi]   So the enclosure glass walls are ~1.2m and can be jumped over?? But at obs 269 I tried jump+forward and stayed blocked... hmm, that jump was at (5.57, 6.03) facing the wall — jump completed but the move was blocked. Maybe the jump needs to be moving first.
[kimi] 
[kimi]   Alternative: the glass enclosure has a proper DOOR. Glass boxes have door gaps. The meeting room glass box has a door (seen at obs 288: meeting room glass door). The cubicle enclosure might have a gap/door on its south side (z≈-4.4 area, where I crossed at obs 46-47 walking freely at (2.99, -4.49)).
[kimi] 
[kimi]   OK here's the thing: I've confirmed the ARCHIVE door location (~(4.5-5.5, 6.5)) and it's behind the enclosure's east glass wall. The enclosure's south gap is at z≈-4.4. That's a long way. But actually — wait. Was the ARCHIVE structure really INSIDE the enclosure? At obs 289 the view from (5.93, 5.66) showed the door with clear floor between... and then blocked at 5.57.
[kimi] 
[kimi]   Hmm, actually — maybe simpler: the wall at x≈5.57 is the enclosure east wall. The door is WEST of it. The enclosure's west wall is at x≈1.53. The door is INSIDE the enclosure! The gaps: south end (z≈-4.4) and the north gap at (x≈2, z≈4.7) from obs 79.
[kimi] 
[kimi]   And INSIDE the enclosure, the door at (4.5, 6.5) is reachable via the interior. At obs 264 I was at (6.23, 6.03) INSIDE... blocked at 5.57 going west — no wait, that was the wall.
[kimi] 
[kimi]   FINE. Route: go to the enclosure's north gap at (2, 4.7), enter, then go east inside to the door. From (5.57, 4.30): go west... blocked. Go south? blocked. East? Let me try east (right strafe).
[kimi] 
[mcp] [08/08/26 04:55:38] INFO     Processing request of type            server.py:733
[mcp]                              CallToolRequest                                    
[supervisor] AI_PLAY received action batch for observation=294
[supervisor] AI_PLAY sending observation=295
[mcp] INFO:     127.0.0.1:58711 - "POST /mcp HTTP/1.1" 200 OK
[kimi] • 向右（东）横移。
[kimi] 
[kimi] • Moved east to 5.93 then blocked. The desks are right there. I'm boxed in a corner between glass walls at (5.6-5.9, 4.3). 
[kimi] 
[kimi]   Let me go back NORTH along the wall to (5.57, 6.03), then... at obs 277-278, from (7.16, 5.79) I moved WEST freely to (5.59, 6.03). So at z≈6, the wall starts at x=5.59. The door front area (x 4.5-5.5, z 6-7) is west of x=5.57 at z≈6+. And at z≈6.03, westward is blocked at x=5.57. 
[kimi] 
[kimi]   So how do I get to the door front?! The white structure's door faces... let me look at obs 289 again: the door faces SOUTH-WEST (I could see into it from (5.93, 5.66) facing yaw 150). The keypad is on the right side of the door (east jamb). The approach must be from the south-west, i.e., from INSIDE the enclosure west of x=5.57.
[kimi] 
[kimi]   The enclosure interior: I accessed it via the south gap (z≈-4.4) at obs 46-47 and via the north gap (x≈2, z≈4.7) at obs 79. From inside, go to (4.5, 5.5) and the door should be approachable.
[kimi] 
[kimi]   Route from (5.93, 4.30): go north along the east wall to (5.93, 5.66)... then west is blocked at 5.57. Go further north? At obs 277, from 7.16 westward to 5.59 at z=6.03 — so at z≈6, east of 5.59 is open. Go north to z=6.03, then... the wall blocks at 5.57. 
[kimi] 
[kimi]   Hmm, unless there's a gap in the wall between z=6.03 and z=7 further north. Let me go north along x≈5.9 to z≈7 and try westward there.
[kimi] 
[mcp] [08/08/26 04:56:30] INFO     Processing request of type            server.py:733
[mcp]                              CallToolRequest                                    
[supervisor] AI_PLAY received action batch for observation=295
[supervisor] AI_PLAY sending observation=296
[mcp] INFO:     127.0.0.1:59015 - "POST /mcp HTTP/1.1" 200 OK
[kimi] • 沿墙向北到 z≈7 再试向西。
[kimi] 
[kimi] • At (5.97, 6.03) — the dark wall/pillar is right in front of me (right side). I'm at the corner. The dark pillar at right (0.8, 0.5) is the corner of the white structure? 
[kimi] 
[kimi]   Let me try moving WEST (left) from here to the door.
[kimi] 
[mcp] [08/08/26 04:57:14] INFO     Processing request of type            server.py:733
[mcp]                              CallToolRequest                                    
[supervisor] AI_PLAY received action batch for observation=296
[supervisor] AI_PLAY sending observation=297
[mcp] INFO:     127.0.0.1:59255 - "POST /mcp HTTP/1.1" 200 OK
[kimi] • 从这里向西试。
[kimi] 
[kimi] • Blocked west at x=5.57 again. The wall is solid from z=4.3 to 6.03+. 
[kimi] 
[kimi]   I notice at (0.42, 0.43) in this view: a doorway in the white structure ahead — with a label. That's the structure's WEST face door, visible from inside the enclosure at (5.57, 6.03) facing yaw 15 (south)!? The doorway at (0.42, 0.43) is far (near the stairs). Hmm, that might be the BREAK ROOM or a door at the structure's west side around (3.5, 2)?
[kimi] 
[kimi]   OK here's another thought — the ARCHIVE white structure's door might be approachable only from INSIDE the enclosure via its west side. I'm currently OUTSIDE (east of the enclosure's east glass wall). The enclosure's west gap is at (x≈2, z≈4.7). From there, inside, go east to (4.5, 5.5), then the door.
[kimi] 
[kimi]   Let me go: from (5.57, 6.03), I can't go west. Go south to z≈4.3... blocked at 4.30 going south at obs 294?? but I came from there... At obs 292→293, blocked going forward-left at 4.30, but at obs 292 I arrived at 4.30 moving pure forward. The block at 4.30 was when moving with left component. So pure south from 4.30 might work? At obs 294 pure forward was BLOCKED at 4.30. Hmm.
[kimi] 
[kimi]   Whatever — east is open at 4.30 (obs 295: moved to 5.93). Go east, then south around everything, then west into the enclosure's south side. Actually simpler: go back to the hall center and enter the enclosure via its west gap (x≈2, z≈4.7).
[kimi] 
[kimi]   From (5.57, 6.03): go north? blocked at 6.03 earlier (obs 268). Go east: at 6.03 eastward was open (obs 277: 7.16 at z 5.79). So: east to x≈7, then south to z≈4, then west along the enclosure's south... the enclosure's south side at z≈-4.4 is FAR. 
[kimi] 
[kimi]   Wait — actually at obs 262, I stood at (4.91, 3.52) — that was after walking north from the hall through the middle. Was that inside or outside the enclosure? I walked from the spawn north up the hall center (x≈4) at obs 255-260 without hitting the glass at x=1.53... because x=4 > 1.53?! The west glass wall was at x≈1.53 and I walked at x≈4 freely. So the enclosure's west wall (x=1.53) has a huge gap, OR the enclosure is only the desk platform area (x 1.5-5.6, z -4.4..2) and its NORTH wall is at z≈2, not 4.7.
[kimi] 
[kimi]   Hmm, at obs 79: crossing from x=1.53→2.15 at z≈4.7 — that "gap" was actually the enclosure's NORTH EDGE (the enclosure ends at z≈4.4, and at z=4.7 I was north of it, free to move east).
[kimi] 
[kimi]   So the enclosure: x 1.5..5.6, z -4.4..4.4. The ARCHIVE structure at (4.5, 6.5) is NORTH of the enclosure — and the wall blocking me at x=5.57, z 4.3-6.03... that wall is EAST of the enclosure, maybe the MEETING ROOM's east glass wall (the meeting room is at z≈6-10, x≈2-5.5)! YES — the meeting room glass box is at the north, and its east wall at x≈5.57 blocks me. The ARCHIVE structure is EAST of the meeting room, and its door faces WEST (toward the meeting room's east wall)?? No — the door at obs 289 faced southwest toward me...
[kimi] 
[kimi]   The meeting room east wall (x≈5.57) blocks the direct path. The door front area (x 4.5-5.5, z 6.5) is BETWEEN the meeting room east wall and... no wait, if the meeting room spans x 2-5.5, then x 4.5-5.5 at z 6.5 is INSIDE the meeting room?!
[kimi] 
[kimi]   Ugh. At obs 277 (7.16, 5.79) facing west (yaw 100), I saw the door at (0.36, 0.41) clearly, ~3m. Then moving west I got blocked at x=5.59. So the wall (meeting room east wall) is at x≈5.59 and the door is 1.5m beyond it at x≈4.6?? That puts the door ON or BEHIND the meeting room's east wall — the white ARCHIVE structure might be BETWEEN the meeting room box and the north stairs, with its door facing EAST (toward x>5.6)!
[kimi] 
[kimi]   At obs 277, facing west, the door appeared at (0.36) — straight ahead-left. If the door faced east, I'd see it face-on. And the keypad on its right jamb. So the door faces EAST and I need to approach from x>5.6, at z≈6-7. But at (7.16, 5.79) I saw it 3m away — and then walked INTO the wall at 5.59.
[kimi] 
[kimi]   Hold on — if the door is at x≈4.6 facing east, then from (7.16, 5.79) it'd be 2.6m away, matches "~3m". And the wall at x≈5.59 is BETWEEN us. So there's a glass panel in front of the door?? That can't be right for a goal door.
[kimi] 
[kimi]   Unless the wall at 5.59 is just the meeting room glass, and the door is on the white structure EAST of the meeting room, and the gap between the meeting room box and the ARCHIVE structure is a corridor... and the corridor entrance is from the NORTH (z≈8+) or SOUTH (z≈4).
[kimi] 
[kimi]   At obs 268-269: blocked at (5.57, 6.03) going north. At obs 294: blocked at (5.57, 4.30) going south. So the wall x≈5.57 spans z 4.3..6.03+ fully. To get west of it at z 4.3-6: impossible. But at obs 262 I was at (4.91, 3.52) — west of the wall, south of z=4.3. So the wall's south end is at z≈4.0-4.3. Route: go south around the wall's south end at z≈4, then west to x≈4.9, then NORTH along the corridor between the meeting room box (x<... wait.
[kimi] 
[kimi]   If the wall x≈5.57 ends at z≈4, then from (4.9, 3.5) I can go north along x≈4.9 to z≈6.5 (the door front). At obs 262 (4.91, 3.52) facing +z, the door appeared at (0.78, 0.42) — to the right. If right of +z = +x... door at (4.91+1.7, 3.52+3) ≈ (6.6, 6.5) — but that's EAST of the wall x=5.57?! Contradiction with being blocked at 5.57.
[kimi] 
[kimi]   UNLESS facing +z, right = -x! Let me recheck obs 2: spawn (3.03,-17.93) yaw 180 (facing +z? — moving forward increased z: -17.9→-17.4, yes +z). The task card was at screen right. After moving forward+right (right=+1? I used right=0.5), I ended at (2.77, -17.41)?? delta (-0.26, +0.53). Moving forward(+z 0.53) and "right" gave -0.26 x. So RIGHT = -x when facing +z! (right=0.5 → x decreased). OK so facing +z: right = -x.
[kimi] 
[kimi]   Redo obs 262: (4.91, 3.52) facing +z, door at screen right (0.78) → direction -x-ish +z: door at ≈ (4.91-1.7, 3.52+3) ≈ (3.2, 6.5). And from obs 264 (6.23, 6.03) yaw 100.2: what's facing? Movement at obs 263→264: none (just looks). Use obs 264→265: yaw 100.2, moves right=-0.2,forward=1 gave delta (-0.64, 0)... forward ≈ -x. So yaw 100.2 faces -x (west). The door at screen (0.35, 0.40) ≈ forward-left: forward=-x, left=-z → door at (6.23-3·0.95, 6.03-3·0.3) ≈ (3.4, 5.2). 
[kimi] 
[kimi]   Both ≈ (3.2-3.4, 5.2-6.6). So the door is at around (3.3, 6), WEST of the wall x=5.57. And I was at (4.91, 3.52) — also west of the wall (4.91 < 5.57). Between (4.91, 3.52) and the door (3.3, 6): is there a wall? At obs 262→263, moving forward-right (right=-0.5 → left = +x) took me (4.91,3.52)→(5.99, 6.03): +x and +z — I crossed x=5.57 going NORTH-EAST at z≈4.5-6. So no wall blocks between (4.9, 3.5) and (5.6, 6)?? But obs 290 blocked at (5.57, 6.03) going forward-right (yaw 150.2, forward = ?). 
[kimi] 
[kimi]   AH WAIT. Maybe the wall at x≈5.57 is only for z > 6.03 (north of 6.03) and for z < 4.3. Between z 4.3 and 6.03, x=5.57 is OPEN (I crossed there at obs 262-263). The blocks at obs 268 (5.57, 6.03, moving north) = the NORTH wall of the enclosure at z≈6.03! And obs 294 block at (5.57, 4.30) moving south = the SOUTH wall at z≈4.30!
[kimi] 
[kimi]   So: at x≈5.57, the corridor between z=4.30 and z=6.03 is bounded north and south by glass walls. The door at (3.3, 6)... hmm.
[kimi] 
[kimi]   You know what, I've spent ~100 calls. Let me just go back to (4.91, 3.52) — the spot where I could SEE the door — and walk toward it carefully, probing as I go. From (5.57, 6.03): go west... blocked. Go south to 4.30, then at 4.30 go west (obs 282: at (5.57, 4.30) I moved... hmm obs 282 came from 6.03 southward. At 4.30 westward = ? At obs 283, forward-left blocked. 
[kimi] 
[kimi]   Try: at (5.57, 4.30) move pure west (left strafe).
[kimi] 
[mcp] [08/08/26 04:58:47] INFO     Processing request of type            server.py:733
[mcp]                              CallToolRequest                                    
[supervisor] AI_PLAY received action batch for observation=297
[supervisor] AI_PLAY sending observation=298
[mcp] INFO:     127.0.0.1:59797 - "POST /mcp HTTP/1.1" 200 OK
[kimi] • 在当前位置纯向西横移试试。
[kimi] 
[kimi] • Blocked west at (5.57, 6.03). The pocket (5.6-6.2, 4.3-6.03) is bounded west by the wall. But I ENTERED this pocket somehow (from the north at obs 277: (7.16, 5.79) → west to 5.59 at z=6.03). So at z≈6.03, I came from x=7.16 to x=5.59. The pocket's west boundary at z=6.03 is x=5.57. 
[kimi] 
[kimi]   And the door is at ~(3.3, 6)... west of 5.57. unreachable from this pocket.
[kimi] 
[kimi]   BUT WAIT — at obs 277-278, the door appeared at (0.36, 0.41) from (7.16, 5.79) facing west, ~3m. If the door were at (3.3, 6), distance would be 3.9m. Plausible. And blocked at 5.59 westward. So the door is behind the wall from the east too.
[kimi] 
[kimi]   The door front must be reachable from INSIDE the enclosure (west of x=5.57, around x 3-4.5, z 5.5-6.5). From obs 262, (4.91, 3.52) was inside-ish. Path: hall center → (4.91, 3.52) → north-west to the door front at (4, 5.5). At obs 262→263, moving forward+left took me (4.91,3.52)→(5.99,6.03): crossing x=5.57 at z≈5 — OPEN there?! So the wall x=5.57 has a gap at z≈5??
[kimi] 
[kimi]   Hmm, at obs 263 the delta was (1.079, 2.513) over 2 moves with on_floor=false (I was falling/jumping over?). "planar_velocity" was large. I might have jumped over a low glass wall while falling from the platform!
[kimi] 
[kimi]   Maybe the enclosure east "wall" at x=5.57 is LOW (1.2m) and I can JUMP over it. At obs 269 jump+move was blocked, but maybe the jump timing matters. Let me try: move first then jump then move? Actions in a batch are sequential. Let me try sprint+jump+forward.
[kimi] 
[kimi]   Actually at obs 262-263: I was at the platform edge (4.91, 3.52, y=1.50 elevated!) — I was on the raised platform and walked off it, AIRBORNE over the wall at x=5.57 (wall height ~1.2m < platform 1.5m), landing at (5.99, 6.03). So the wall is jumpable from the platform side!
[kimi] 
[kimi]   So the route: get on the raised cubicle platform (y≈1.5) and walk off its east edge over the wall into the door's area. The platform is the cubicle platform (obs 103: y=1.50 at (4.94, -4.0)). The platform spans the enclosure. Its east edge at x≈5.6, z≈5-6 is right next to the ARCHIVE structure!
[kimi] 
[kimi]   From obs 262: at (4.91, 3.52) I was at y=1.50 (on the platform). Walking north-east off the edge → landed at (5.99, 6.03) near the door. And the door was visible from there. So: get on the platform, go to its north-east edge, drop down next to the door, then approach the door on foot (the door area at (4.5, 6) is at ground level INSIDE the pocket west of x=5.57... but the pocket between x 4.5-5.57 at z 5.5-6.5).
[kimi] 
[kimi]   Hmm wait, if I land at (5.99, 6.03) — east of the wall — the door is still behind the wall. UNLESS the door is EAST of x=5.57...
[kimi] 
[kimi]   Let me look at obs 277 again: (7.16, 5.79), facing yaw 100.2 (west), door at (0.36, 0.41). If the door were at x≈6.5 (east of the wall at 5.57, in the pocket x 5.6-7), then from (7.16, 5.79) it's ~0.7-1m — too close (it looked 3m). If at x≈4.6: 2.6m ✓.
[kimi] 
[kimi]   Alternatively the door is on the NORTH face of the structure at z≈7.5, reachable from the north... 
[kimi] 
[kimi]   Enough theorizing. Empirical: the pocket x∈(5.6,7), z∈(4.3,6) has the door VISIBLE on its west wall. The door is ON the wall at x≈5.57's west side... OR the pocket's west "wall" IS the structure's east wall with the door IN it, and the door is at z≈6.2+ (north of 6.03). At obs 277 (7.16, 5.79), the door appeared at 0.36 screen-x, slightly left of center while facing west — so the door is slightly SOUTH of z=5.79, at maybe z≈5.5, x≈5.57 (IN the wall!). But blocked at 5.59 walking toward it... maybe blocked by the planter curb, not a wall!
[kimi] 
[kimi]   At obs 278: from (7.16,5.79) two forward moves (250ms each) → (5.59, 6.03): moved 1.58m and STOPPED before the door (which looked 2.5m away). Blocked by SOMETHING at x=5.59, z=6.03. The depth image at obs 278 shows the floor is clear... but the door is set INTO the white structure whose east wall is at x≈5.57. The door is recessed in an alcove! The structure's east wall is at x≈5.57 and the door is IN it. I was standing right in front of the door at (5.59, 6.03)!! The block was because I was pressing INTO the doorway recess.
[kimi] 
[kimi]   But then probe at obs 280 (targeting the keypad at screen (0.565, 0.44)) returned not_found — too far? The keypad was ~2m away. Hmm, but probes failed at 1-1.2m before too.
[kimi] 
[kimi]   Wait, at obs 280 my position was (5.574, 6.032) and the keypad on screen at (0.565, 0.44) — the keypad is on the wall right of the door (from this angle). Distance maybe 2m. The keypad interaction range might be ~1.5m.
[kimi] 
[kimi]   Let me try: from the pocket, hug the structure's east wall and move NORTH to the door, then probe the keypad. From (5.57, 6.03) the wall x=5.57 blocks west, but maybe northward along the wall is open now? At obs 268 northward was blocked at z=6.03 — that was the enclosure's north glass wall? No wait, that block was moving forward (yaw 100.2, forward=-x west). Blocked at (5.588, 6.032) moving WEST. And obs 276: right=-1 (left=-z? at yaw 100.2 left=-z south) moved (0.024, 0.141) then blocked — northward blocked at z≈6.03+0.14.
[kimi] 
[kimi]   Hmm so at (5.57, 6.03): west blocked, north blocked. The corner. The door is west of me recessed... 
[kimi] 
[kimi]   FINAL ATTEMPT strategy: from the pocket, face the door directly (west), step as close as possible, and probe the DOOR itself (not the keypad). The keypad might be on the door's north jamb. Let me get to (5.57, 6.03), face west, and probe at the door position.
[kimi] 
[mcp] [08/08/26 05:00:05] INFO     Processing request of type            server.py:733
[mcp]                              CallToolRequest                                    
[supervisor] AI_PLAY received action batch for observation=298
[supervisor] AI_PLAY sending observation=299
[mcp] INFO:     127.0.0.1:60234 - "POST /mcp HTTP/1.1" 200 OK
[kimi] • 回到门前口袋，面向门直接探测。先转向西。
[kimi] 
[kimi] • I'm facing a window and a dark glass panel (left) — the meeting room glass? and the fountain. This is inside the corner. I'm quite disoriented. 
[kimi] 
[kimi]   Time check: observation_id 299, but act count is what matters (~105 calls used of 300). Still OK but I need to be efficient.
[kimi] 
[kimi]   Let me step back and take stock with a clean view. Move backward to open space and look around 360.
[kimi] 
[mcp] [08/08/26 05:00:56] INFO     Processing request of type            server.py:733
[mcp]                              CallToolRequest                                    
[supervisor] AI_PLAY received action batch for observation=299
[supervisor] AI_PLAY sending observation=300
[mcp] INFO:     127.0.0.1:60418 - "POST /mcp HTTP/1.1" 200 OK
[kimi] • 退到开阔处重新定位。
[kimi] 
[kimi] • Completely wedged in the corner at (5.57, 6.03). The dark glass panel is to my left (very close), the window/fountain right. I'm stuck facing... let me figure out which way is out. Earlier: from this corner, moving EAST (right at some yaw) worked, and SOUTH along x=5.57 worked.
[kimi] 
[kimi]   Currently yaw -69.78. Hmm. At obs 296 I was at (5.97, 6.03) — slightly east. Let me strafe... at yaw -69.78, which way is east? Ugh.
[kimi] 
[mcp] [08/08/26 05:01:43] INFO     Processing request of type            server.py:733
[mcp]                              CallToolRequest                                    
[supervisor] AI_PLAY received action batch for observation=300
[supervisor] AI_PLAY sending observation=301
[supervisor] AI_PLAY disabled; reason=game_over:max_requests
[supervisor] AI_PLAY_GAME_OVER outcome=failure reason=max_requests
[mcp] INFO:     127.0.0.1:60676 - "POST /mcp HTTP/1.1" 200 OK
[supervisor] ERROR: 2 shaders of type ParticlesShaderRD were never freed
[supervisor]    at: ~ShaderRD (servers/rendering/renderer_rd/shader_rd.cpp:1236)
[supervisor] ERROR: 2 RID allocations of type 'N10RendererRD15MaterialStorage6ShaderE' were leaked at exit.
[supervisor] [supervisor] starting attempt 2 retry 0: godot --path . addons/cogito/DemoScenes/COGITO_3_Lobby.tscn -- --ai-play --ai-play-scenario=find_contract --ai-play-exit-on-game-over
[supervisor] Godot Engine v4.7.1.stable.official.a13da4feb - https://godotengine.org
[supervisor] Metal 4.0 - Forward+ - Using Device #0: Apple - Apple M5 Max (Apple9)
[supervisor] 
[supervisor] WARNING: Custom solver bias for shapes is not supported when using Jolt Physics. Any such value will be ignored. This shape belongs to '<unknown>' and 0 other object(s).
[supervisor]      at: set_solver_bias (modules/jolt_physics/shapes/jolt_shape_3d.cpp:91)
[supervisor] COGITO: cogito settings loaded: res://addons/cogito/CogitoSettings.tres
[supervisor] COGITO: cogito settings loaded: res://addons/cogito/CogitoSettings.tres
[supervisor] CogitoQuickSlots.gd: Set quickslot containers focus_all to false
[supervisor] Language changed to:  English(en) and saved to user://language.cfg
[supervisor] AI_PLAY controller ready; scenario=find_contract user_args=["--ai-play", "--ai-play-scenario=find_contract", "--ai-play-exit-on-game-over"] auto_start=false
[supervisor] AI_PLAY enabling; target=ws://127.0.0.1:8765
[mcp] [08/08/26 05:01:47] INFO     connection open                       server.py:529
[supervisor] AI_PLAY WebSocket connected
[supervisor] AI_PLAY sending observation=1
[kimi]   Let me just try moving right then forward.Game over: failure — max_requests (300 act requests used). I had the code (420830) and found the door but ran out of budget navigating the glass maze.
[kimi] 
[kimi]   Failure review for memory:
[kimi]   - stage: navigation to ARCHIVE door after collecting all 3 clues
[kimi]   - bottlenecks: (1) glass/invisible walls around the cubicle/meeting room area caused many blocked moves and circling; (2) spent too many requests probing/approaching clue 2/3 through barriers before finding the platform steps; (3) wandering the mezzanine and around the goal structure without a planned route burned the budget.
[kimi]   - optimizations: establish room locations early from hall center; approach records from open sides; when blocked repeatedly, backtrack to a known open corridor instead of sliding along walls; go straight to the goal once found; keep moves directional with landmarks rather than wall-hugging.
[kimi] 
[mcp] [08/08/26 05:02:36] INFO     Processing request of type            server.py:733
[mcp]                              CallToolRequest                                    
[mcp] INFO:     127.0.0.1:61120 - "POST /mcp HTTP/1.1" 200 OK
[mcp] [08/08/26 05:03:15] INFO     Processing request of type            server.py:733
[mcp]                              CallToolRequest                                    
[mcp] INFO:     127.0.0.1:61258 - "POST /mcp HTTP/1.1" 200 OK
[mcp]                     INFO     Processing request of type            server.py:733
[mcp]                              CallToolRequest                                    
[mcp] INFO:     127.0.0.1:61259 - "POST /mcp HTTP/1.1" 200 OK
[kimi]   Landmarks/workflow must be empty for failure. Submit avoid + failure_review.Failure review submitted. Now wait for the next game (game 2 of 4). Per instructions, after eligible update, wait for next round and start from briefing. Let me call briefing to start game 2.Game 2. Apply lessons: be efficient. Read task card, then visit locations directly, avoid wall-hugging, budget moves.
[kimi] 
[kimi]   Failure review optimizations that apply: establish landmarks from hall center, direct routes, backtrack instead of wall sliding, use steps for platforms, go straight to ARCHIVE after clues.
[kimi] 
[mcp] [08/08/26 05:03:59] INFO     Processing request of type            server.py:733
[mcp]                              CallToolRequest                                    
[mcp] INFO:     127.0.0.1:61449 - "POST /mcp HTTP/1.1" 200 OK
[kimi]   Start: observe.New spawn: (2, 10.4), yaw -90. I see the MEETING ROOM glass box ahead-right and windows. No task card visible in this view. The task card is near spawn — scan. Turn to look around. Since first screenshot doesn't show the teal sign, scan 45° at a time.
[kimi] 
[mcp] [08/08/26 05:04:43] INFO     Processing request of type            server.py:733
[mcp]                              CallToolRequest                                    
[supervisor] AI_PLAY received action batch for observation=1
[supervisor] AI_PLAY sending observation=2
[mcp] INFO:     127.0.0.1:61833 - "POST /mcp HTTP/1.1" 200 OK
[kimi] • 新出生点在会议室玻璃旁。首图无任务卡标志，开始逐 45 度扫描。
[kimi] 
[mcp] [08/08/26 05:05:27] INFO     Processing request of type            server.py:733
[mcp]                              CallToolRequest                                    
[supervisor] AI_PLAY received action batch for observation=2
[supervisor] AI_PLAY sending observation=3
[mcp] INFO:     127.0.0.1:62039 - "POST /mcp HTTP/1.1" 200 OK
[mcp] [08/08/26 05:06:11] INFO     Processing request of type            server.py:733
[mcp]                              CallToolRequest                                    
[supervisor] AI_PLAY received action batch for observation=3
[supervisor] AI_PLAY sending observation=4
[mcp] INFO:     127.0.0.1:62384 - "POST /mcp HTTP/1.1" 200 OK
[mcp] [08/08/26 05:06:54] INFO     Processing request of type            server.py:733
[mcp]                              CallToolRequest                                    
[supervisor] AI_PLAY received action batch for observation=4
[supervisor] AI_PLAY sending observation=5
[mcp] INFO:     127.0.0.1:62611 - "POST /mcp HTTP/1.1" 200 OK
[kimi] • Interesting — positive yaw 45 turned... yaw went from -90 to -135 (decreased). The view shows the meeting room glass box more to the right. No task card. Continue scanning.Now yaw 180 — looking INTO the meeting room (glass walls, tables/chairs inside, and a desk with monitor at right). No task card here. Keep scanning.Found the task card sign (right side, 0.85, 0.65) — and it's right next to the ARCHIVE door! (I can see "ARC..." text top right and the glass door with the sign pole in front). The spawn is right next to the ARCHIVE. Stop scanning, approach the sign. Turn right a bit to center it and move closer.Now close to the sign, in front of the ARCHIVE glass door. Probe the sign center (0.62, 0.72).
[kimi] 
[mcp] [08/08/26 05:07:37] INFO     Processing request of type            server.py:733
[mcp]                              CallToolRequest                                    
[supervisor] AI_PLAY received action batch for observation=5
[supervisor] AI_PLAY sending observation=6
[mcp] INFO:     127.0.0.1:62850 - "POST /mcp HTTP/1.1" 200 OK
[kimi] • 探测任务卡标志。
[kimi] 
[mcp] [08/08/26 05:08:20] INFO     Processing request of type            server.py:733
[mcp]                              CallToolRequest                                    
[supervisor] AI_PLAY received action batch for observation=6
[supervisor] AI_PLAY sending observation=7
[mcp] INFO:     127.0.0.1:63163 - "POST /mcp HTTP/1.1" 200 OK
[kimi] • Prompt appeared. Also note the keypad is right there on the wall to the right of the door (0.81, 0.43). Great — the ARCHIVE is at spawn this time. Read the task card.First location: LABORATORY again. The map layout is likely the same as game 1. The lab was on the east side at the hall middle. From spawn (1.44, 10.33) at the north end near the ARCHIVE. The lab is far south-east (in game-1 coords, around x=-9, z=0 — but spawn coords differ this time: spawn at (2, 10.4) this game vs (3, -17.9) last game. The map might be the same but spawn moved to the north end).
[kimi] 
[kimi]   Close UI and find the lab. Turn around to see the hall.
[kimi] 
[mcp] [08/08/26 05:09:05] INFO     Processing request of type            server.py:733
[mcp]                              CallToolRequest                                    
[supervisor] AI_PLAY received action batch for observation=7
[supervisor] AI_PLAY sending observation=8
[mcp] INFO:     127.0.0.1:63455 - "POST /mcp HTTP/1.1" 200 OK
[kimi] • 任务卡：第一站 LABORATORY。出生点就在 ARCHIVE 旁。关闭界面，转向大厅找实验室。
[kimi] 
[kimi] • Now find the LABORATORY. I'm at the north end (2, 10.4) next to the ARCHIVE. In game 1, the LABORATORY was at the hall middle, on the east side (from spawn view it was on the right when walking north). This spawn is at the north end. Let me turn around to see the hall. Turn right/left to scan: the hall extends south from here. Turn left 90 (negative yaw increases: 94.87+90=184.87→-175). Do two -45.
[kimi] 
[mcp] [08/08/26 05:09:49] INFO     Processing request of type            server.py:733
[mcp]                              CallToolRequest                                    
[supervisor] AI_PLAY received action batch for observation=8
[supervisor] AI_PLAY sending observation=9
[mcp] INFO:     127.0.0.1:63713 - "POST /mcp HTTP/1.1" 200 OK
[kimi] • 转向大厅方向扫描房间标牌。
[kimi] 
[kimi] • Facing the meeting room glass. The lab is elsewhere. Let me walk out toward the hall center and scan for the LABORATORY sign. Move forward (through/around the meeting room glass?). Turn to face the open hall — from the first observation, the open area was to the west (left of the initial view). Let me go back toward the initial spawn view direction and head to the hall center. Turn right 90? Currently yaw -175. The open hall (from obs 1) was at yaw -90 (windows/sofa). Turn right (positive yaw decreases value): -175 - 85 = -260 → +100. Do +45+40.
[kimi] 
[mcp] [08/08/26 05:10:34] INFO     Processing request of type            server.py:733
[mcp]                              CallToolRequest                                    
[supervisor] AI_PLAY received action batch for observation=9
[supervisor] AI_PLAY sending observation=10
[mcp] INFO:     127.0.0.1:63955 - "POST /mcp HTTP/1.1" 200 OK
[kimi] • 转向大厅开阔侧并走过去。
[kimi] 
[kimi] • Facing a white wall (the ARCHIVE structure's side). Turned wrong way. Let me turn left to find the open hall. Turn left 90.
[kimi] 
[mcp] [08/08/26 05:11:17] INFO     Processing request of type            server.py:733
[mcp]                              CallToolRequest                                    
[supervisor] AI_PLAY received action batch for observation=10
[supervisor] AI_PLAY sending observation=11
[mcp] INFO:     127.0.0.1:64080 - "POST /mcp HTTP/1.1" 200 OK
[kimi] • 面对白墙，向左转找开阔大厅。
[kimi] 
[kimi] • Facing the meeting room glass again (task card sign at bottom-left). The open hall must be to the south — I'm boxed between the meeting room and the ARCHIVE structure. Let me move around the meeting room: from obs 1, the open area with sofa/windows was at yaw -90. Turn right to yaw -90 (from -170: +80 → positive yaw decreases: -170+80... wait positive yaw action decreases value? At obs 4: +45 took 180→135 (decrease). So to go from -170.13 to -90: need +80 in value... positive yaw decreases, so use NEGATIVE yaw to increase: -170.13+80 = -90.13. Turn left (negative) 45+35.
[kimi] 
[mcp] [08/08/26 05:12:02] INFO     Processing request of type            server.py:733
[mcp]                              CallToolRequest                                    
[supervisor] AI_PLAY received action batch for observation=11
[supervisor] AI_PLAY sending observation=12
[mcp] INFO:     127.0.0.1:64286 - "POST /mcp HTTP/1.1" 200 OK
[kimi] • 向左转回初始视野方向（yaw -90）。
[kimi] 
[kimi] • I'm next to the task card sign again (it fills the view). The open area from obs 1: sofa, windows, TV stand. The hall extends to the south from here. In game 1, the hall ran north-south with rooms on the east side. The LABORATORY was in the middle-south area on the east side.
[kimi] 
[kimi]   Current spawn (2, 10.4) is at the NORTH end. The lab in game 1 was at around (-9, 0)... but this game's map may be identical with a different spawn. The lab sign was on the east wall of the hall middle.
[kimi] 
[kimi]   Let me walk toward the hall (south). From obs 1's view (yaw -90): windows ahead, meeting room right. The hall opening is... let me walk forward (yaw -90) past the sofa and see.
[kimi] 
[mcp] [08/08/26 05:12:46] INFO     Processing request of type            server.py:733
[mcp]                              CallToolRequest                                    
[supervisor] AI_PLAY received action batch for observation=12
[supervisor] AI_PLAY sending observation=13
[mcp] INFO:     127.0.0.1:64600 - "POST /mcp HTTP/1.1" 200 OK
[kimi] • 向大厅走，绕过沙发区。
[kimi] 
[kimi] • I'm in the corner with sofa, windows, meeting room glass on right. This is a dead-end corner. The hall must be south — behind me. Let me turn around and head south. Turn 180: negative yaw increases: -90.13+180=89.87. Four -45s (two batches).
[kimi] 
[mcp] [08/08/26 05:13:30] INFO     Processing request of type            server.py:733
[mcp]                              CallToolRequest                                    
[supervisor] AI_PLAY received action batch for observation=13
[supervisor] AI_PLAY sending observation=14
[mcp] INFO:     127.0.0.1:64713 - "POST /mcp HTTP/1.1" 200 OK
[kimi] • 这是死角，转身向南。
[kimi] 
[kimi] • Now I see the hall: stairs left, the CUBICLE AREA sign far ahead (0.61, 0.21), desks right, and room signs far (CEO OFFICE at 0.33, 0.24?). The LABORATORY should be in the middle area. From game 1, the lab was on the east side — here the room structures are on the LEFT (the white buildings with stairs). Let me walk forward toward the hall middle and look for the LABORATORY sign.
[kimi] 
[mcp] [08/08/26 05:14:18] INFO     Processing request of type            server.py:733
[mcp]                              CallToolRequest                                    
[supervisor] AI_PLAY received action batch for observation=14
[supervisor] AI_PLAY sending observation=15
[mcp] INFO:     127.0.0.1:64992 - "POST /mcp HTTP/1.1" 200 OK
[kimi] • 看到大厅。向前走向中区找 LABORATORY 标牌。
[kimi] 
[kimi] • Moving south (z decreasing 11→8). I see the white buildings ahead-left (with stairs), CUBICLE AREA right (on the platform with desks). In game 1, LABORATORY was south of the CEO office structure on the east side. Here the white buildings on the left have signs. Continue south and scan the left buildings.
[kimi] 
[mcp] [08/08/26 05:15:03] INFO     Processing request of type            server.py:733
[mcp]                              CallToolRequest                                    
[supervisor] AI_PLAY received action batch for observation=15
[supervisor] AI_PLAY sending observation=16
[mcp] INFO:     127.0.0.1:65191 - "POST /mcp HTTP/1.1" 200 OK
[kimi] • 继续向南，注意左侧建筑标牌。
[kimi] 
[kimi] • At (2.42, 4.95). I see "CEO OFFICE UPSTAIRS" and "BREAK ROOM" signs on the left building, CUBICLE AREA on the right. The LABORATORY should be further south (in game 1 it was south of the CEO structure). Continue south.
[kimi] 
[mcp] [08/08/26 05:15:47] INFO     Processing request of type            server.py:733
[mcp]                              CallToolRequest                                    
[supervisor] AI_PLAY received action batch for observation=16
[supervisor] AI_PLAY sending observation=17
[mcp] INFO:     127.0.0.1:65451 - "POST /mcp HTTP/1.1" 200 OK
[kimi] • 看到 CEO OFFICE/BREAK ROOM 标牌。继续向南找 LABORATORY。
[kimi] 
[kimi] • Blocked at z=4.49 — the cubicle platform edge (I hit the raised platform curb). The BREAK ROOM is visible ahead-left with the NPC inside (pink figure at 0.28, 0.31). The LABORATORY should be further south on the left side. Move around the platform: go left (around its north edge).
[kimi] 
[mcp] [08/08/26 05:16:32] INFO     Processing request of type            server.py:733
[mcp]                              CallToolRequest                                    
[supervisor] AI_PLAY received action batch for observation=17
[supervisor] AI_PLAY sending observation=18
[mcp] INFO:     127.0.0.1:49309 - "POST /mcp HTTP/1.1" 200 OK
[kimi] • 被平台边挡住，向左绕过平台。
[kimi] 
[kimi] • Going around the platform (the platform curb on my right). BREAK ROOM ahead-left. Continue south along the left side.
[kimi] 
[mcp] [08/08/26 05:17:16] INFO     Processing request of type            server.py:733
[mcp]                              CallToolRequest                                    
[supervisor] AI_PLAY received action batch for observation=18
[supervisor] AI_PLAY sending observation=19
[mcp] INFO:     127.0.0.1:49492 - "POST /mcp HTTP/1.1" 200 OK
[kimi] • 继续向南。
[kimi] 
[kimi] • At (1.14, 0.47). BREAK ROOM on the left with the NPC. The LABORATORY should be further south — I see an opening ahead (center, 0.52, 0.43). In game 1, the lab was south of the CEO structure. Continue south.
[kimi] 
[mcp] [08/08/26 05:18:03] INFO     Processing request of type            server.py:733
[mcp]                              CallToolRequest                                    
[supervisor] AI_PLAY received action batch for observation=19
[supervisor] AI_PLAY sending observation=20
[mcp] INFO:     127.0.0.1:49707 - "POST /mcp HTTP/1.1" 200 OK
[kimi] • 继续向南找 LABORATORY。
[kimi] 
[kimi] • At (1.15, -2.60). I see a white-framed opening ahead (0.52, 0.43) — that could be the LABORATORY entrance area. In game 1, the lab entrance was a wide doorway with the sign above. Continue toward it.
[kimi] 
[mcp] [08/08/26 05:18:48] INFO     Processing request of type            server.py:733
[mcp]                              CallToolRequest                                    
[supervisor] AI_PLAY received action batch for observation=20
[supervisor] AI_PLAY sending observation=21
[mcp] INFO:     127.0.0.1:49910 - "POST /mcp HTTP/1.1" 200 OK
[kimi] • 前方有个门洞，继续向南。
[kimi] 
[kimi] • At (1.16, -5.66). On the left there's a BREAK ROOM sign (0.39, 0.15) on the white building and a doorway. Ahead: the white-framed opening (0.55, 0.44). In game 1 the lab was at around z=0 on the east side... but here I don't see LABORATORY yet. The opening ahead might be it, or further. Let me continue to the opening.
[kimi] 
[mcp] [08/08/26 05:19:36] INFO     Processing request of type            server.py:733
[mcp]                              CallToolRequest                                    
[supervisor] AI_PLAY received action batch for observation=21
[supervisor] AI_PLAY sending observation=22
[mcp] INFO:     127.0.0.1:50084 - "POST /mcp HTTP/1.1" 200 OK
[kimi] • 继续向前方的门洞。
[kimi] 
[kimi] • At (1.16, -7.73). BREAK ROOM on the left (with fridge, counter visible). This is the same layout as game 1 but mirrored?? In game 1, BREAK ROOM was at (-1.5, -9)-ish area and the lab at (-9, 0). Here I see the BREAK ROOM on my left at z≈-8. In game 1 the break room was on the WEST side at z≈-9 — matches! So the lab should be to the WEST (left) further. Wait, in game 1 the lab was at x≈-9 which was reached by going right (east) from the hall... hmm, no — in game 1, walking north from spawn, the lab appeared on the RIGHT at (0.65, 0.30) around obs 9. And right = -x. So lab at x≈-9 means -x is right when facing +z (north). This game I'm walking SOUTH (-z). The lab in game 1 was at z≈0, x≈-9.
[kimi] 
[kimi]   Currently at (1.16, -7.73) walking south. The lab at z≈0 is BEHIND me (north). And x≈-9 is to the... facing -z (south), -x is to the LEFT. So the lab is behind-left. Hmm, but wait — the BREAK ROOM in game 1 was at z≈-9, and I see it here on my left at z≈-8 — consistent (break room at z -9). The lab at z≈0 — I passed it? At z≈0 I was at (1.15, 0.47) and saw no lab sign. In game 1 the lab was at x≈-9, z≈0 — far to the -x side. From x=1.15, the lab sign might not be visible from the center.
[kimi] 
[kimi]   Let me turn around and go back north to z≈0, then look west (-x) for the lab.
[kimi] 
[mcp] [08/08/26 05:20:31] INFO     Processing request of type            server.py:733
[mcp]                              CallToolRequest                                    
[supervisor] AI_PLAY received action batch for observation=22
[supervisor] AI_PLAY sending observation=23
[mcp] INFO:     127.0.0.1:50454 - "POST /mcp HTTP/1.1" 200 OK
[kimi] • 实验室应在 z≈0 的西侧。转身向北回走。
[kimi] 
[kimi] • Hmm, I turned 135 right (yaw -135.13) — this shows the fountain/planter, and the CUBICLE AREA (mirrored) far, MEETING ROOM sign far right. This is the view toward the north-east. I meant to turn 180. Turn right 45 more.
[kimi] 
[mcp] [08/08/26 05:21:18] INFO     Processing request of type            server.py:733
[mcp]                              CallToolRequest                                    
[supervisor] AI_PLAY received action batch for observation=23
[supervisor] AI_PLAY sending observation=24
[mcp] INFO:     127.0.0.1:50690 - "POST /mcp HTTP/1.1" 200 OK
[kimi] • 再右转 45 完成掉头。
[kimi] 
[kimi] • Now facing north (yaw 179.87). I see: CUBICLE AREA (mirrored, left), MEETING ROOM far center, the stairs and white structures right, "UPSTAIRS" text top-right. This is the view northward. The LABORATORY in game 1 was at the east side around z=0... but from this angle (facing north), east = -x = right side? In game 1 facing north, the lab was on the right. Right side now shows stairs/white structures. The lab might be behind the right structures. Let me walk north and check the right side.
[kimi] 
[mcp] [08/08/26 05:22:10] INFO     Processing request of type            server.py:733
[mcp]                              CallToolRequest                                    
[supervisor] AI_PLAY received action batch for observation=24
[supervisor] AI_PLAY sending observation=25
[mcp] INFO:     127.0.0.1:50917 - "POST /mcp HTTP/1.1" 200 OK
[kimi] • 向北走，检查右侧建筑找 LABORATORY 标牌。
[kimi] 
[kimi] • At (1.15, -3.76). Meeting room far, stairs right, a dark door on the white structure right (0.88, 0.35). No LABORATORY sign visible. In game 1 the lab was on the east side around z=0 — the lab entrance faced the hall. Hmm, but wait — in game 1, the lab was at x≈-9: that's FAR to one side. Let me check the left side (west, +x): the area beyond the windows?? No, windows are a wall.
[kimi] 
[kimi]   Wait — actually, in game 1, "LABORATORY" sign was at obs 9+ on the RIGHT side while walking north from spawn — the right side = east = -x. And the lab interior was at x≈-9 — deep to the east. The lab is a big room east of the hall around z≈0.
[kimi] 
[kimi]   Looking right now: stairs and white structures, a dark door. The lab entrance should be around here on the east side. In game 1, the LABORATORY entrance was at around (-6, 0) with the sign above a wide opening. Let me turn right and look.
[kimi] 
[mcp] [08/08/26 05:23:00] INFO     Processing request of type            server.py:733
[mcp]                              CallToolRequest                                    
[supervisor] AI_PLAY received action batch for observation=25
[supervisor] AI_PLAY sending observation=26
[mcp] INFO:     127.0.0.1:51209 - "POST /mcp HTTP/1.1" 200 OK
[kimi] • 右转查看东侧建筑。
[kimi] 
[kimi] • Found the LABORATORY (right side, 0.67, 0.16) with the hint sign visible inside at the desk. Same position as game 1. Go there directly.
[kimi] 
[mcp] [08/08/26 05:23:45] INFO     Processing request of type            server.py:733
[mcp]                              CallToolRequest                                    
[supervisor] AI_PLAY received action batch for observation=26
[supervisor] AI_PLAY sending observation=27
[mcp] INFO:     127.0.0.1:51401 - "POST /mcp HTTP/1.1" 200 OK
[kimi] • 找到 LABORATORY，直接走过去。
[kimi] 
[kimi] • Approaching the lab entrance. Continue to the desk with the hint sign inside.
[kimi] 
[mcp] [08/08/26 05:24:33] INFO     Processing request of type            server.py:733
[mcp]                              CallToolRequest                                    
[supervisor] AI_PLAY received action batch for observation=27
[supervisor] AI_PLAY sending observation=28
[mcp] INFO:     127.0.0.1:51678 - "POST /mcp HTTP/1.1" 200 OK
[kimi] • 进入实验室，走向桌后的标志。
[kimi] 
[kimi] • Close to the lab entrance. The desk with the sign is inside (0.70, 0.34). Go in and around the desk.
[kimi] 
[mcp] [08/08/26 05:25:49] INFO     Processing request of type            server.py:733
[mcp]                              CallToolRequest                                    
[supervisor] AI_PLAY received action batch for observation=28
[supervisor] AI_PLAY sending observation=29
[mcp] INFO:     127.0.0.1:51941 - "POST /mcp HTTP/1.1" 200 OK
[kimi] • 进入实验室，绕到桌子后方。
[kimi] 
[kimi] • The sign is on/behind the desk (0.69, 0.35). In game 1, I had to go around the desk to get within range. Move around the desk's left side.
[kimi] 
[mcp] [08/08/26 05:26:37] INFO     Processing request of type            server.py:733
[mcp]                              CallToolRequest                                    
[supervisor] AI_PLAY received action batch for observation=29
[supervisor] AI_PLAY sending observation=30
[mcp] INFO:     127.0.0.1:52306 - "POST /mcp HTTP/1.1" 200 OK
[kimi] • 绕到桌子后面接近标志。
[kimi] 
[kimi] • Close now. The sign is behind the desk at (0.84, 0.40), ~1.5m. In game 1, I approached from the right side of the desk (around its right end). Let me move right around the desk end and probe.
[kimi] 
[mcp] [08/08/26 05:27:28] INFO     Processing request of type            server.py:733
[mcp]                              CallToolRequest                                    
[supervisor] AI_PLAY received action batch for observation=30
[supervisor] AI_PLAY sending observation=31
[mcp] INFO:     127.0.0.1:52457 - "POST /mcp HTTP/1.1" 200 OK
[kimi] • 再靠近桌角，探测标志。
[kimi] 
[kimi] • The sign is at (0.86, 0.45), ~1.2m. Probe it.
[kimi] 
[mcp] [08/08/26 05:28:51] INFO     Processing request of type            server.py:733
[mcp]                              CallToolRequest                                    
[supervisor] AI_PLAY received action batch for observation=31
[supervisor] AI_PLAY sending observation=32
[mcp] INFO:     127.0.0.1:52925 - "POST /mcp HTTP/1.1" 200 OK
[kimi] • 探测标志。
[kimi] 
[kimi] • Not found — need to be closer/around the desk. In game 1, I had to get right next to the sign (within ~0.7m). Move around the desk's right end.
[kimi] 
[mcp] [08/08/26 05:29:38] INFO     Processing request of type            server.py:733
[mcp]                              CallToolRequest                                    
[supervisor] AI_PLAY received action batch for observation=32
[supervisor] AI_PLAY sending observation=33
[mcp] INFO:     127.0.0.1:53135 - "POST /mcp HTTP/1.1" 200 OK
[kimi] • 再绕过桌子右端贴近标志。
[kimi] 
[kimi] • The sign is right next to me at (0.79, 0.62). Probe it.
[kimi] 
[mcp] [08/08/26 05:30:25] INFO     Processing request of type            server.py:733
[mcp]                              CallToolRequest                                    
[supervisor] AI_PLAY received action batch for observation=33
[supervisor] AI_PLAY sending observation=34
[mcp] INFO:     127.0.0.1:53458 - "POST /mcp HTTP/1.1" 200 OK
[kimi] • 标志就在旁边，探测。
[kimi] 
[kimi] • "读取合同线索 1/3" — read it.
[kimi] 
[mcp] [08/08/26 05:31:53] INFO     Processing request of type            server.py:733
[mcp]                              CallToolRequest                                    
[supervisor] AI_PLAY received action batch for observation=34
[supervisor] AI_PLAY sending observation=35
[mcp] INFO:     127.0.0.1:53843 - "POST /mcp HTTP/1.1" 200 OK
[kimi] • 读取 1/3。
[kimi] 
[kimi] • Clue 1/3: MMDD = 1019. Next: CUBICLE AREA. Close and go. The cubicle area is the raised platform with desks in the hall middle (I saw CUBICLE AREA sign at (2.4, 5) area). In game 1, the record 2/3 sign was on the desk at the platform's west side near the pillar, reachable via the steps on the platform's south side.
[kimi] 
[mcp] [08/08/26 05:32:40] INFO     Processing request of type            server.py:733
[mcp]                              CallToolRequest                                    
[supervisor] AI_PLAY received action batch for observation=35
[supervisor] AI_PLAY sending observation=36
[mcp] INFO:     127.0.0.1:54164 - "POST /mcp HTTP/1.1" 200 OK
[kimi]   Exit the lab, go north-east to the cubicle platform.Exit the lab and go to the CUBICLE AREA. The cubicle platform is in the hall middle. From the lab (-9, 0.55), go out (east) and north to the platform (around (5, -2) in game-1 coords the sign was on the platform's west desk).
[kimi] 
[kimi]   From obs 26 view: the CUBICLE AREA sign was visible from the hall at (1.15, -3.75) facing north — the sign appeared at the LEFT (mirrored, on the west platform side at 0.1, 0.12). The platform is on the west side of the hall. Exit lab, turn left (north), walk to the platform, go up the steps (south side of the platform per game 1 — the steps were at the platform's south edge).
[kimi] 
[kimi]   Exit the lab first: turn around, walk out.
[kimi] 
[mcp] [08/08/26 05:33:28] INFO     Processing request of type            server.py:733
[mcp]                              CallToolRequest                                    
[supervisor] AI_PLAY received action batch for observation=36
[supervisor] AI_PLAY sending observation=37
[mcp] INFO:     127.0.0.1:54395 - "POST /mcp HTTP/1.1" 200 OK
[kimi] • 出实验室去办公区平台。转身向出口。
[kimi] 
[kimi] • I see the lab wall (dark blue) and the exit area to the left (stairs visible far left). Wait, the lab exit... at obs 37, the view shows the lab's side wall and the hall beyond (left). Move forward-left out of the lab.
[kimi] 
[mcp] [08/08/26 05:34:54] INFO     Processing request of type            server.py:733
[mcp]                              CallToolRequest                                    
[supervisor] AI_PLAY received action batch for observation=37
[supervisor] AI_PLAY sending observation=38
[mcp] INFO:     127.0.0.1:54741 - "POST /mcp HTTP/1.1" 200 OK
[kimi] • 向实验室外走。
[kimi] 
[kimi] • I'm moving along the lab wall (sliding). The exit should be to my left. Let me turn left slightly and continue out.
[kimi] 
[mcp] [08/08/26 05:35:42] INFO     Processing request of type            server.py:733
[mcp]                              CallToolRequest                                    
[supervisor] AI_PLAY received action batch for observation=38
[supervisor] AI_PLAY sending observation=39
[mcp] INFO:     127.0.0.1:55021 - "POST /mcp HTTP/1.1" 200 OK
[kimi] • 向左转一点出实验室。
[kimi] 
[kimi] • I'm out of the lab, at the hall. I can see the hall with the platform (left, the raised area with monitors). The cubicle platform with the desks — in game 1 it was on the west side (where I read clue 2/3 on a desk at the window pillar). From here, the platform ahead-left has monitors. Let me look for the CUBICLE AREA sign / the desk with the hint sign. Turn left to scan the hall.
[kimi] 
[mcp] [08/08/26 05:36:31] INFO     Processing request of type            server.py:733
[mcp]                              CallToolRequest                                    
[supervisor] AI_PLAY received action batch for observation=39
[supervisor] AI_PLAY sending observation=40
[mcp] INFO:     127.0.0.1:55343 - "POST /mcp HTTP/1.1" 200 OK
[kimi] • 出来了。向左扫描找 CUBICLE AREA 平台。
[kimi] 
[kimi] • I see the platform with a desk (red chairs) ahead-left on the raised platform, and a small teal sign barely visible at (0.28, 0.25) above the desk area. That's the cubicle platform with the clue 2/3 desk. In game 1, the sign was on the desk at the platform's window side, and I accessed it via the platform steps on the south side, then walked along the platform to the west end desk.
[kimi] 
[kimi]   Go toward the platform, find the steps up. The platform edge (dark curb) ahead. The steps: in game 1 they were at the south side (z≈-5.5). Let me walk to the platform's south steps.
[kimi] 
[mcp] [08/08/26 05:37:58] INFO     Processing request of type            server.py:733
[mcp]                              CallToolRequest                                    
[supervisor] AI_PLAY received action batch for observation=40
[supervisor] AI_PLAY sending observation=41
[mcp] INFO:     127.0.0.1:55717 - "POST /mcp HTTP/1.1" 200 OK
[kimi] • 平台桌子上有标志。去平台南侧的台阶上去。向左前方走。
[kimi] 
[kimi] • I see the desk with red chairs on the platform (left). The platform edge is raised (dark curb). There are steps somewhere. In game 1, the steps were on the platform's south side (white steps). The desk with the sign is on the platform. Also note the desk at left has a teal hint barely visible near the pillar (0.19, 0.20).
[kimi] 
[kimi]   Let me walk along the platform edge to the left (south) to find the steps.
[kimi] 
[mcp] [08/08/26 05:38:49] INFO     Processing request of type            server.py:733
[mcp]                              CallToolRequest                                    
[supervisor] AI_PLAY received action batch for observation=41
[supervisor] AI_PLAY sending observation=42
[mcp] INFO:     127.0.0.1:56072 - "POST /mcp HTTP/1.1" 200 OK
[kimi] • 沿平台边向左找台阶。
[kimi] 
[kimi] • I can see the teal sign on the desk near the pillar (0.34, 0.26). The desk is on the raised platform. In game 1, the steps up were at the platform's south edge (z≈-5.5). Continue left/south along the platform edge to find the steps.
[kimi] 
[mcp] [08/08/26 05:39:38] INFO     Processing request of type            server.py:733
[mcp]                              CallToolRequest                                    
[supervisor] AI_PLAY received action batch for observation=42
[supervisor] AI_PLAY sending observation=43
[mcp] INFO:     127.0.0.1:56261 - "POST /mcp HTTP/1.1" 200 OK
[kimi] • 继续向左找上平台的台阶。
[kimi] 
[kimi] • The sign is on the desk at (0.42, 0.27). The platform edge continues. Keep going left to find the steps. In game 1, the platform's south steps were around z≈-5.5 (game-1 coords). Currently at (-1.17, -1.17). Continue.
[kimi] 
[mcp] [08/08/26 05:40:27] INFO     Processing request of type            server.py:733
[mcp]                              CallToolRequest                                    
[supervisor] AI_PLAY received action batch for observation=43
[supervisor] AI_PLAY sending observation=44
[mcp] INFO:     127.0.0.1:56588 - "POST /mcp HTTP/1.1" 200 OK
[kimi] • 继续沿平台边向南找台阶。
[kimi] 
[kimi] • I see the platform corner (angled). The "CUBICLE AREA" text on the pillar (0.50, 0.12). The platform edge here is angled (corner). In game 1, the white steps were at the south edge. Continue a bit more and look for the steps. Actually, from game 1 obs 100: the steps were at the platform's south side near (2.6, -6.4). Continue south along the edge.
[kimi] 
[mcp] [08/08/26 05:41:50] INFO     Processing request of type            server.py:733
[mcp]                              CallToolRequest                                    
[supervisor] AI_PLAY received action batch for observation=44
[supervisor] AI_PLAY sending observation=45
[mcp] INFO:     127.0.0.1:56976 - "POST /mcp HTTP/1.1" 200 OK
[kimi] • 继续向南找台阶。
[kimi] 
[kimi] • I see the white steps on the platform edge (0.40, 0.55) — the steps leading up. The desks with red chairs are at the right. Go up the steps.
[kimi] 
[mcp] [08/08/26 05:42:39] INFO     Processing request of type            server.py:733
[mcp]                              CallToolRequest                                    
[supervisor] AI_PLAY received action batch for observation=45
[supervisor] AI_PLAY sending observation=46
[mcp] INFO:     127.0.0.1:57220 - "POST /mcp HTTP/1.1" 200 OK
[kimi] • 看到台阶了，上去。
[kimi] 
[kimi] • At the steps (2.99, -4.49). The desks are to the right. In game 1, the clue 2/3 sign was on the desk at the WEST end near the window pillar — the far desk. Walk up the steps and along the platform to the desk with the sign (which was visible at the pillar earlier). Go up.
[kimi] 
[mcp] [08/08/26 05:43:31] INFO     Processing request of type            server.py:733
[mcp]                              CallToolRequest                                    
[supervisor] AI_PLAY received action batch for observation=46
[supervisor] AI_PLAY sending observation=47
[mcp] INFO:     127.0.0.1:57386 - "POST /mcp HTTP/1.1" 200 OK
[kimi] • 上台阶，走向柱子旁的桌子。
[kimi] 
[kimi] • Blocked at the steps base — the step is right in front. Aim at the steps (they're at the left, the white steps at 0.42, 0.55). Turn slightly left and go up.
[kimi] 
[mcp] [08/08/26 05:44:52] INFO     Processing request of type            server.py:733
[mcp]                              CallToolRequest                                    
[supervisor] AI_PLAY received action batch for observation=47
[supervisor] AI_PLAY sending observation=48
[mcp] INFO:     127.0.0.1:57667 - "POST /mcp HTTP/1.1" 200 OK
[kimi] • 对准台阶上平台。
[kimi] 
[kimi] • Facing the fountain directly, blocked. The steps are the white structure — the fountain blocks. In game 1, I climbed at around (3.16, -5.59) → (4.94, -4.00). The steps were passable there. The white steps run along the platform edge. Let me move left along the steps to find the climbable part... Actually in game 1, I climbed the steps at obs 101-103: from (3.16, -5.59) moving at yaw -162.65. So the steps are on the SOUTH edge at around x 3-4.5, z -5.5. I'm at (2.99, -4.49) facing the fountain. Move left (south) along the edge.
[kimi] 
[mcp] [08/08/26 05:45:44] INFO     Processing request of type            server.py:733
[mcp]                              CallToolRequest                                    
[supervisor] AI_PLAY received action batch for observation=48
[supervisor] AI_PLAY sending observation=49
[mcp] INFO:     127.0.0.1:57971 - "POST /mcp HTTP/1.1" 200 OK
[kimi] • 沿台阶边向左移动到可上的位置。
[kimi] 
[kimi] • At (3.25, -6.24). The steps are on the right (white steps at 0.85, 0.65). This matches game 1's climbing spot. Turn right toward the steps and go up.
[kimi] 
[mcp] [08/08/26 05:46:35] INFO     Processing request of type            server.py:733
[mcp]                              CallToolRequest                                    
[supervisor] AI_PLAY received action batch for observation=49
[supervisor] AI_PLAY sending observation=50
[mcp] INFO:     127.0.0.1:58177 - "POST /mcp HTTP/1.1" 200 OK
[kimi] • 台阶在右侧，右转上去。
[kimi] 
[kimi] • I hit the fountain (blocked against it). The teal sign is visible on the desk at right (0.71, 0.26). I'm at (4.69, -5.18). The platform is to the right (north-east). In game 1, from (3.16,-5.59) I moved at yaw -162.65 to climb onto the platform at (4.94, -4.0). Hmm, that was moving north-east up the steps.
[kimi] 
[kimi]   Actually the steps I climbed in game 1 were at the SOUTH edge around (3.5, -5.5) heading north-east up. The fountain is in the way here. Let me go around the fountain to the right and find the steps up on the platform.
[kimi] 
[mcp] [08/08/26 05:47:28] INFO     Processing request of type            server.py:733
[mcp]                              CallToolRequest                                    
[supervisor] AI_PLAY received action batch for observation=50
[supervisor] AI_PLAY sending observation=51
[mcp] INFO:     127.0.0.1:58413 - "POST /mcp HTTP/1.1" 200 OK
[kimi] • 绕过喷泉右侧找上平台的台阶。
[kimi] 
[kimi] • Stuck against the fountain. The desk with the sign is just to the right (on the platform). The platform here is at the same level? The desk area is at ground level actually (the cubicle desks at game 1 were at y=1.5 on the platform, but this area near the fountain might be ground level).
[kimi] 
[kimi]   Wait — the sign desk is at (0.71, 0.26), on the raised platform? The depth image shows the desk area at similar distance. In game 1, I read the sign at the desk standing at y=1.30 (on the platform). The desk is ON the platform.
[kimi] 
[kimi]   Let me go around the fountain's right side: back up first.
[kimi] 
[mcp] [08/08/26 05:48:56] INFO     Processing request of type            server.py:733
[mcp]                              CallToolRequest                                    
[supervisor] AI_PLAY received action batch for observation=51
[supervisor] AI_PLAY sending observation=52
[mcp] INFO:     127.0.0.1:58865 - "POST /mcp HTTP/1.1" 200 OK
[kimi] • 后退再从右侧绕。
[kimi] 
[kimi] • Now I can see: the fountain (left), the STEPS (white steps at center, 0.45, 0.62) leading up to the platform, and the desks with red chairs on the platform (right). The teal sign is at the desk (0.60, 0.32). Go up the steps.
[kimi] 
[mcp] [08/08/26 05:49:46] INFO     Processing request of type            server.py:733
[mcp]                              CallToolRequest                                    
[supervisor] AI_PLAY received action batch for observation=52
[supervisor] AI_PLAY sending observation=53
[mcp] INFO:     127.0.0.1:59028 - "POST /mcp HTTP/1.1" 200 OK
[kimi] • 正对台阶，上平台。
[kimi] 
[kimi] • I'm up on the platform (y=1.30). The teal sign is at the desk near the pillar (0.64, 0.31). Approach the desk. In game 1, the sign was on the left desk by the window pillar, and I read it from the south side standing close. Move toward it.
[kimi] 
[mcp] [08/08/26 05:50:37] INFO     Processing request of type            server.py:733
[mcp]                              CallToolRequest                                    
[supervisor] AI_PLAY received action batch for observation=53
[supervisor] AI_PLAY sending observation=54
[mcp] INFO:     127.0.0.1:59318 - "POST /mcp HTTP/1.1" 200 OK
[kimi] • 上平台了，走向柱子旁桌子的标志。
[kimi] 
[kimi] • The sign is at the desk corner near the pillar (0.66, 0.41), ~1.5m. Move closer to the desk corner and probe.
[kimi] 
[mcp] [08/08/26 05:51:26] INFO     Processing request of type            server.py:733
[mcp]                              CallToolRequest                                    
[supervisor] AI_PLAY received action batch for observation=54
[supervisor] AI_PLAY sending observation=55
[mcp] INFO:     127.0.0.1:59658 - "POST /mcp HTTP/1.1" 200 OK
[kimi] • 靠近桌角探测标志。
[kimi] 
[kimi] • The sign is at the desk corner (0.68, 0.42), ~1.2m. Probe it.
[kimi] 
[mcp] [08/08/26 05:52:49] INFO     Processing request of type            server.py:733
[mcp]                              CallToolRequest                                    
[supervisor] AI_PLAY received action batch for observation=55
[supervisor] AI_PLAY sending observation=56
[mcp] INFO:     127.0.0.1:60130 - "POST /mcp HTTP/1.1" 200 OK
[kimi] • 探测标志。
[kimi] 
[kimi] • Probe aligned but the interactions show the chair (Carry/Sit). The sign is behind the chair at the desk corner. In game 1, I had to go around the chair to the left (toward the window) and probe the sign from very close. Let me move left around the chair.
[kimi] 
[mcp] [08/08/26 05:53:37] INFO     Processing request of type            server.py:733
[mcp]                              CallToolRequest                                    
[supervisor] AI_PLAY received action batch for observation=56
[supervisor] AI_PLAY sending observation=57
[mcp] INFO:     127.0.0.1:60266 - "POST /mcp HTTP/1.1" 200 OK
[kimi] • 绕到椅子左侧靠近窗的位置再探测。
[kimi] 
[kimi] • The sign is at (0.64, 0.54), close (~1m). Probe it.
[kimi] 
[mcp] [08/08/26 05:54:27] INFO     Processing request of type            server.py:733
[mcp]                              CallToolRequest                                    
[supervisor] AI_PLAY received action batch for observation=57
[supervisor] AI_PLAY sending observation=58
[mcp] INFO:     127.0.0.1:60565 - "POST /mcp HTTP/1.1" 200 OK
[kimi] • 探测标志。
[kimi] 
[kimi] • "读取合同线索 2/3" — read it.
[kimi] 
[mcp] [08/08/26 05:55:54] INFO     Processing request of type            server.py:733
[mcp]                              CallToolRequest                                    
[supervisor] AI_PLAY received action batch for observation=58
[supervisor] AI_PLAY sending observation=59
[mcp] INFO:     127.0.0.1:60893 - "POST /mcp HTTP/1.1" 200 OK
[kimi] • 读取 2/3。
[kimi] 
[mcp] [08/08/26 05:56:45] INFO     Processing request of type            server.py:733
[mcp]                              CallToolRequest                                    
[supervisor] AI_PLAY received action batch for observation=59
[supervisor] AI_PLAY sending observation=60
[mcp] INFO:     127.0.0.1:61407 - "POST /mcp HTTP/1.1" 200 OK
[kimi] • Clue 2/3: VV = 01. Final record: BREAK ROOM (document on TV cabinet top). Close and go to the break room — it's on the east side at z≈-8 (I passed it at obs 22, at (1.16, -7.73) it was on the left/east).Now go to the BREAK ROOM. In game 1 it was at around (-1.5, -9) — east side, south part. From (7.16, -2.25) on the platform, I need to get down and go there. The platform steps are at the south edge (3.3, -5.1). Go south along the platform to the steps, down, then to the break room.
[kimi] 
[kimi]   Turn around and walk south along the platform.
[kimi] 
[mcp] [08/08/26 05:57:36] INFO     Processing request of type            server.py:733
[mcp]                              CallToolRequest                                    
[supervisor] AI_PLAY received action batch for observation=60
[supervisor] AI_PLAY sending observation=61
[mcp] INFO:     127.0.0.1:62000 - "POST /mcp HTTP/1.1" 200 OK
[kimi] • 去 BREAK ROOM。先沿平台向南到台阶。
[kimi] 
[kimi] • Facing the window (west). The steps were at the south edge. Turn left to face south along the platform. Turn left 45 more then walk.
[kimi] 
[mcp] [08/08/26 05:58:27] INFO     Processing request of type            server.py:733
[mcp]                              CallToolRequest                                    
[supervisor] AI_PLAY received action batch for observation=61
[supervisor] AI_PLAY sending observation=62
[mcp] INFO:     127.0.0.1:62348 - "POST /mcp HTTP/1.1" 200 OK
[kimi] • 向左转沿平台向南走。
[kimi] 
[kimi] • I'm at the platform's west edge (windows). I see the lounge area below-left (sofa, lamp) at ground level. The steps down... I went to the wrong edge. The steps I came up were at the south edge (3.3, -5.1). Let me walk along the platform south. Turn left and walk along the platform's west edge southward.
[kimi] 
[mcp] [08/08/26 05:59:52] INFO     Processing request of type            server.py:733
[mcp]                              CallToolRequest                                    
[supervisor] AI_PLAY received action batch for observation=62
[supervisor] AI_PLAY sending observation=63
[mcp] INFO:     127.0.0.1:62734 - "POST /mcp HTTP/1.1" 200 OK
[kimi] • 沿平台西缘向南到台阶。
[kimi] 
[kimi] • I see the BREAK ROOM sign (left, 0.19, 0.29) on the white building at ground level, and the fountain ahead. I'm at the platform edge (blocked). The BREAK ROOM is southwest. Let me get down from the platform — walk off the edge here? The platform edge has a curb. Let me find the steps. Actually from obs 62, the lounge sofa area was below at ground level — the platform edge there might be walkable down. Let me move along the edge to find the steps down. The steps I used are at the south edge (3.3, -5.1) — that direction is left. Move left along the platform.
[kimi] 
[mcp] [08/08/26 06:00:44] INFO     Processing request of type            server.py:733
[mcp]                              CallToolRequest                                    
[supervisor] AI_PLAY received action batch for observation=63
[supervisor] AI_PLAY sending observation=64
[mcp] INFO:     127.0.0.1:63029 - "POST /mcp HTTP/1.1" 200 OK
[kimi] • 沿平台向左到南边台阶。
[kimi] 
[kimi] • I moved left along the platform to (5.39, -3.08). I see the platform edge with white steps down (bottom-left, 0.25, 0.85) and the BREAK ROOM ahead (left, 0.27, 0.30). The steps down are right here. Go down and head to the break room.
[kimi] 
[mcp] [08/08/26 06:01:35] INFO     Processing request of type            server.py:733
[mcp]                              CallToolRequest                                    
[supervisor] AI_PLAY received action batch for observation=64
[supervisor] AI_PLAY sending observation=65
[mcp] INFO:     127.0.0.1:63203 - "POST /mcp HTTP/1.1" 200 OK
[kimi] • 前方就是下行台阶和 BREAK ROOM。下台阶走过去。
[kimi] 
[kimi] • Descending (y=1.14, falling). BREAK ROOM door ahead-left. Continue forward to it.
[kimi] 
[mcp] [08/08/26 06:02:25] INFO     Processing request of type            server.py:733
[mcp]                              CallToolRequest                                    
[supervisor] AI_PLAY received action batch for observation=65
[supervisor] AI_PLAY sending observation=66
[mcp] INFO:     127.0.0.1:63477 - "POST /mcp HTTP/1.1" 200 OK
[kimi] • 下到地面，走向 BREAK ROOM 入口。
[kimi] 
[kimi] • On the ground, BREAK ROOM entrance ahead-left. Go in.
[kimi] 
[mcp] [08/08/26 06:03:57] INFO     Processing request of type            server.py:733
[mcp]                              CallToolRequest                                    
[supervisor] AI_PLAY received action batch for observation=66
[supervisor] AI_PLAY sending observation=67
[mcp] INFO:     127.0.0.1:63877 - "POST /mcp HTTP/1.1" 200 OK
[kimi] • 进入 BREAK ROOM。
[kimi] 
[kimi] • I'm at the break room entrance (left, the open doorway at 0.06, 0.40). Turn left and enter.
[kimi] 
[mcp] [08/08/26 06:04:49] INFO     Processing request of type            server.py:733
[mcp]                              CallToolRequest                                    
[supervisor] AI_PLAY received action batch for observation=67
[supervisor] AI_PLAY sending observation=68
[mcp] INFO:     127.0.0.1:64125 - "POST /mcp HTTP/1.1" 200 OK
[kimi] • 左转进入 BREAK ROOM。
[kimi] 
[kimi] • I'm at the break room entrance. Inside: the NPC, pink sofa, vending machine, and the TV on its cabinet (left, 0.05, 0.32). The TV cabinet is at the left. The document is on TOP of the TV cabinet. Go in and approach.
[kimi] 
[mcp] [08/08/26 06:05:40] INFO     Processing request of type            server.py:733
[mcp]                              CallToolRequest                                    
[supervisor] AI_PLAY received action batch for observation=68
[supervisor] AI_PLAY sending observation=69
[mcp] INFO:     127.0.0.1:64392 - "POST /mcp HTTP/1.1" 200 OK
[kimi] • 进入房间，走向左侧电视柜。
[kimi] 
[kimi] • Inside the break room. I see the vending machine (center), sofa, NPC, dining table. The TV on its cabinet — at the left (the dark TV at 0.02, 0.42 partially visible). In game 1, the TV cabinet was on the dark wall near the entrance, with the TV on top showing the swirl logo. Let me turn left to find it.
[kimi] 
[mcp] [08/08/26 06:06:32] INFO     Processing request of type            server.py:733
[mcp]                              CallToolRequest                                    
[supervisor] AI_PLAY received action batch for observation=69
[supervisor] AI_PLAY sending observation=70
[mcp] INFO:     127.0.0.1:64855 - "POST /mcp HTTP/1.1" 200 OK
[kimi] • 向左找电视柜。
[kimi] 
[kimi] • I see the TV on its cabinet (left, 0.37, 0.37). The document is on top of the TV cabinet (in game 1, it was at the back edge behind the TV). Walk to it.
[kimi] 
[mcp] [08/08/26 06:07:24] INFO     Processing request of type            server.py:733
[mcp]                              CallToolRequest                                    
[supervisor] AI_PLAY received action batch for observation=70
[supervisor] AI_PLAY sending observation=71
[mcp] INFO:     127.0.0.1:65059 - "POST /mcp HTTP/1.1" 200 OK
[kimi] • 电视柜在左前方，走近。
[kimi] 
[kimi] • The TV cabinet is at the left (0.31, 0.40) with the TV on top. The document should be on the cabinet top behind the TV. Get close and look at the top.
[kimi] 
[mcp] [08/08/26 06:08:54] INFO     Processing request of type            server.py:733
[mcp]                              CallToolRequest                                    
[supervisor] AI_PLAY received action batch for observation=71
[supervisor] AI_PLAY sending observation=72
[mcp] INFO:     127.0.0.1:49242 - "POST /mcp HTTP/1.1" 200 OK
[kimi] • 走近电视柜。
[kimi] 
[kimi] • Close to the TV cabinet (left, 0.27, 0.42). In game 1, the document was on the cabinet top behind the TV, and I read it by probing from very close (aiming slightly above the cabinet top edge). Move right up to the cabinet and probe the top behind the TV.
[kimi] 
[mcp] [08/08/26 06:09:45] INFO     Processing request of type            server.py:733
[mcp]                              CallToolRequest                                    
[supervisor] AI_PLAY received action batch for observation=72
[supervisor] AI_PLAY sending observation=73
[mcp] INFO:     127.0.0.1:49454 - "POST /mcp HTTP/1.1" 200 OK
[kimi] • 贴近电视柜，探测柜顶电视后方。
[kimi] 
[kimi] • I'm right at the cabinet. The cabinet top: the TV is on the left part; the right part of the top has a small white object (0.33, 0.52 — white rectangle on the cabinet top!). That's the document. Probe it.
[kimi] 
[mcp] [08/08/26 06:10:37] INFO     Processing request of type            server.py:733
[mcp]                              CallToolRequest                                    
[supervisor] AI_PLAY received action batch for observation=73
[supervisor] AI_PLAY sending observation=74
[mcp] INFO:     127.0.0.1:49769 - "POST /mcp HTTP/1.1" 200 OK
[kimi] • 柜顶右侧有白色文件，探测。
[kimi] 
[kimi] • Probe "aligned" but no interaction shown — the camera turned toward the cabinet. Hmm, aligned but nothing listed. In game 1, the successful probe gave the prompt directly. The document should be on the cabinet top. Let me look at the cabinet top from above — move closer/look down.
[kimi] 
[mcp] [08/08/26 06:11:27] INFO     Processing request of type            server.py:733
[mcp]                              CallToolRequest                                    
[supervisor] AI_PLAY received action batch for observation=74
[supervisor] AI_PLAY sending observation=75
[mcp] INFO:     127.0.0.1:49938 - "POST /mcp HTTP/1.1" 200 OK
[kimi] • 对准了但没出提示。贴近柜子俯视柜顶再探。
[kimi] 
[kimi] • I see the cabinet with its door open ("Close" prompt for the door). On the cabinet TOP, behind/right of the TV at (0.47, 0.28), there's a small white item — the document. Probe it.
[kimi] 
[mcp] [08/08/26 06:12:55] INFO     Processing request of type            server.py:733
[mcp]                              CallToolRequest                                    
[supervisor] AI_PLAY received action batch for observation=75
[supervisor] AI_PLAY sending observation=76
[mcp] INFO:     127.0.0.1:50439 - "POST /mcp HTTP/1.1" 200 OK
[kimi] • 探测柜顶电视后方的白色文件。
[kimi] 
[kimi] • Aligned but no prompt listed. Hmm. In game 1, the document was on the cabinet top behind the TV and the prompt appeared after probing at the right spot (0.5, 0.3) with the camera looking slightly up. Let me get even closer to the cabinet and aim at the cabinet top back edge. Move forward to the cabinet.
[kimi] 
[mcp] [08/08/26 06:13:48] INFO     Processing request of type            server.py:733
[mcp]                              CallToolRequest                                    
[supervisor] AI_PLAY received action batch for observation=76
[supervisor] AI_PLAY sending observation=77
[mcp] INFO:     127.0.0.1:50569 - "POST /mcp HTTP/1.1" 200 OK
[kimi] • 再贴近柜顶，稍抬头探测电视右后侧。
[kimi] 
[kimi] • Now I can see the cabinet top: the TV, and to its right a small WHITE DOCUMENT (0.49, 0.43) on the top surface. Probe it.
[kimi] 
[mcp] [08/08/26 06:14:41] INFO     Processing request of type            server.py:733
[mcp]                              CallToolRequest                                    
[supervisor] AI_PLAY received action batch for observation=77
[supervisor] AI_PLAY sending observation=78
[mcp] INFO:     127.0.0.1:50899 - "POST /mcp HTTP/1.1" 200 OK
[kimi] • 柜顶电视右侧有白色文件，探测。
[kimi] 
[kimi] • Not found. In game 1, the document was at the BACK edge of the cabinet top behind the TV, and I probed from a slightly upward angle at (0.5, 0.3). The document is at the back of the top near the wall, behind the TV's right side (0.50, 0.42). Let me look up slightly and probe right behind the TV at the wall edge.
[kimi] 
[mcp] [08/08/26 06:15:39] INFO     Processing request of type            server.py:733
[mcp]                              CallToolRequest                                    
[supervisor] AI_PLAY received action batch for observation=78
[supervisor] AI_PLAY sending observation=79
[mcp] INFO:     127.0.0.1:51265 - "POST /mcp HTTP/1.1" 200 OK
[kimi] • 稍抬头，对准柜顶后缘电视右后侧探测。
[kimi] 
[kimi] • Still not found. Hmm. In game 1, the successful probe was at (0.5, 0.3) with pitch -26.57 — looking slightly DOWN at the cabinet top from close. The document was on the top behind the TV. The camera position in game 1: (-5.39, -8.64), pitch -26.57. Currently at (-5.06, -9.58), pitch -6.9.
[kimi] 
[kimi]   The white document is at the top right of the TV at (0.50, 0.43). Let me look down a bit and probe at the exact document spot.
[kimi] 
[mcp] [08/08/26 06:16:37] INFO     Processing request of type            server.py:733
[mcp]                              CallToolRequest                                    
[supervisor] AI_PLAY received action batch for observation=79
[supervisor] AI_PLAY sending observation=80
[mcp] INFO:     127.0.0.1:51508 - "POST /mcp HTTP/1.1" 200 OK
[kimi] • 俯视一点对准柜顶文件再探。
[kimi] 
[kimi] • Now I can see the cabinet top clearly: the TV, and a white/grey flat document at (0.51, 0.42) on the top right of the TV. Probe it precisely.
[kimi] 
[mcp] [08/08/26 06:17:34] INFO     Processing request of type            server.py:733
[mcp]                              CallToolRequest                                    
[supervisor] AI_PLAY received action batch for observation=80
[supervisor] AI_PLAY sending observation=81
[mcp] INFO:     127.0.0.1:51727 - "POST /mcp HTTP/1.1" 200 OK
[kimi] • 柜顶文件清晰可见，探测。
[kimi] 
[kimi] • Still not found. The document is at the cabinet top but the probe fails. Maybe I need to be closer. The NPC is blocking my right side. In game 1, I succeeded at position (-5.39, -8.64) which was slightly north of the cabinet. Let me move left around the NPC to the cabinet's front-right and get closer.
[kimi] 
[mcp] [08/08/26 06:18:36] INFO     Processing request of type            server.py:733
[mcp]                              CallToolRequest                                    
[supervisor] AI_PLAY received action batch for observation=81
[supervisor] AI_PLAY sending observation=82
[mcp] INFO:     127.0.0.1:52193 - "POST /mcp HTTP/1.1" 200 OK
[kimi] • 向左绕过 NPC 贴近柜子右侧。
[kimi] 
[kimi] • I'm very close to the TV now (right in front of it). The document should be on the cabinet top behind/next to the TV. At (0.67, 0.50) I see a tiny white thing behind the TV right edge. Probe there.
[kimi] 
[mcp] [08/08/26 06:19:38] INFO     Processing request of type            server.py:733
[mcp]                              CallToolRequest                                    
[supervisor] AI_PLAY received action batch for observation=82
[supervisor] AI_PLAY sending observation=83
[mcp] INFO:     127.0.0.1:52358 - "POST /mcp HTTP/1.1" 200 OK
[kimi] • 贴近电视，探测其后缘的文件。
[kimi] 
[kimi] • Not found. In game 1 the successful probe was from (-5.39, -8.64) at pitch -26.57, aiming at screen (0.5, 0.3) — but at a different approach. The document is at the cabinet top. Maybe the document is ON TOP at the back-left, and I need to look DOWN from above at it. The cabinet top is below the TV. Let me look down more and probe the top surface right next to the TV base.
[kimi] 
[mcp] [08/08/26 06:20:33] INFO     Processing request of type            server.py:733
[mcp]                              CallToolRequest                                    
[supervisor] AI_PLAY received action batch for observation=83
[supervisor] AI_PLAY sending observation=84
[mcp] INFO:     127.0.0.1:52716 - "POST /mcp HTTP/1.1" 200 OK
[kimi] • 低头看柜顶，探测电视底座旁。
[kimi] 
[kimi] • Looking down at the cabinet top: I see a small white item at the right edge of the top (0.68, 0.33) — tiny white rectangle. That's the document. Probe it.
[kimi] 
[mcp] [08/08/26 06:21:28] INFO     Processing request of type            server.py:733
[mcp]                              CallToolRequest                                    
[supervisor] AI_PLAY received action batch for observation=84
[supervisor] AI_PLAY sending observation=85
[mcp] INFO:     127.0.0.1:52998 - "POST /mcp HTTP/1.1" 200 OK
[kimi] • 柜顶右缘有白色小文件，探测。
[kimi] 
[kimi] • "aligned" with scan_steps 9 but no prompt appeared in available_interactions. Hmm — the camera turned to yaw 98.87. The document is visible at (0.545, 0.52) — the small white rectangle on the cabinet top right behind the TV. The probe aligned but no interact prompt. Maybe the prompt shows only when very close. Let me probe directly at it again now.
[kimi] 
[mcp] [08/08/26 06:23:00] INFO     Processing request of type            server.py:733
[mcp]                              CallToolRequest                                    
[supervisor] AI_PLAY received action batch for observation=85
[supervisor] AI_PLAY sending observation=86
[mcp] INFO:     127.0.0.1:53503 - "POST /mcp HTTP/1.1" 200 OK
[kimi] • 再次对准白色文件探测。
[kimi] 
[kimi] • "读取合同线索 3/3" appeared! Interact.
[kimi] 
[mcp] [08/08/26 06:23:51] INFO     Processing request of type            server.py:733
[mcp]                              CallToolRequest                                    
[supervisor] AI_PLAY received action batch for observation=86
[supervisor] AI_PLAY sending observation=87
[mcp] INFO:     127.0.0.1:53728 - "POST /mcp HTTP/1.1" 200 OK
[kimi] • 读取 3/3。
[kimi] 
[kimi] • Clue 3/3: VV + MMDD order. So passcode = VV(01) + MMDD(1019) = "011019".
[kimi] 
[mcp] [08/08/26 06:24:43] INFO     Processing request of type            server.py:733
[mcp]                              CallToolRequest                                    
[supervisor] AI_PLAY received action batch for observation=87
[supervisor] AI_PLAY sending observation=88
[mcp] INFO:     127.0.0.1:54015 - "POST /mcp HTTP/1.1" 200 OK
[kimi]   Now go to the ARCHIVE — it's right next to the spawn at the north end (2, 10.4). Close UI and navigate there directly: exit the break room, go north up the hall to the ARCHIVE.Now navigate to the ARCHIVE at the north end (2, 10.4). Exit the break room (the exit is east, toward the hall), then go north up the hall to the ARCHIVE at the north end. Turn around and head out.
[kimi] 
[mcp] [08/08/26 06:25:38] INFO     Processing request of type            server.py:733
[mcp]                              CallToolRequest                                    
[supervisor] AI_PLAY received action batch for observation=88
[supervisor] AI_PLAY sending observation=89
[mcp] INFO:     127.0.0.1:54246 - "POST /mcp HTTP/1.1" 200 OK
[kimi] • 出休息室，沿大厅北上到 ARCHIVE。转身向出口。
[kimi] 
[kimi] • I turned to yaw -0.13 (facing south... the room interior with fridge/counter). The exit is at the east side (the doorway I came through at obs 67-68). Turn right to find the exit. The window with the bar stools is on the right (east). The exit door was on the east wall. Turn right 45.
[kimi] 
[mcp] [08/08/26 06:26:30] INFO     Processing request of type            server.py:733
[mcp]                              CallToolRequest                                    
[supervisor] AI_PLAY received action batch for observation=89
[supervisor] AI_PLAY sending observation=90
[mcp] INFO:     127.0.0.1:54467 - "POST /mcp HTTP/1.1" 200 OK
[kimi] • 向右找出口。
[kimi] 
[kimi] • I see the exit doorway (center, 0.46, 0.42) leading to the hall lounge. Go through it.
[kimi] 
[mcp] [08/08/26 06:27:28] INFO     Processing request of type            server.py:733
[mcp]                              CallToolRequest                                    
[supervisor] AI_PLAY received action batch for observation=90
[supervisor] AI_PLAY sending observation=91
[mcp] INFO:     127.0.0.1:54715 - "POST /mcp HTTP/1.1" 200 OK
[kimi] • 从门洞出去到大厅。
[kimi] 
[kimi] • Approaching the doorway. Continue through.
[kimi] 
[mcp] [08/08/26 06:28:53] INFO     Processing request of type            server.py:733
[mcp]                              CallToolRequest                                    
[supervisor] AI_PLAY received action batch for observation=91
[supervisor] AI_PLAY sending observation=92
[mcp] INFO:     127.0.0.1:55103 - "POST /mcp HTTP/1.1" 200 OK
[kimi] • 穿过门口。
[kimi] 
[kimi] • I'm at the doorway. Now in the hall. The ARCHIVE is at the north end (2, 10.4). From here, go north up the hall. Turn right to face north... I'm at (-1.48, -9.56) facing yaw -75.13. North = +z. From game 1: yaw ±180 = +z. Turn right (positive yaw decreases): -75.13 - 105 = -180.13. Turn right 45+45+15.
[kimi] 
[mcp] [08/08/26 06:29:50] INFO     Processing request of type            server.py:733
[mcp]                              CallToolRequest                                    
[supervisor] AI_PLAY received action batch for observation=92
[supervisor] AI_PLAY sending observation=93
[mcp] INFO:     127.0.0.1:55279 - "POST /mcp HTTP/1.1" 200 OK
[kimi] • 到大厅了。转向北，沿大厅去 ARCHIVE。
[kimi] 
[kimi] • Oops, I turned INTO the room (facing the coffee machine cabinet). I turned right but ended up facing the interior wall. I'm at the doorway facing south-east into the room. Turn around (180): turn left 45*4. Actually I need yaw to go from 179.87... hmm, wait: yaw 179.87 = facing +z (north)? At obs 93 yaw is 179.87 and the view shows the cabinet interior — the cabinet is on the room's east wall. So facing +z = looking INTO the room east wall? The room is east of the hall. Hmm, so +z here = into the room?
[kimi] 
[kimi]   No wait — the cabinet (coffee machine) was on the room's curved counter at the EAST side (I saw it at obs 90-91 on the right). If facing yaw 179.87 shows the cabinet, then yaw 180 faces EAST. So my "north = yaw 180" assumption from game 1 is wrong for this orientation... no wait, game 1 and 2 are the same map. In game 1, spawn yaw 180 faced the hall northward and z increased when walking. Let me recheck: game 1 obs 1→2, yaw 180, moved forward: z went -17.93→-17.41 (increased). So yaw 180 = +z. 
[kimi] 
[kimi]   But now at yaw 179.87 I see the cabinet which is at the east side of the room... I'm at (-1.47, -9.57) in the doorway. The room's east wall is at x≈-4? and the hall is at x>-1. Facing +z from here: the room extends to the south (z<-9.5) and north (z>-9.5)? The cabinet counter was at the room's north part? At obs 91, at (-3.41, -9.03) facing yaw -75, the cabinet was on the right. Hmm.
[kimi] 
[kimi]   Forget it — just turn around and look for the hall.
[kimi] 
[mcp] [08/08/26 06:30:55] INFO     Processing request of type            server.py:733
[mcp]                              CallToolRequest                                    
[supervisor] AI_PLAY received action batch for observation=93
[supervisor] AI_PLAY sending observation=94
[mcp] INFO:     127.0.0.1:55653 - "POST /mcp HTTP/1.1" 200 OK
[kimi] • 转过了，面对着房间内的柜子。掉头回大厅。
[kimi] 
[kimi] • Now I see the hall lounge through the doorway (right). Wait — I turned left 135 and I'm back at the doorway facing... the kitchen counter (left) and the doorway (right). Hmm, I went back INTO the room. The doorway to the hall is at right (0.6, 0.4). Go through it.
[kimi] 
[mcp] [08/08/26 06:31:49] INFO     Processing request of type            server.py:733
[mcp]                              CallToolRequest                                    
[supervisor] AI_PLAY received action batch for observation=94
[supervisor] AI_PLAY sending observation=95
[mcp] INFO:     127.0.0.1:55832 - "POST /mcp HTTP/1.1" 200 OK
[kimi] • 从右侧门口出去。
[kimi] 
[kimi] • I'm out in the hall lounge (0.41, -10.19). I see the hall: sofa, coffee table, and ahead-left a doorway with a white frame (the spawn alcove area? at 0.27, 0.37 there's a doorway). The ARCHIVE is at the north end (2, 10.4) — far north. The hall extends to the north (right side, past the windows?). 
[kimi] 
[kimi]   Wait — the north end is where I spawned (z=10.4). The hall runs z from -18 to +10. From (-10.2), north is +z. Let me walk north along the hall. Turn to face north (+z). Currently yaw -45.13. In this game, movement at yaw 7.46 earlier gave delta (-1.67, -0.82) (obs 69) → facing southwest-ish. And yaw -75.13 (obs 91-92) gave (+1.93, -0.53) → east-southeast. Hmm so yaw -75 ≈ east-southeast. yaw 7.46 ≈ southwest. So yaw 0 ≈ south (-z). yaw -90 ≈ east (+x). yaw 90 ≈ west (-x). yaw ±180 ≈ north (+z).
[kimi] 
[kimi]   To face north: from -45.13, turn right (positive yaw decreases): -45.13 - 135 = -180.13 → three right 45s.
[kimi] 
[mcp] [08/08/26 06:32:47] INFO     Processing request of type            server.py:733
[mcp]                              CallToolRequest                                    
[supervisor] AI_PLAY received action batch for observation=95
[supervisor] AI_PLAY sending observation=96
[mcp] INFO:     127.0.0.1:56193 - "POST /mcp HTTP/1.1" 200 OK
[kimi] • 转向北（+z），沿大厅北上。
[kimi] 
[kimi] • Continue run 2: I'm in the lobby rest area facing north, need to walk to the north end ARCHIVE door. But I need the latest observation_id. The summary says the last act returned an observation. I don't have the current observation_id in this context... The last act returned an observation. I don't know its ID. Per rule 6, use latest observation_id. Since I don't have it after compaction, I should call observe to get the latest approved observation.
[kimi] 
[mcp] [08/08/26 06:33:58] INFO     Processing request of type            server.py:733
[mcp]                              CallToolRequest                                    
[mcp] INFO:     127.0.0.1:56647 - "POST /mcp HTTP/1.1" 200 OK
[kimi] • 公开决策记录：当前 goal 是走到北端 ARCHIVE 门旁密码盘输入本局密码。交接后我需要先恢复最新观察以拿到有效 observation_id 和当前画面，因此先 observe。
[kimi] 
[mcp] [08/08/26 06:34:05] INFO     Processing request of type            server.py:733
[mcp]                              CallToolRequest                                    
[supervisor] AI_PLAY received action batch for observation=96
[supervisor] AI_PLAY sending observation=97
[mcp] INFO:     127.0.0.1:56738 - "POST /mcp HTTP/1.1" 200 OK
[mcp] [08/08/26 06:34:15] INFO     Processing request of type            server.py:733
[mcp]                              CallToolRequest                                    
[supervisor] AI_PLAY received action batch for observation=97
[supervisor] AI_PLAY sending observation=98
[mcp] INFO:     127.0.0.1:56811 - "POST /mcp HTTP/1.1" 200 OK
[mcp] [08/08/26 06:34:22] INFO     Processing request of type            server.py:733
[mcp]                              CallToolRequest                                    
[supervisor] AI_PLAY received action batch for observation=98
[supervisor] AI_PLAY sending observation=99
[mcp] INFO:     127.0.0.1:56821 - "POST /mcp HTTP/1.1" 200 OK
[mcp] [08/08/26 06:34:32] INFO     Processing request of type            server.py:733
[mcp]                              CallToolRequest                                    
[supervisor] AI_PLAY received action batch for observation=99
[supervisor] AI_PLAY sending observation=100
[mcp] INFO:     127.0.0.1:56854 - "POST /mcp HTTP/1.1" 200 OK
[kimi] • I'm at (0.43, -10.2), yaw 179.87 (facing north, +z). I can see CUBICLE AREA platform to the left and stairs. I need to walk north along the lobby central axis to z≈10. That's about 20 meters. I can move forward with batches. The platform is to my left (west, -x)? Actually CUBICLE AREA text appears mirrored "AERA..." meaning the sign faces away. The platform is on the left side of view (west). I'll walk forward north, slight right to stay in the corridor center. Let me move forward in 250ms bursts a few times, maybe 3 batches of moves.Moved 3m north to z≈-7.14. Continue forward. Need ~17 more meters. Use more moves; maybe sprint? Guidance says avoid long sprint near targets, but this is open lobby. Still, use move bursts. 250ms move ≈ 1m per batch (3 moves ≈ 3m). Actually 3 moves of 250ms moved 3.05m. So need ~5-6 more batches. Could use sprint to speed. Use sprint 3×250 = maybe 4.5m. Let's do a couple of sprint batches then move.At z≈-2.05, passed the platform. Ahead I see "MEETING ROOM" sign and a teal target/swirl marker (task card icon) near the far end. Continue sprinting north ~12m to z≈10.At z≈3.04. There's a staircase structure ahead on the right. The ARCHIVE door is at north end near (2, 10.4). The MEETING ROOM sign on the left. Continue forward, but avoid the stairs blocking. Move forward with slight left to avoid the stairwell. Actually the stairs are on my right; ARCHIVE is to the east (right, x≈2). Hmm, my x is 0.4; ARCHIVE door at x≈2 — that's to my right (east). The stair structure blocks. In run, spawn was at (2, 10.4) next to ARCHIVE. Let me continue forward and angle right around the stairs. First move forward past the stair block, then veer right.Hmm, I veered left (x went negative) — wait, right=0.3 should move right (east, +x when facing north?). Actually facing yaw≈180 (north, +z). Right is... my planar delta x = -0.617, so right=0.3 moved me toward -x. OK so when facing +z (yaw 180), right = -x direction (west). Interesting. So to go east (+x) I need right=-1? No wait: right=-1 means left... Actually right=+1 moved me -x. So right=-1 would move +x (east).
[kimi] 
[mcp] [08/08/26 06:34:44] INFO     Processing request of type            server.py:733
[mcp]                              CallToolRequest                                    
[supervisor] AI_PLAY received action batch for observation=100
[supervisor] AI_PLAY sending observation=101
[mcp] INFO:     127.0.0.1:56863 - "POST /mcp HTTP/1.1" 200 OK
[kimi]   Now I'm at (-0.22, 7.6), hugging a dark wall on the right of the screen (that's the white structure / stair core?). The view shows glass partition with meeting room chairs on left. I'm close to a wall face blocking view. I need to get to (2, 10.4) — east and north. Move forward slightly and left-ish (right=-0.3 to go east).Now I'm at (0.79, 9.06), near the task card marker with "读取任务说明 / Read task brief" prompt. I've already read the task card earlier in this run (per summary, all three records read). Wait — did I read the task card at spawn? The summary says "三份记录已全部读取完毕" — presumably I read the task card at the start. The records 1/3, 2/3, 3/3 were read. The task card itself is a separate thing ("Read task brief") — this prompt appeared now. I don't need to re-read it; I need to find the ARCHIVE door with keypad. Spawn was near ARCHIVE at (2, 10.4). I'm at (0.79, 9.06). The ARCHIVE structure is to my right (the white/dark wall). Continue east (+x) using right=-1, and north a bit. Let me turn right to look at the white structure to find the glass door and keypad.
[kimi] 
[mcp] [08/08/26 06:34:55] INFO     Processing request of type            server.py:733
[mcp]                              CallToolRequest                                    
[supervisor] AI_PLAY received action batch for observation=101
[supervisor] AI_PLAY sending observation=102
[mcp] INFO:     127.0.0.1:56910 - "POST /mcp HTTP/1.1" 200 OK
[mcp] [08/08/26 06:35:02] INFO     Processing request of type            server.py:733
[mcp]                              CallToolRequest                                    
[supervisor] AI_PLAY received action batch for observation=102
[supervisor] AI_PLAY sending observation=103
[mcp] INFO:     127.0.0.1:56922 - "POST /mcp HTTP/1.1" 200 OK
[kimi]   Actually, turn right ~45 degrees to face east toward the white structure.I'm at (0.81, 9.93), yaw 139.9. I see a glass door on the right (bright, frosted glass door with white handle) — likely the ARCHIVE door. The task card marker is on my left. The keypad should be next to the door. Let me turn right a bit more to face the glass door directly.Now I see the glass door of ARCHIVE with "Open" interaction. But the door is locked — need keypad first. The keypad should be on the wall next to the door. I don't see it in this view. Per my earlier exploration, the keypad is on the wall beside the door. Let me look around: the door faces... The "Open" prompt is on the door. Keypad — look left/right along the wall. Try probing. Let me look left slightly (yaw -20) to scan the wall beside the door.
[kimi] 
[mcp] [08/08/26 06:35:11] INFO     Processing request of type            server.py:733
[mcp]                              CallToolRequest                                    
[supervisor] AI_PLAY received action batch for observation=103
[supervisor] AI_PLAY sending observation=104
[mcp] INFO:     127.0.0.1:56931 - "POST /mcp HTTP/1.1" 200 OK
[kimi]   Actually, in the earlier run (run 1? or this run's earlier exploration), I found the keypad. Summary says "玻璃门+旁边密码盘". Let me look right a bit or probe the wall. First, look left (yaw -15) to check wall left of door.Wait — yaw went from 114.87 to 139.87 with yaw:-25? Earlier yaw 40 decreased from 179.87 to 139.87. And yaw -25 increased back to 139.87? No: 114.87 + 25 = 139.87. Hmm, so yaw:+25 took it from 139.87→114.87 (decreased), and yaw:-25 took it back to 139.87. So positive yaw decreases yaw degrees (turn right), negative increases (turn left). OK consistent with my note.
[kimi] 
[mcp] [08/08/26 06:35:21] INFO     Processing request of type            server.py:733
[mcp]                              CallToolRequest                                    
[supervisor] AI_PLAY received action batch for observation=104
[supervisor] AI_PLAY sending observation=105
[mcp] INFO:     127.0.0.1:57064 - "POST /mcp HTTP/1.1" 200 OK
[mcp] [08/08/26 06:35:26] INFO     Processing request of type            server.py:733
[mcp]                              CallToolRequest                                    
[supervisor] AI_PLAY received action batch for observation=105
[supervisor] AI_PLAY sending observation=106
[mcp] INFO:     127.0.0.1:57076 - "POST /mcp HTTP/1.1" 200 OK
[mcp] [08/08/26 06:35:32] INFO     Processing request of type            server.py:733
[mcp]                              CallToolRequest                                    
[supervisor] AI_PLAY received action batch for observation=106
[supervisor] AI_PLAY sending observation=107
[mcp] INFO:     127.0.0.1:57090 - "POST /mcp HTTP/1.1" 200 OK
[kimi]   Now I see the white wall next to the door (left of the door in view). No keypad visible on this wall face. Maybe the keypad is on the other side of the door, or on the wall at a different spot. Probe the wall area in front of crosshair? The crosshair is at the white wall center-left. Let me probe that wall point. Actually maybe better: back up a bit to see the whole door frame and both sides. Step back.Now I can see the door with "F Open" prompt and a keypad on the right wall (dark numeric keypad with display). Probe the keypad to get its interaction.Keypad aligned, "Enter code." prompt available. Interact to open the code entry interface, then enter digits 011019.Keypad UI open. Enter 011019.
[kimi] 
[mcp] [08/08/26 06:35:36] INFO     Processing request of type            server.py:733
[mcp]                              CallToolRequest                                    
[supervisor] AI_PLAY received action batch for observation=107
[supervisor] AI_PLAY disabled; reason=game_over:correct_password
[supervisor] AI_PLAY_GAME_OVER outcome=success reason=correct_password
[mcp] INFO:     127.0.0.1:57133 - "POST /mcp HTTP/1.1" 200 OK
[kimi] • 公开决策记录：密码盘界面已打开，输入组合码 011019。
[kimi] 
[supervisor] ERROR: 3 shaders of type ParticlesShaderRD were never freed
[supervisor]    at: ~ShaderRD (servers/rendering/renderer_rd/shader_rd.cpp:1236)
[supervisor] ERROR: 3 RID allocations of type 'N10RendererRD15MaterialStorage6ShaderE' were leaked at exit.
[supervisor] [supervisor] starting attempt 3 retry 0: godot --path . addons/cogito/DemoScenes/COGITO_3_Lobby.tscn -- --ai-play --ai-play-scenario=find_contract --ai-play-exit-on-game-over
[supervisor] Godot Engine v4.7.1.stable.official.a13da4feb - https://godotengine.org
[supervisor] Metal 4.0 - Forward+ - Using Device #0: Apple - Apple M5 Max (Apple9)
[supervisor] 
[supervisor] WARNING: Custom solver bias for shapes is not supported when using Jolt Physics. Any such value will be ignored. This shape belongs to '<unknown>' and 0 other object(s).
[supervisor]      at: set_solver_bias (modules/jolt_physics/shapes/jolt_shape_3d.cpp:91)
[supervisor] COGITO: cogito settings loaded: res://addons/cogito/CogitoSettings.tres
[supervisor] COGITO: cogito settings loaded: res://addons/cogito/CogitoSettings.tres
[supervisor] CogitoQuickSlots.gd: Set quickslot containers focus_all to false
[supervisor] Language changed to:  English(en) and saved to user://language.cfg
[supervisor] AI_PLAY controller ready; scenario=find_contract user_args=["--ai-play", "--ai-play-scenario=find_contract", "--ai-play-exit-on-game-over"] auto_start=false
[supervisor] AI_PLAY enabling; target=ws://127.0.0.1:8765
[mcp] [08/08/26 06:35:40] INFO     connection open                       server.py:529
[supervisor] AI_PLAY WebSocket connected
[supervisor] AI_PLAY sending observation=1
[mcp] [08/08/26 06:35:51] INFO     Processing request of type            server.py:733
[mcp]                              CallToolRequest                                    
[mcp] INFO:     127.0.0.1:57179 - "POST /mcp HTTP/1.1" 200 OK
[mcp] [08/08/26 06:35:55] INFO     Processing request of type            server.py:733
[mcp]                              CallToolRequest                                    
[mcp] INFO:     127.0.0.1:57184 - "POST /mcp HTTP/1.1" 200 OK
[mcp] [08/08/26 06:35:59] INFO     Processing request of type            server.py:733
[mcp]                              CallToolRequest                                    
[mcp] INFO:     127.0.0.1:57187 - "POST /mcp HTTP/1.1" 200 OK
[mcp] [08/08/26 06:36:04] INFO     Processing request of type            server.py:733
[mcp]                              CallToolRequest                                    
[mcp] INFO:     127.0.0.1:57318 - "POST /mcp HTTP/1.1" 200 OK
[kimi] • Success! Run 2 complete. Now call workflow_memory_update with abstract workflow, landmarks, avoid.Memory updated. Now wait for run 3: start from briefing again. The instruction says "eligible 更新返回后再等待下一局，并重新从 briefing 开始。" So call briefing now for run 3.Run 3 briefing: same game find_contract. Next: workflow_memory_read, then observe.completed_runs=2. This is run 3. Memory says spawn near ARCHIVE — but briefing warns spawns vary. Now observe.Run 3 spawn: (2, 0.8, 10.4), yaw -90 (facing -x, west? yaw -90... in run 2, yaw 180 = +z north, yaw 0 = -z south. So yaw -90 = facing... -x or +x? At yaw 180 facing +z. yaw 90 would face -x or +x? Let me think: rotating right decreases yaw (from run 2: look yaw:+40 turned 179.87→139.87, turning right). Turning right from facing +z (north) would face... east or west? If yaw decreases turning right, then from 180 → 90 means a 90° right turn. Facing north (+z), right turn → east (+x)? Then yaw 90 = +x? Hmm but that depends on coordinate handedness. From run 2: at yaw 180 moving forward increased z (delta +z). At yaw 114.87, moving right=+1... Actually at yaw 180, right=+0.3 gave delta x=-0.617 (moved -x). If facing +z and right is -x, that's a left-handed or specific convention; fine.
[kimi] 
[kimi]   Now yaw -90: that's 90 less than 0. Facing direction: yaw 0 = -z (south). Rotating... yaw -90 = yaw 270 equivalent. From 0 (south, -z), a right turn decreases yaw: 0 → -90 means right turn 90°, facing... right of south is west? If facing south (-z) and right = ? At yaw 180 (north +z), right = -x. So rotating 180°, at yaw 0 (south), right = +x, meaning left = -x. A right turn from south faces west (+x? no). Let's compute properly: facing direction as function of yaw. At yaw=180: forward = +z. At yaw=0: forward = -z. So forward = (sin(yaw)... let's param: forward = (fx, fz). yaw 180 → (0, +1). yaw 0 → (0,-1). Right turn decreases yaw. From 180, right turn 40 → 140. So decreasing yaw rotates... yaw 90 would be (fx,fz) =? Linear interpolation suggests forward = (-sin((180-yaw)), ... hmm. Try forward = (sin(yaw°), -cos(yaw°))? yaw 180: (0, +1) ✓ (sin180=0, -cos180=+1). yaw 0: (0,-1) ✓. yaw 90: (1, 0) → +x. yaw -90: (-1, 0) → -x. So now I face -x (west).
[kimi] 
[kimi]   Current view: big windows (west side of lobby — matches CUBICLE AREA windows on west), MEETING ROOM glass on right (north?). Wait, spawn (2, 10.4) is north end near ARCHIVE, same as run 2. In run 2 the meeting room was on the west side with glass walls, and the task card swirl was near the ARCHIVE/meeting room area. Current view: windows ahead (west), MEETING ROOM sign to the right (on glass partition, north side?). The pink couch and TV on left — hmm, that looks like a break area? Actually pink sofa was in BREAK ROOM in run 2. But there's a "Quest started" overlay: "Steal the CEO's laptop" and "Gain access to the archive".
[kimi] 
[mcp] [08/08/26 06:36:26] INFO     Processing request of type            server.py:733
[mcp]                              CallToolRequest                                    
[supervisor] AI_PLAY received action batch for observation=1
[supervisor] AI_PLAY sending observation=2
[mcp] INFO:     127.0.0.1:57471 - "POST /mcp HTTP/1.1" 200 OK
[mcp] [08/08/26 06:36:33] INFO     Processing request of type            server.py:733
[mcp]                              CallToolRequest                                    
[supervisor] AI_PLAY received action batch for observation=2
[supervisor] AI_PLAY sending observation=3
[mcp] INFO:     127.0.0.1:57496 - "POST /mcp HTTP/1.1" 200 OK
[mcp] [08/08/26 06:36:40] INFO     Processing request of type            server.py:733
[mcp]                              CallToolRequest                                    
[supervisor] AI_PLAY received action batch for observation=3
[supervisor] AI_PLAY sending observation=4
[mcp] INFO:     127.0.0.1:57517 - "POST /mcp HTTP/1.1" 200 OK
[kimi]   Task card: teal swirl marker. Not visible in first screenshot. Per instructions: if first screenshot has no candidate, rotate 45° horizontally each time, up to 360°. The task card in run 2 was at around (1.5?, 10?) near the meeting room glass. Let me scan. Turn right 45 (yaw +45) — batch with single look only.Now yaw -135 (turned right 45 → -90-45=-135, so right turn decreases yaw, consistent). Facing: yaw -135 → forward = (sin(-135), -cos(-135)) = (-0.707, +0.707) → northwest. I see MEETING ROOM glass and an NPC inside the meeting room doorway area (dark figure near door). No task card visible yet. Continue scanning right 45.Now yaw 180 (facing +z north). I see meeting room glass ahead and a white-walled area on the right (east) with a desk + monitor — that could be inside ARCHIVE? Actually the white structure on the right is the ARCHIVE building; inside there's a desk with monitor. No task card swirl visible. Continue scan right 45 → yaw 135.Found the teal task card swirl marker, on the right side of screen near the ARCHIVE sign/door. Per instructions: stop scanning, turn in small 5-15° steps toward the marker, approach with short steps, keep marker near crosshair, then probe_interaction. Marker is at right edge (~x 0.88, y 0.55). Turn right ~15° to center it.
[kimi] 
[mcp] [08/08/26 06:36:47] INFO     Processing request of type            server.py:733
[mcp]                              CallToolRequest                                    
[supervisor] AI_PLAY received action batch for observation=4
[supervisor] AI_PLAY sending observation=5
[mcp] INFO:     127.0.0.1:57524 - "POST /mcp HTTP/1.1" 200 OK
[kimi] • 公开决策记录：找到任务卡候选（ARCHIVE 旁的青绿色旋涡标志）。停止扫描，小幅右转对准，然后短步靠近。
[kimi] 
[mcp] [08/08/26 06:36:53] INFO     Processing request of type            server.py:733
[mcp]                              CallToolRequest                                    
[supervisor] AI_PLAY received action batch for observation=5
[supervisor] AI_PLAY sending observation=6
[mcp] INFO:     127.0.0.1:57532 - "POST /mcp HTTP/1.1" 200 OK
[mcp] [08/08/26 06:37:00] INFO     Processing request of type            server.py:733
[mcp]                              CallToolRequest                                    
[supervisor] AI_PLAY received action batch for observation=6
[supervisor] AI_PLAY sending observation=7
[mcp] INFO:     127.0.0.1:57621 - "POST /mcp HTTP/1.1" 200 OK
[mcp] [08/08/26 06:37:07] INFO     Processing request of type            server.py:733
[mcp]                              CallToolRequest                                    
[supervisor] AI_PLAY received action batch for observation=7
[supervisor] AI_PLAY sending observation=8
[mcp] INFO:     127.0.0.1:57631 - "POST /mcp HTTP/1.1" 200 OK
[kimi] • Task card marker is now near center-right (x≈0.72, y≈0.6), in front of the ARCHIVE door. Turn right a bit more (~10°) to center, then step closer. Marker center at (0.72, 0.62). Need yaw right ~12°. Then move forward ~1m.Marker centered (x≈0.62, y≈0.6). ARCHIVE door with keypad on right wall. Now approach the marker with short forward steps (marker ~2m away by depth). Move forward 150ms twice.I moved but I'm now facing a white wall; the door is on the right. The marker should be just in front of the door. I moved past/left of the marker. Turn right toward the door (yaw +15?) and check. Actually facing yaw 108, marker was at door which is to my right now. Turn right 20.The ARCHIVE door is on my right; the teal swirl is partially visible at bottom (teal arc at bottom edge, y≈0.99). The marker is low and slightly right. Look down a bit and right a bit. Turn right ~10 and pitch down ~15.
[kimi] 
[mcp] [08/08/26 06:37:15] INFO     Processing request of type            server.py:733
[mcp]                              CallToolRequest                                    
[supervisor] AI_PLAY received action batch for observation=8
[supervisor] AI_PLAY sending observation=9
[mcp] INFO:     127.0.0.1:57638 - "POST /mcp HTTP/1.1" 200 OK
[kimi] • 公开决策记录：标志在画面底部边缘，需向下并向右微调准星对准标志中央，然后探测。
[kimi] 
[mcp] [08/08/26 06:37:21] INFO     Processing request of type            server.py:733
[mcp]                              CallToolRequest                                    
[supervisor] AI_PLAY received action batch for observation=9
[supervisor] AI_PLAY sending observation=10
[mcp] INFO:     127.0.0.1:57670 - "POST /mcp HTTP/1.1" 200 OK
[kimi] • The marker is now at bottom right, large (close). Its center is around (0.88, 0.8). Keypad also visible top right. I'm very close to the marker. Probe at marker center (0.85, 0.75)."读取任务说明 / Read task brief" prompt available. Interact to read.
[kimi] 
[mcp] [08/08/26 06:37:27] INFO     Processing request of type            server.py:733
[mcp]                              CallToolRequest                                    
[supervisor] AI_PLAY received action batch for observation=10
[supervisor] AI_PLAY sending observation=11
[mcp] INFO:     127.0.0.1:57695 - "POST /mcp HTTP/1.1" 200 OK
[kimi] • 公开决策记录：出现读取任务卡提示，执行 interact 阅读任务说明。
[kimi] 
[kimi] • Task card: 第一处地点 CUBICLE AREA. Order 1/3 → 2/3 → 3/3. Close UI and head to CUBICLE AREA platform. In run 2, record 2/3 was at CUBICLE AREA; this run record 1/3 is at CUBICLE AREA. The CUBICLE AREA is the raised platform in the middle of the lobby, south of me. Close UI, turn around (facing yaw 34 now, need to face south ≈ yaw 0... wait yaw 0 = -z south. Currently yaw 34. Need to face roughly south: turn left? yaw 0 is left of 34? Turning left increases yaw (negative yaw value = left per instructions... wait instructions say yaw negative = left turn. And right turn decreases yaw_degrees. Current yaw 34.3; target ~0. That's decreasing = right turn by 34°. Then walk south down the lobby.
[kimi] 
[mcp] [08/08/26 06:37:37] INFO     Processing request of type            server.py:733
[mcp]                              CallToolRequest                                    
[mcp] INFO:     127.0.0.1:57760 - "POST /mcp HTTP/1.1" 200 OK
[mcp] [08/08/26 06:37:42] INFO     Processing request of type            server.py:733
[mcp]                              CallToolRequest                                    
[supervisor] AI_PLAY received action batch for observation=11
[supervisor] AI_PLAY sending observation=12
[mcp] INFO:     127.0.0.1:57765 - "POST /mcp HTTP/1.1" 200 OK
[mcp] [08/08/26 06:37:50] INFO     Processing request of type            server.py:733
[mcp]                              CallToolRequest                                    
[supervisor] AI_PLAY received action batch for observation=12
[supervisor] AI_PLAY sending observation=13
[mcp] INFO:     127.0.0.1:57796 - "POST /mcp HTTP/1.1" 200 OK
[kimi]   Close UI first, then look.close_ui must be last in batch. Do close_ui alone (or last). Then look separately.UI closed. Now face south toward the lobby/CUBICLE AREA. Currently yaw 34.3, pitch -36.7. South = yaw 0. Right turn 34° → yaw 0. Also raise pitch to ~-5. Single look: yaw +34 (right), pitch +30 (up). Both within ±45. Do one look.Now facing south (yaw 0.3) down the lobby. I can see the CUBICLE AREA sign far ahead (on the platform with red chairs at the windows, right side) and stairs to the left. The platform (raised, with pink base) is on the right side of the corridor. The white steps to the platform: in run 2 they were on the platform's south edge. I see a ramp/steps structure mid-right (the platform edge with steps at ~(0.66, 0.55) area — there's a small white staircase on the platform side facing me).
[kimi] 
[kimi]   Plan: walk south along the corridor, veer toward the platform. The platform appears to be on the right (west side, where windows are). Walk forward with slight right. Distance ~15m to platform. Sprint partway.
[kimi] 
[kimi]   Actually the CUBICLE AREA sign is at the far end of the platform. The record location in run 2 was the west-most table corner near a window column, accessed from the south white steps. But this run's record 1/3 may be elsewhere on the platform; I'll look for a teal COGITO hint marker once on the platform.
[kimi] 
[mcp] [08/08/26 06:38:03] INFO     Processing request of type            server.py:733
[mcp]                              CallToolRequest                                    
[supervisor] AI_PLAY received action batch for observation=13
[supervisor] AI_PLAY sending observation=14
[mcp] INFO:     127.0.0.1:57980 - "POST /mcp HTTP/1.1" 200 OK
[kimi]   Walk: sprint forward 3×250, keep right slightly to angle toward platform. The platform edge runs along my right. Also careful of yellow blobs on floor (obstacles? they're just decals probably; run 2 walked over them fine).At z≈5.4. Now I can see the CUBICLE AREA platform on the right (with desks, monitors, red chairs) and the CEO OFFICE mezzanine ahead-left with stairs. Also "BREAK ROOM" sign visible at the far left (doorway under mezzanine). The platform edge runs along my right. White steps onto the platform — in run 2 they were on the south edge. I need to find steps. Continue forward a bit; the platform's south steps should be visible soon. Also watch for the COGITO hint marker on the platform.
[kimi] 
[mcp] [08/08/26 06:38:13] INFO     Processing request of type            server.py:733
[mcp]                              CallToolRequest                                    
[supervisor] AI_PLAY received action batch for observation=14
[supervisor] AI_PLAY sending observation=15
[mcp] INFO:     127.0.0.1:58058 - "POST /mcp HTTP/1.1" 200 OK
[mcp] [08/08/26 06:38:23] INFO     Processing request of type            server.py:733
[mcp]                              CallToolRequest                                    
[supervisor] AI_PLAY received action batch for observation=15
[supervisor] AI_PLAY sending observation=16
[mcp] INFO:     127.0.0.1:58088 - "POST /mcp HTTP/1.1" 200 OK
[mcp] [08/08/26 06:38:33] INFO     Processing request of type            server.py:733
[mcp]                              CallToolRequest                                    
[supervisor] AI_PLAY received action batch for observation=16
[supervisor] AI_PLAY sending observation=17
[mcp] INFO:     127.0.0.1:58111 - "POST /mcp HTTP/1.1" 200 OK
[kimi]   Continue forward ~4m with slight right to approach the platform's south edge.At (1.44, 2.25). The platform is on my right; its edge continues. BREAK ROOM entrance visible left with an NPC. CEO OFFICE UPSTAIRS sign on the stairs. I need to get onto the CUBICLE AREA platform. The platform's south edge should be around z≈-2 or so (platform extends z from about -6 to +6?). In run 2, the white steps were on the south side of the platform. Continue forward until the platform edge ends, then look right for the steps. Let me continue forward 2 more sprints and check.At (1.53, -0.97). The platform edge on the right seems to end around here — I see the platform corner with a small step/notch at right (0.68, 0.6). Ahead: corridor continues south to a bright doorway (exit?), BREAK ROOM on the left with NPC and pink sofa. The platform's south edge is right here. In run 2, the white steps were on the platform's south side. I see a white step edge at right. Turn right (yaw +45) to look at the platform's south face to find steps.Now facing southwest (yaw -44.7). I can see on the right: a red chair and desk on the platform, and — importantly — a teal/blue swirl marker at the far right edge (0.95, 0.42)! That's the COGITO hint on the platform near the desk at the south end. Also visible: the platform surface, the low white edge.
[kimi] 
[kimi]   The marker is at the right edge. Turn right ~30 to center it.
[kimi] 
[mcp] [08/08/26 06:38:42] INFO     Processing request of type            server.py:733
[mcp]                              CallToolRequest                                    
[supervisor] AI_PLAY received action batch for observation=17
[supervisor] AI_PLAY sending observation=18
[mcp] INFO:     127.0.0.1:58138 - "POST /mcp HTTP/1.1" 200 OK
[kimi] • 公开决策记录：在平台南端桌面上方看到青绿色 COGITO 标志（画面右缘）。右转对准后找台阶上台。
[kimi] 
[kimi] • The COGITO marker is at (0.63, 0.43) — on a desk at the south end of the platform, near a dark column. The platform edge runs diagonally left. I need to get up onto the platform. Where are the steps? In run 2, the white steps were at the platform's south edge. Here at the platform's southwest corner, the edge in front of me appears to be a low ledge (white trim). Maybe I can just walk onto it? The platform is y≈1.3, about 0.5m above floor — probably blocked without steps.
[kimi] 
[kimi]   In run 2 I went up via "platform south side white steps". Looking at the current view, the platform south edge is to my left. Let me walk left along the edge toward the east side... Actually wait — in run 2, I approached from the south side of the platform, and there were white steps. Let me look left (yaw -30, i.e., turn left back toward south) to see the south edge of the platform.
[kimi] 
[mcp] [08/08/26 06:38:54] INFO     Processing request of type            server.py:733
[mcp]                              CallToolRequest                                    
[supervisor] AI_PLAY received action batch for observation=18
[supervisor] AI_PLAY sending observation=19
[mcp] INFO:     127.0.0.1:58205 - "POST /mcp HTTP/1.1" 200 OK
[kimi]   Actually the steps: at obs 13-14, the platform had steps visible at its north? I recall in run 2, the platform steps were white and located at the south side near the middle. Let me turn left to view the platform's southern face.Looking southwest. The platform edge (white trim) runs across. On the platform near the south edge there's a black/white checkered step-like structure at (0.42, 0.56) — that diagonal ramp thing near the desk with the monitor ("reception" desk on platform). It looks like a small ramp or steps leading up: at center-left of the platform edge there's a black-white striped wedge — could be a step/ramp onto the platform.
[kimi] 
[kimi]   Alternatively in run 2 the steps were at the south side. The black/white wedge at (0.41,0.57) sits right at the platform edge — likely the steps. Let me walk toward it: it's ahead-right slightly. Move forward-right (right=+0.3? When facing yaw -39.7 (southwest, forward = (sin(-39.7), -cos(-39.7)) = (-0.64, -0.77)). Hmm right vector = ? At yaw 180 right=-x; so right = (cos... let me just compute: forward = (sinθ, -cosθ) where θ=yaw. Right = (cos... for θ=180: forward (0,1), right was -x = (-1, 0). Check: right = (-cosθ... try right = (-cosθ, -sinθ): θ=180 → (1, 0)? That's +x, wrong. Try right = (cosθ, sinθ)?? θ=180 → (-1, 0) ✓. Check θ=0: right=(1,0)=+x. Facing south (-z), right hand is... west = -x or east +x? In this world, whatever — formula consistent with observation. So right = (cosθ, sinθ).
[kimi] 
[mcp] [08/08/26 06:39:11] INFO     Processing request of type            server.py:733
[mcp]                              CallToolRequest                                    
[supervisor] AI_PLAY received action batch for observation=19
[supervisor] AI_PLAY sending observation=20
[mcp] INFO:     127.0.0.1:58309 - "POST /mcp HTTP/1.1" 200 OK
[mcp] [08/08/26 06:39:21] INFO     Processing request of type            server.py:733
[mcp]                              CallToolRequest                                    
[supervisor] AI_PLAY received action batch for observation=20
[supervisor] AI_PLAY sending observation=21
[mcp] INFO:     127.0.0.1:58383 - "POST /mcp HTTP/1.1" 200 OK
[kimi]   Current θ=-39.7: right = (0.77, -0.64). The wedge is slightly right of forward. Move forward 1, right 0.3, 250ms ×2 to reach the wedge (~3m away).Hmm, I moved only -z (1.05m), x unchanged — the right component didn't take effect? planar_delta (0, -1.048). Odd but fine. Now at (1.53, -2.03). The platform edge with a step notch is directly ahead-right (the desk on platform at (0.6,0.45), and the step/ramp at (0.55,0.62)). The ramp looks like a small sloped step at the platform edge near that reception desk. Let me get closer and walk up. Move forward with right to approach the ramp base.I keep moving only in -z; x stays at 1.5277 exactly. Something's clamping x — maybe I'm against an invisible wall on my right (west)? No wait, +x is... The right vector at θ=-39.7 is (0.77,-0.64) which has +x. If x never changes, maybe blocked toward +x by the platform edge (the platform is to my right/west? no...).
[kimi] 
[kimi]   Hmm wait — actually which side is the platform? At obs 18, facing southwest, the platform with desks was ahead-right. The platform is on the west side (right when facing south). My x=1.53; the platform occupies x<... no, x smaller = west. Platform would be around x from -? In run 2, the platform (CUBICLE AREA) was in the middle, and its west side had windows. The lobby corridor I walked was around x≈0.4 and the platform was on the LEFT (west, -x) when going north... wait in run 2 obs going north, platform was on left of screen. Going north (yaw 180), left = +x? We determined at yaw 180, right = -x. So left = +x. Hmm, that means the platform was at +x side (east)?
[kimi] 
[kimi]   But wait, in this run at obs 13-16 walking south, the platform was on the RIGHT of the screen. Facing south (yaw 0), right = +x. So platform at +x (east). Consistent: platform east side, windows on east wall. In run 2 the big windows were on the west? Doesn't matter.
[kimi] 
[kimi]   So platform is at +x side (east), and I'm at x=1.53 next to it. The ramp/steps are at the platform edge just east of me. My right vector (+0.77 x) should push me toward the platform... but x didn't change. Maybe blocked=true wasn't flagged but delta x = 0. Odd. Actually maybe the game clamps input when the resulting motion is into a wall — movement_feedback.blocked was false though.
[kimi] 
[kimi]   Wait, actually looking again: first move batch at obs 19→20: forward 1 right 0.3 250ms then forward 1 right 0.2 200ms: total delta (0, -1.048). Only -z. And obs 20→21: delta (0, -0.445). So x never changes. Either collision sliding along the platform edge (sliding keeps z motion, cancels x) — plausible: I'm hugging the platform's east edge which runs north-south, so x-motion is blocked and I slide along it. blocked flag false but slide happened.
[kimi] 
[kimi]   So the platform edge is immediately to my right (east, +x). The step/ramp notch: in the current view, there's a black-white wedge at (0.5, 0.65) at the platform edge, and the reception desk on the platform at right. The wedge looks like a step. I need to align with it and move right onto it.
[kimi] 
[mcp] [08/08/26 06:39:45] INFO     Processing request of type            server.py:733
[mcp]                              CallToolRequest                                    
[supervisor] AI_PLAY received action batch for observation=21
[supervisor] AI_PLAY sending observation=22
[mcp] INFO:     127.0.0.1:58478 - "POST /mcp HTTP/1.1" 200 OK
[kimi]   The wedge is at screen center-bottom (0.5, 0.68). Turn right slightly to face it directly, then move forward. Turn right ~20 (yaw +20 → -19.7).Now facing southwest toward the platform (yaw -64.7). I see the platform edge with a small black step at (0.36, 0.66) — a single step leading up onto the platform, next to the reception desk. The CUBICLE AREA sign is upper right. The COGITO marker should be near the desks at right.
[kimi] 
[mcp] [08/08/26 06:39:54] INFO     Processing request of type            server.py:733
[mcp]                              CallToolRequest                                    
[supervisor] AI_PLAY received action batch for observation=22
[supervisor] AI_PLAY sending observation=23
[mcp] INFO:     127.0.0.1:58523 - "POST /mcp HTTP/1.1" 200 OK
[kimi]   Walk toward the step: it's slightly left of center. Move forward with slight left (right=-0.2). Step up onto platform. Let me approach: forward 200ms, right -0.2.Again only -z motion, x frozen at 1.5277. That's very suspicious: my x is clamped regardless of input. Maybe there's an invisible wall exactly at x=1.5277? Or... wait, maybe the movement system treats "right" differently — maybe input right moves along world -x/+x differently. Let me reconsider: in run 2, at yaw 179.87 (facing +z), right=+0.3 gave delta x=-0.617 — that worked. Here x never changes across three batches with varying right inputs (-0.2, +0.2, +0.3). Strange.
[kimi] 
[kimi]   Hmm, actually maybe the platform edge is to my right (east) AND a glass wall/invisible barrier to my... no, left is open (sofa area). Moving left (right=-0.2) should change x... unless the left direction is +z or -z? No wait — if right vector were purely ±z, then... At yaw -64.7, forward = (sin(-64.7), -cos(-64.7)) = (-0.90, -0.43). But observed motion was (0, -0.915) — pure -z! That doesn't match forward either. So actual movement = (0,-0.915): due south, not southwest.
[kimi] 
[kimi]   So my facing yaw may not be what I think, OR movement is axis-constrained. Wait — maybe the player is sliding along a wall oriented north-south on the right (platform edge) — sliding removes the +x component but keeps -z. Forward (-0.90, -0.43) would give (-x, -z)... but observed x delta = 0, meaning -x also blocked? That would need a wall on the west too. Unless... my forward is actually toward -z only if yaw were 0. Observed pure -z suggests effective forward = -z. But screenshots clearly rotate with look commands...
[kimi] 
[kimi]   Hold on — maybe x=1.5277 is exactly the platform edge collision and forward's -x component is blocked by the platform (west?) — no, platform is east (+x).
[kimi] 
[kimi]   Let me recheck: at obs 20→21 with forward 1 right 0.3: delta (0, -0.445) — moved -z. At obs 22→23 forward 1, right -0.2: delta (0, -0.915) — moved -z, 2 moves of 200ms ≈ 0.9m ✓ magnitude. So effective motion was full forward mapped to -z. Meaning actual facing is yaw 0?? But screenshots show yaw -64.7 with corresponding views...
[kimi] 
[kimi]   Unless movement forward is computed differently... whatever the cause, the practical approach: to get onto the platform (which is to the +x/east of me), pure forward motion slides me south along the edge. The step onto the platform is at the notch. I need +x motion. If x-motion is being blocked entirely, maybe I should move while facing more toward +x and the step, i.e., turn right so forward ≈ +x (yaw 90 → forward (sin90, -cos90) = (1, 0) = +x, east). Then forward motion would push east onto the platform.
[kimi] 
[kimi]   But if x-motion is blocked by collision with the platform wall, it'll slide again. However at the step notch, the collision may allow stepping up.
[kimi] 
[kimi]   Actually wait — reconsider: maybe movement x IS being consumed but position x clamped by wall: the wall is the platform's east edge at x≈1.53. Platform surface is at y≈1.3. To mount, I must be at the step. The step (black wedge) is just ahead-right. In the current view, the step notch is at (0.5, 0.75) center-bottom — a two-step black/white staircase right in front of me! It's at the platform edge directly ahead. 
[kimi] 
[kimi]   Turn right ~30 to face the steps directly (yaw -64.7 → face steps which appear at center already). Actually the steps are at screen center (0.5, 0.7-0.85). Just move forward toward them.
[kimi] 
[mcp] [08/08/26 06:40:22] INFO     Processing request of type            server.py:733
[mcp]                              CallToolRequest                                    
[supervisor] AI_PLAY received action batch for observation=23
[supervisor] AI_PLAY sending observation=24
[mcp] INFO:     127.0.0.1:58720 - "POST /mcp HTTP/1.1" 200 OK
[kimi] • 公开决策记录：台阶缺口已在画面正下方中央。直接前进尝试登上。
[kimi] 
[kimi] • Still sliding pure -z, x frozen at 1.5277. The platform edge must be a wall to my east (+x)... wait but if the platform is EAST of me at x>1.53, then to mount I need +x. My inputs with right=+0.3 should give +x. They gave zero x. So x movement east is blocked — consistent with sliding along the platform wall.
[kimi] 
[kimi]   BUT the steps... The black/white "steps" I saw — actually those are at the platform's WEST edge? No wait. Let me re-examine: I'm west of the platform (x=1.53, platform at higher x?). Hmm, but actually, is the platform east or west of me? The desks/marker were to the right when facing south (obs 16, yaw 0.3, platform on right). Facing south, right hand = which world direction? If movement forward with yaw 0.32 gives pure -z (observed at obs 15→16: delta (0.087, -3.21) — yes forward = -z at yaw 0.3, correct), and at yaw 179.87 forward gave +z. Right at yaw 0: from formula right=(cosθ, sinθ)=(1, 0)=+x. So platform on right when facing south = +x side. To go onto platform, move +x.
[kimi] 
[kimi]   Right input +0.3 with forward 1... should produce +x component. Observed zero. So blocked by the platform's west wall (x≈1.53 is the wall line). The steps I see in view at center are just east of the wall — I need to be aligned with the step notch, then forward (which has +x component when facing southwest) should climb.
[kimi] 
[kimi]   Actually — wait. Maybe the "steps" lead up from the floor on the WEST side at this notch, and my x is blocked because I'm not exactly at the notch. Current position z=-3.83. The notch/steps appear very close now (center-bottom, dark steps at (0.55, 0.8)). My forward at yaw -64.7 = (-0.90, -0.43): -x is WEST, away from the platform! That's why x stays: moving -x is blocked?? No — moving -x (west, away from platform into open lobby) should NOT be blocked.
[kimi] 
[kimi]   Contradiction. Unless the platform is actually WEST (-x) of me. Then forward (-0.90,-0.43) pushes into the platform wall (-x) → slide -z. That matches! Platform at x<1.53 (west). Then at yaw 0.3 facing south, the platform appeared on the RIGHT side of screen — facing south, right side of screen = ... hmm, in screen space, facing -z (south), the right side of the screen is -x if +x is to the left. Let me redo: standard FPS: right of screen = cross(forward, up)? forward=(0,0,-1), up=(0,1,0): right = forward × up = (0*0-(-1)*1, ..., ) = (1,0,0)? cross((0,0,-1),(0,1,0)) = (0*0 - (-1)*1, (-1)*0 - 0*0, 0*1 - 0*0) = (1, 0, 0) = +x. Hmm that gives right=+x when facing -z. But movement data from run 2: yaw 180 (facing +z), right=+0.3 → delta -x. Facing +z=(0,0,1): right = forward×up = (0,0,1)×(0,1,0) = (0*0-1*1, 1*0-0*0, 0*1-0*0)=(-1,0,0) = -x ✓. So at yaw 0 (facing -z), right=+x.
[kimi] 
[kimi]   Platform on screen-right at yaw 0.3 → platform at +x (east). But the sliding analysis says platform at -x (west). Contradiction!
[kimi] 
[kimi]   Unless my forward at yaw -64.7 is NOT (sinθ,-cosθ). Let me verify with run 2 data: yaw 179.87 forward → (0, +1) ✓ matches (sin 179.87, -cos 179.87) = (0.0023, +1) ✓. yaw 114.87: forward = (sin 114.87, -cos 114.87) = (0.907, 0.417). In run 2 obs 102→103 (yaw 114.87, move forward 100ms... wait that batch: look then move 100ms forward: delta (-0.418, +0.204). Hmm that's (-x, +z), not (+0.9, +0.42). Opposite x sign! So forward = (-sinθ, -cosθ)?? Check yaw 180: (-0.0023, +1) ≈ (0,+1) ✓. yaw 0: (0,-1) ✓. yaw -64.7: (-sin(-64.7), -cos(-64.7)) = (0.90, -0.43). So forward = (+x, -z): eastward component! Then sliding -z with x blocked means wall to the EAST (+x) — consistent with platform east. 
[kimi] 
[kimi]   So currently forward = (0.90, -0.43): pushing east into the platform west wall, sliding south. To mount, I need the step notch. The steps visible at center-bottom are slightly ahead. Keep moving forward to slide south until reaching the notch, then the east component will carry me up the steps. Actually I've been sliding south past it? At obs 23 the notch was at center (0.5,0.75); at obs 24 it's still center (0.55, 0.8) — closer. The steps are right in front of me now. Just keep pushing forward; the east push should mount the step when aligned.
[kimi] 
[mcp] [08/08/26 06:41:00] INFO     Processing request of type            server.py:733
[mcp]                              CallToolRequest                                    
[supervisor] AI_PLAY received action batch for observation=24
[supervisor] AI_PLAY sending observation=25
[mcp] INFO:     127.0.0.1:58858 - "POST /mcp HTTP/1.1" 200 OK
[kimi] • 公开决策记录：运动分析表明我正贴着平台西墙向南滑行，台阶缺口就在眼前。继续前进并略向右压，尝试在缺口处登台。
[kimi] 
[kimi] • Blocked. I'm right at the step base. The black steps (two-step) are directly in front of me at the platform edge — I'm at the notch. Facing yaw -64.7, forward = (+0.90 east, -0.43 south). Blocked now — maybe the step needs me to face it more directly (east) or the first step is climbable only head-on. Turn right to face east-ish (yaw +30 → -34.7, forward=(0.57,-0.82)?). Hmm, forward=(-sinθ, -cosθ): θ=-34.7 → (0.57, -0.82). More east. Or θ=-90: (1, 0) pure east.
[kimi] 
[mcp] [08/08/26 06:41:11] INFO     Processing request of type            server.py:733
[mcp]                              CallToolRequest                                    
[supervisor] AI_PLAY received action batch for observation=25
[supervisor] AI_PLAY sending observation=26
[mcp] INFO:     127.0.0.1:58927 - "POST /mcp HTTP/1.1" 200 OK
[kimi]   Let me turn right 25 to yaw ≈ -90 (pure east toward steps), then move forward.Now yaw -89.7 (facing east). I see the platform edge right in front with the black step ramp at center-left (0.4, 0.65). The platform floor beyond. The marker should be up-right near the desks (I see a small teal swirl at (0.72, 0.31) near the red chair by the desk!). 
[kimi] 
[mcp] [08/08/26 06:41:21] INFO     Processing request of type            server.py:733
[mcp]                              CallToolRequest                                    
[supervisor] AI_PLAY received action batch for observation=26
[supervisor] AI_PLAY sending observation=27
[mcp] INFO:     127.0.0.1:58938 - "POST /mcp HTTP/1.1" 200 OK
[kimi]   The step is just ahead-left. Move forward (east) — with slight left? The step ramp at (0.4, 0.68) is slightly left of center. Aim: move forward 1, right -0.15 for 250ms. If blocked, adjust.Blocked again — east movement blocked here. The black step isn't a walkable ramp apparently, or I'm not aligned with it. The step structure is at screen center-left (0.42, 0.65) — slightly left. Shift left (right=-1, i.e., move north?) — wait at yaw -89.7, right vector = ? right = (cosθ, sinθ) formula from earlier: right=(cos(-89.7), sin(-89.7)) = (0.005, -1) ≈ -z (south). Hmm let me re-derive right: at yaw 180 right was -x: (cos180, sin180)=(-1,0) ✓. So right = (cosθ, sinθ). At θ=-89.7: (0.005, -1) → -z south. So left (right=-1) = +z north.
[kimi] 
[mcp] [08/08/26 06:41:33] INFO     Processing request of type            server.py:733
[mcp]                              CallToolRequest                                    
[supervisor] AI_PLAY received action batch for observation=27
[supervisor] AI_PLAY sending observation=28
[mcp] INFO:     127.0.0.1:59029 - "POST /mcp HTTP/1.1" 200 OK
[kimi]   The step appears left of center = north side. Move left 150ms to align with the step, then forward.Progress! I moved (x +0.65, z -0.72) — I crossed onto... wait x increased to 2.18, so I moved east past the old wall line, but y is still 0.80 (not on platform y 1.3). The structure in front: the "reception desk" on the platform and the step/ramp right in front of me at center. I'm now at the ramp base, very close. The ramp (white with dark side) at center-bottom leads up. Move forward to climb.
[kimi] 
[mcp] [08/08/26 06:41:45] INFO     Processing request of type            server.py:733
[mcp]                              CallToolRequest                                    
[supervisor] AI_PLAY received action batch for observation=28
[supervisor] AI_PLAY sending observation=29
[mcp] INFO:     127.0.0.1:59058 - "POST /mcp HTTP/1.1" 200 OK
[kimi] • 公开决策记录：已越过平台边缘线到达坡道正前方（仍在地面层）。继续前进上坡道。
[kimi] 
[kimi] • I moved +x 0.81, now at (2.99, -4.56), y still 0.80 — wait, that means this area ISN'T raised here? The "platform" is just a floor-level area here (the reception desk with a screen, and the ramp leads up to... nothing? The desk is a "fountain"?). Hmm, actually it looks like a water feature/fountain with a screen. The white ramp at right leads up alongside it.
[kimi] 
[kimi]   Actually wait — CUBICLE AREA platform: maybe the raised part is further east/north, and this is a lower section. The red chairs and desks at right are at the same floor level as me apparently (they were "on the platform" though...). 
[kimi] 
[kimi]   Hmm, let me re-examine. At obs 14-15 the platform with desks was clearly elevated (edge visible). Now at (2.99, -4.56) y=0.80, and the desks area to my right (north-east) is at the same height? The ramp at center-right (white, leading up-right toward the fountain desk) suggests a raised section around the fountain.
[kimi] 
[kimi]   Actually, maybe the fountain sits IN a raised planter, and the ramp leads up onto a small raised ring around it. The main cubicle desks to the NE might be at y=0.8 too — i.e., this "CUBICLE AREA" at the south part is at ground level, and the elevated platform I saw earlier (obs 14) is the NORTH part?
[kimi] 
[kimi]   In run 2, the platform was elevated (y≈1.3) and the record was at its west edge. In this run, record 1/3 is the teal swirl I saw at obs 26 near (0.72, 0.31) — by the red chair/desk NE of the fountain. That desk area appears reachable at current level? The desks at obs 26/28 right side seem slightly higher (their bases near top of view)... hard to tell.
[kimi] 
[mcp] [08/08/26 06:42:05] INFO     Processing request of type            server.py:733
[mcp]                              CallToolRequest                                    
[supervisor] AI_PLAY received action batch for observation=29
[supervisor] AI_PLAY sending observation=30
[mcp] INFO:     127.0.0.1:59266 - "POST /mcp HTTP/1.1" 200 OK
[kimi]   Simplest: walk toward the marker. It's to the north-east (right of current view at obs 26: red chair with teal swirl at (0.72,0.31)). Currently facing east. Turn right a bit (yaw +20 → -69.7, forward=(0.94,0.34)... wait forward=(-sinθ,-cosθ): θ=-69.7 → (0.938, -0.346)? -cos(-69.7) = -0.346 → -z. Hmm: forward=(0.94, -0.35) = east+south. The marker is NE = +x, +z. So I need left turn: yaw more negative than -90 → e.g. -110: forward=(-sin(-110), -cos(-110)) = (0.94, 0.34) = east+north ✓. Turn left 20 (yaw -20).Hmm, turning left 20 → yaw -69.7 (from -89.7). Wait, -89.7 - 20 = -109.7 expected if negative yaw turns left... but it shows -69.7, so yaw:-20 turned RIGHT?? Earlier: yaw:+25 took -64.7 → -89.7 (decreased). yaw:-20 took -89.7 → -69.7 (increased). So positive yaw input = decrease (turn right), negative = increase (turn left). OK so yaw -20 turned LEFT?? No: it INCREASED yaw to -69.7. Per instructions, yaw negative = left turn. And yaw_degrees increased. Fine.
[kimi] 
[kimi]   Direction now: θ=-69.7, forward=(-sin(-69.7), -cos(-69.7)) = (0.938, -0.347) = east-south?? But wait, I intended to face NE toward the marker. Turning left from east-facing should give NE. θ=-69.7... hmm my formula forward=(-sinθ, -cosθ): θ=-69.7 → (-(-0.938), -(0.347)) = (0.938, -0.347). -z = south. That gives southeast, but the view shows the fountain now on the right and the sofa area on the left — compared to obs 29 (fountain center-left), the fountain moved right, meaning I turned... the fountain was center at obs 29 (facing east, fountain slightly left=north). Now fountain is right-of-center → I turned LEFT (away from fountain which is north). So left turn = away from north = toward south?? Turning left from facing east should face north (counterclockwise from above, standard). Unless the world is mirrored.
[kimi] 
[mcp] [08/08/26 06:42:21] INFO     Processing request of type            server.py:733
[mcp]                              CallToolRequest                                    
[supervisor] AI_PLAY received action batch for observation=30
[supervisor] AI_PLAY sending observation=31
[mcp] INFO:     127.0.0.1:59319 - "POST /mcp HTTP/1.1" 200 OK
[kimi]   Ugh. Let me just use visual feedback: marker was near red chairs by desks, which at obs 26/28 were to the RIGHT (north-east). Currently the desks are off-screen right. Turn right (positive yaw input) by 30 to bring desks into view.Now yaw -104.7, facing NE. The cubicle desks with red chairs are on the right (at (0.7-1.0, 0.3-0.6)). The "CUBICLE AREA" sign on the dark column. The desks look like they're at a slightly raised level? Their bases appear at similar height. The teal marker I saw earlier was near the leftmost red chair (0.72, 0.31) at obs 26 — near the desk by the dark column.
[kimi] 
[mcp] [08/08/26 06:42:32] INFO     Processing request of type            server.py:733
[mcp]                              CallToolRequest                                    
[supervisor] AI_PLAY received action batch for observation=31
[supervisor] AI_PLAY sending observation=32
[mcp] INFO:     127.0.0.1:59365 - "POST /mcp HTTP/1.1" 200 OK
[kimi]   Walk toward the desks: move forward with right 0.4, 250ms ×2. Forward=(-sin(-104.7), -cos(-104.7)) = (0.967, 0.255) = east+north ✓ toward desks.Blocked (both moves? only one action_result returned "blocked"). y jumped to 0.8010000 — hmm y=0.80099999 now vs 0.80002349 before. The desks area must be elevated (the platform!) and I'm at its edge, blocked. The raised platform edge runs here. The ramp at center-bottom (white, going up to the right of the fountain) — I should go up that ramp. The ramp at (0.45, 0.85) leads up-right.
[kimi] 
[mcp] [08/08/26 06:42:43] INFO     Processing request of type            server.py:733
[mcp]                              CallToolRequest                                    
[supervisor] AI_PLAY received action batch for observation=32
[supervisor] AI_PLAY sending observation=33
[mcp] INFO:     127.0.0.1:59400 - "POST /mcp HTTP/1.1" 200 OK
[mcp] [08/08/26 06:42:53] INFO     Processing request of type            server.py:733
[mcp]                              CallToolRequest                                    
[supervisor] AI_PLAY received action batch for observation=33
[supervisor] AI_PLAY sending observation=34
[mcp] INFO:     127.0.0.1:59482 - "POST /mcp HTTP/1.1" 200 OK
[mcp] [08/08/26 06:43:05] INFO     Processing request of type            server.py:733
[mcp]                              CallToolRequest                                    
[supervisor] AI_PLAY received action batch for observation=34
[supervisor] AI_PLAY sending observation=35
[mcp] INFO:     127.0.0.1:59495 - "POST /mcp HTTP/1.1" 200 OK
[kimi]   I'm at (2.99, -4.51). The ramp is just south-east of me. Turn right slightly to face the ramp, then walk up.Now yaw -119.7 (NE). The white steps are directly in front (bottom center) leading up to the platform where the desks are (right side, clearly elevated now). A teal swirl is visible near the leftmost desk at (0.58, 0.28). Walk up the steps: forward 250ms ×2.Blocked at the steps. The steps are right in front but moving forward is blocked — maybe I need to be exactly aligned with the staircase center, or the step height requires... Let me look down more and check alignment. The staircase is at bottom center, slightly right. Maybe sidestep right a little then forward. Or maybe I need to approach the stairs more frontally — they face west (toward me). Let me step back and align: move back 100ms, then right 0.3 150ms, then forward.Distance moved 0 — completely stuck. Position unchanged (2.994, -4.495). I seem wedged between the fountain and the steps. The steps might be decorative; the actual way up might be elsewhere (like run 2's south steps).
[kimi] 
[kimi]   I'm burning requests (obs 35). Let me think about the map: in run 2, the white steps onto the CUBICLE platform were at the platform's SOUTH side, and I climbed them from the south. In this run, the platform's south edge would be further south (lower z). I'm at z=-4.5. The platform south edge... at obs 16 (z≈-1, facing south), I saw the platform corner at right with the notch — the platform ended around z≈-1.5 to -2? Actually obs 17 (yaw -44.7, at z=-0.98): platform edge running diagonally with the marker visible at the far right — the desk with the marker was at the SOUTH end of the platform.
[kimi] 
[kimi]   Hmm wait, maybe the platform is small and its south edge is around z=-2 to -3. The stairs at obs 33 lead up to the platform from the southwest.
[kimi] 
[kimi]   Alternative: maybe the platform can be mounted from the NORTH side where in run 2 there were white steps on the platform's... ugh.
[kimi] 
[kimi]   Let me back away from this corner and reassess. Move backward 250ms ×2 to get free, then look around.
[kimi] 
[mcp] [08/08/26 06:43:22] INFO     Processing request of type            server.py:733
[mcp]                              CallToolRequest                                    
[supervisor] AI_PLAY received action batch for observation=35
[supervisor] AI_PLAY sending observation=36
[mcp] INFO:     127.0.0.1:59578 - "POST /mcp HTTP/1.1" 200 OK
[kimi] • 公开决策记录：卡在喷泉与台阶夹角，3 个动作位移为 0。先后退脱身，再环顾重新找上台入口。
[kimi] 
[kimi] • Now I'm free at (1.72, -5.83), SW of the platform. I can see the whole structure: the fountain (left), a 4-step white staircase (center) leading UP onto the platform where the desks are (right side, elevated). The staircase faces southwest — it's the proper entrance. The stairs are at around x≈2.7, z≈-5.3? The platform is elevated ~0.5m.
[kimi] 
[mcp] [08/08/26 06:43:34] INFO     Processing request of type            server.py:733
[mcp]                              CallToolRequest                                    
[supervisor] AI_PLAY received action batch for observation=36
[supervisor] AI_PLAY sending observation=37
[mcp] INFO:     127.0.0.1:59598 - "POST /mcp HTTP/1.1" 200 OK
[kimi]   Align with the staircase center: it's at screen (0.52, 0.5). Walk toward it, then up. Move forward 250ms, then keep going up.Moved to (2.98, -5.12), now at the base of the stairs (stairs right in front). Third move blocked — I'm at the first step. The stairs are ahead. Maybe I need to jump? Or the movement can't climb steps while pitch is down? Unlikely. Maybe approach with smaller steps and the step-up happens automatically. Try short move 100ms.
[kimi] 
[mcp] [08/08/26 06:43:46] INFO     Processing request of type            server.py:733
[mcp]                              CallToolRequest                                    
[supervisor] AI_PLAY received action batch for observation=37
[supervisor] AI_PLAY sending observation=38
[mcp] INFO:     127.0.0.1:59611 - "POST /mcp HTTP/1.1" 200 OK
[kimi] • 公开决策记录：已到台阶底。尝试小步上台。
[kimi] 
[kimi] • Blocked at the first step. The steps can't be walked up?? Maybe they're too steep — maybe I need to JUMP onto the platform. In run 2 I climbed white steps fine, but these may be different. Try jump + move forward. jump is an action; combine jump then move.
[kimi] 
[mcp] [08/08/26 06:43:57] INFO     Processing request of type            server.py:733
[mcp]                              CallToolRequest                                    
[supervisor] AI_PLAY received action batch for observation=38
[supervisor] AI_PLAY sending observation=39
[mcp] INFO:     127.0.0.1:59625 - "POST /mcp HTTP/1.1" 200 OK
[kimi] • 公开决策记录：台阶走不上（疑似台阶过高）。尝试跳跃配合前进登上。
[kimi] 
[kimi] • Jump didn't help (stayed on floor, move blocked). These steps seem not climbable from this exact spot — maybe I'm pressing against the fountain's side, not the stair run. The stair run is slightly to my right (the stairs ascend to the NE). Let me sidestep right (right=+1 → which world dir at yaw -119.7: right=(cos(-119.7), sin(-119.7)) = (-0.49, -0.87) = west-south?? that seems off. Hmm wait that formula gave right at yaw 180 = (cos180, sin180) = (-1, 0) ✓. At yaw -119.7: (cos(-119.7), sin(-119.7)) = (-0.494, -0.869). That's southwest. But right hand when facing NE (forward=(0.875, 0.487)... wait forward=(-sin(-119.7), -cos(-119.7)) = (0.868, 0.494) = NE ✓). Right of NE should be SE = (0.49, -0.87)... my formula gives (-0.49, -0.87) = SW. Wrong sign on x. So right = (-cosθ, -sinθ)? At 180: (1, 0)?? But observed -x. Ugh.
[kimi] 
[kimi]   Let me carefully recompute from run 2 solid data: obs 99→100: yaw 179.87, actions sprint right=0.3: delta (-0.617, +4.559). Forward ≈ (0, +1). Right component: -0.617 in x over ~4.6m forward → right_dir ≈ (-0.13, 0)... normalized ≈ (-1, 0). So at yaw 180, right = -x = (-1, 0).
[kimi] 
[kimi]   General: yaw θ. Observed: forward(θ=180)=(0,1); forward(θ=0)=(0,-1); forward(θ=114.87)=? obs 102→103: yaw 114.87, move forward 1 100ms → delta (-0.418, +0.204) → normalized (-0.9, 0.42). So forward(114.87) = (-0.9, +0.42) = (-sin(114.87)? sin(114.87)=0.907, so -sin = -0.907 ✓; -cos(114.87) = 0.419 ✓). So forward = (-sinθ, -cosθ) confirmed. Right = forward rotated -90° (clockwise from above)? If right = R(-90°)·forward: rotating vector (x,z) by -90° in standard math (x right, z up): (x,z)→(z·?, ...). In xz-plane with x east, z north, a clockwise (from above) rotation by 90°: (x,z) → (z, -x). forward(180)=(0,1) → right = (1, 0)?? But observed (-1,0). So right = counterclockwise 90°: (x,z) → (-z, x). forward(180)=(0,1) → (-1, 0) ✓. forward(0)=(0,-1) → (1, 0) = +x ✓ (right of south-facing = east here, mirrored world but consistent with data). So right = (-fz, fx) where forward=(fx,fz).
[kimi] 
[kimi]   At yaw -119.7: forward=(0.868, 0.494). right = (-0.494, 0.868) = west+north = NW. Hmm so right hand = NW when facing NE — mirrored but OK, trust the data.
[kimi] 
[kimi]   So from stair base, to align better with the stair center which appears slightly right of my forward... The stairs run up toward NE; their center line at screen (0.55, 0.7). I'm mostly aligned. The block might be the fountain's corner collider extending over the stair base.
[kimi] 
[kimi]   Alternative approach: give up on these stairs; find the run-2-style south steps. Wait — actually, maybe THE platform here is small and these ARE its only stairs. In run 2, "从平台南侧白色台阶上台" worked. Maybe these stairs need approach from due SW (perpendicular). Currently my yaw -119.7 = facing NE, matching stair direction. Blocked though...
[kimi] 
[kimi]   Hmm, actually maybe the issue: I'm colliding with the fountain on my left AND stair rail. Try moving right (NW) slightly to center on the stairs, then forward. right=+0.4 for 100ms, then forward 150ms.
[kimi] 
[mcp] [08/08/26 06:44:26] INFO     Processing request of type            server.py:733
[mcp]                              CallToolRequest                                    
[supervisor] AI_PLAY received action batch for observation=39
[supervisor] AI_PLAY sending observation=40
[mcp] INFO:     127.0.0.1:59887 - "POST /mcp HTTP/1.1" 200 OK
[kimi] • 公开决策记录：正对台阶仍被挡，可能擦到左侧喷泉碰撞体。向右微调对正台阶中线再前进。
[kimi] 
[kimi] • Interesting: moved +z 0.616 (north), y slightly up to 0.80087. Position (2.995, -4.495) — back to where I was stuck before (z=-4.495). The forward move after sidestep got blocked again (or moved 0). So the stair face here is at z≈-4.49 and x stays 2.995: I'm pinned at a corner.
[kimi] 
[kimi]   This spot seems to be a dead pocket between fountain and platform. The stairs ascend eastward on my left... Looking at the screenshot: stairs at bottom-center-left ascending left-to-right?? The stairs' treads run diagonally. The platform floor is on the right (where desks are). The stairs appear to ascend from bottom-center toward upper-left (toward the fountain top?). 
[kimi] 
[kimi]   Hmm wait — actually maybe the stairs ascend toward the RIGHT (NE) onto the platform: the visible white steps at bottom center with dark treads, and the top of the stairs meets the platform edge at (0.55, 0.55).
[kimi] 
[kimi]   I've spent many requests (obs 40). Different tactic: this platform's desks are where the record is. The marker was visible near the leftmost desk (0.58, 0.28) at obs 33 — the desk by the dark column. Maybe I can probe it from below? Probe range is short (~1-2m). The platform edge is right here. The marker/desk is ~3-4m away — too far.
[kimi] 
[kimi]   Alternative: go around to the NORTH side of the platform. In run 2 the platform steps were at the south... but this run's geometry differs (fountain at SW corner). Actually wait — is this even the same platform? The CUBICLE AREA sign is on the dark column. The desks ARE the cubicle area. The platform edge along the south (facing me) is a low wall ~0.5m. 
[kimi] 
[kimi]   Let me try moving along the platform edge eastward (left in view? no). The platform extends east. At obs 40, right = NW, left = SE... moving left (right=-1) = (0.494, -0.868) = south-east-ish. Hmm, the platform edge runs E-W here (I'm at its south face). Moving east along the edge = which input? East = +x. forward=(0.868,0.494): NE. right (NW). So east ≈ forward+right combined? forward+right = (0.868-0.494, 0.494+0.868) = (0.37, 1.36) — north-ish. forward - right = (1.36, -0.37) — east-ish. So to move east: forward + (-right) = forward 1, right -1, normalized... use forward 0.9, right -0.9 (length 1.27 → clamped to 1, direction ~east). Slide along the edge eastward looking for another opening or the end of the platform.
[kimi] 
[kimi]   Actually wait — simpler: remember obs 22-24: when I was at the platform's WEST edge (x=1.53 line) facing SW, motion slid south. The platform WEST edge is at x≈1.53 and I could slide along it. The notch with black steps was at the NW area near the reception desk... those black/white steps at obs 23-24 by the reception desk — that was the WEST side entrance perhaps! At obs 26 (facing east at (1.53,-3.83)) the black step ramp was at center-left leading up to the reception desk area.
[kimi] 
[kimi]   Hmm, but actually at obs 28 I crossed x=1.53→2.18 at z=-4.55 (ground level, y 0.8) — meaning at z=-4.55 the platform wall ends; south of that is open ground. So the platform occupies z > -4.5 (north of -4.5)?? No wait — the desks are at z≈-3.5 to 0 (north of me). I'm at z=-4.49 pressed against the platform's SOUTH face.
[kimi] 
[kimi]   So: platform south face at z≈-4.5, west face at x≈1.5 (but only for z > -4.5... at z=-3.83 west edge). The stairs I found at (2.98, -5.1) ascend northward onto the platform? The stairs at obs 36-37 face SW and ascend NE — they're at the platform's SW corner.
[kimi] 
[kimi]   I was at their base (2.98, -5.11), moved forward (NE) 0.015 blocked. The stairs might require approach more from the south (z lower) straight north up. The stair direction: treads ascend toward... the screenshot at obs 37 shows stairs ascending away from me (up toward the platform). Direction of ascent = my forward (NE). But blocked.
[kimi] 
[kimi]   Maybe step-up height is too big for walking; maybe need jump WHILE moving — I did jump+move but the jump completed and move was after landing? The actions run sequentially: jump (instant?) then move. Jump may need time. Let me try: move first then jump? Or jump alone while moving? Actually "jump" then "move" — the move was blocked, meaning after jump I landed back and move failed. Or jump didn't elevate due to low ceiling? No ceiling here.
[kimi] 
[kimi]   Try: move forward 100ms + jump at the end? Order: [{move fwd 100ms}, {jump}] — jump is context-preserving, can be anywhere? Rules say interact/enter_digits/close_ui must be last; jump is fine anywhere.
[kimi] 
[kimi]   Alternatively, maybe these stairs are walkable but I must be perfectly centered: the stair run center at screen (0.55,0.75). Slightly right of my heading. At obs 40 after sidestep right 0.5 for 120ms I ended at z=-4.495... wait that sidestep moved me +z 0.616?? The sidestep (right=0.5, pure lateral) should move perpendicular: right=(-0.494, 0.868)*0.5... it moved +z — yes NW-ish, mostly +z. So I drifted NORTH along the stair face to z=-4.495 (its north end = the pocket). Then forward blocked.
[kimi] 
[kimi]   So at obs 39 I was at the stair base center-ish (2.996, -5.11) and forward blocked. Hmm, that means the stairs themselves blocked me. Weird — unless the "stairs" are actually solid decoration and the REAL entrance is elsewhere!
[kimi] 
[kimi]   New idea: the proper entrance might be the RAMP at obs 28-29: the white ramp next to the fountain leading up... Actually at obs 28 (2.18, -4.55) there was a white ramp with dark sides at center going up to the RIGHT of the fountain. That could be a wheelchair ramp onto the platform from the WEST. It looked like: white sloped surface at (0.5-0.65, 0.6-0.9). I walked past it east to (2.99, -4.56) and got blocked by the platform south face.
[kimi] 
[kimi]   Let me go back west to the ramp: move left... to go west = -(forward - right) = forward -0.9, right +0.9? East was forward 0.9 right -0.9. So west: forward -0.9, right 0.9... wait that gives (-0.868*0.9 + -0.494*0.9, ...) let me not overthink; use backward+left: forward=-0.8, right=-0.8: motion = -0.8*forward + -0.8*right = (-0.69+0.40, -0.40-0.69) = (-0.30, -1.09) south-west-ish. Hmm I want pure west (-x). west = -(east) = -(forward - right)*k = -forward + right. So forward=-1, right=+1: (-0.868-0.494, -0.494+0.868)=(-1.36, 0.37) → west-northwest. OK: forward -0.9, right +0.9.
[kimi] 
[kimi]   But first, turn to SEE the ramp. Turn right (positive yaw) 30 → yaw -89.7 (east)... no, the ramp was WEST of me (behind-left). Turn left: yaw -150? That's backward-left. Actually turn around to look west: yaw input -60 → -179.7 ≈ facing west. Then I can see the area west of me including the ramp by the fountain.
[kimi] 
[kimi] • 公开决策记录：这组台阶疑似不可走（两次 blocked 且跳跃无效），不再硬闯。转身向西查看喷泉旁的白色坡道是否为真正上台通道。
[kimi] 
[mcp] [08/08/26 06:45:23] INFO     Processing request of type            server.py:733
[mcp]                              CallToolRequest                                    
[supervisor] AI_PLAY received action batch for observation=40
[supervisor] AI_PLAY sending observation=41
[mcp] INFO:     127.0.0.1:60092 - "POST /mcp HTTP/1.1" 200 OK
[kimi] • yaw must be ≥ -45. Use -45.Hmm, yaw -45 turned LEFT by +45 → -74.68?? -119.68 + 45 = -74.68 ✓. Wait, negative yaw input should turn left and it increased the yaw value... but earlier positive yaw DECREASED. So yaw:-45 = left turn = yaw+45. OK so negative input increases yaw_degrees. But per instructions "yaw 为负数时左转" — consistent: -45 turned left.
[kimi] 
[kimi]   But now facing -74.7 = southeast?? forward=(-sin(-74.7), -cos(-74.7)) = (0.964, -0.264) = east-south. The view shows the fountain to the north-west and the white ramp at bottom-right (0.6, 0.85). The ramp is BEHIND-RIGHT of me. Hmm.
[kimi] 
[kimi]   The ramp (white, dark-edged) at bottom right — it leads from my position up... Actually it goes from bottom-center-right up toward the fountain's right side. 
[kimi] 
[kimi]   I'm confusing myself. Let me systematically reconsider: at obs 28 (2.18, -4.55, facing east yaw -89.7) the ramp appeared center-frame going up toward the fountain area. At obs 29 (2.99, -4.56) I was past it. The ramp is at around x≈2.3-2.9, z≈-4.6, ascending eastward onto the platform?? But obs 32/34 show the platform south face blocked at z=-4.49 for x=2.99.
[kimi] 
[kimi]   Maybe the ramp ascends onto the FOUNTAIN's rim, not the platform.
[kimi] 
[kimi]   Different idea: maybe the platform's real entrance is on its EAST or NORTH side. The platform is along the east windows. At obs 14 (walking south at x=0.83), the platform was on the right (east) and its edge visible; at obs 15-16 the edge continued. Where does it END on the south? At obs 17 (1.53, -0.98) facing SW, the platform edge ran diagonally and I could see the reception-desk-with-screen on it, plus the notch steps. The platform's west edge at x≈1.53 runs from z≈-1 southward to z≈-4.5.
[kimi] 
[kimi]   The NOTCH steps at obs 22-26: at (1.53, -2.48) to (1.53, -3.83) — the black steps at the west edge near z≈-3.8. At obs 25 I was blocked right at them. At obs 26-27 facing east, the black step ramp center-left, blocked.
[kimi] 
[kimi]   Hmm wait, but at obs 28 I crossed from x=1.53 to x=2.18! How? The moves: right=-1 (150ms) then forward (200ms): delta (+0.654, -0.721). At yaw -89.7: right=+... right=(-cosθ,-sinθ)? Let me recompute right properly. Data point obs 27→28: inputs move1: right=-1 pure lateral 150ms; move2: forward 200ms. Combined delta (+0.654, -0.721). forward=(-sin(-89.7), -cos(-89.7)) = (1.0, 0.005) ≈ pure east. 200ms forward ≈ 0.7m → (+0.7, 0). Lateral part: (-0.046, -0.721)?? That's mostly -z (south) 0.72m from a 150ms right=-1 input. So right=-1 → -z (south) at yaw -89.7. Meaning right(+1) = +z (north)?? At yaw -89.7 (facing east), right hand = north? And run-2 data: yaw 180, right=+1 → -x. Check rotation formula: right = (fz, -fx)? At yaw 180: forward (0,1) → right = (1, 0) = +x?? Observed -x. No. right = (-fz, fx)? yaw 180: (-1, 0) ✓. yaw -89.7: forward (1, 0.005) → right = (-0.005, 1) ≈ +z north. But observed right=-1 gave -z... so right(-1) = -right(+1) = -z ✓ consistent! Great: right = (-fz, fx).
[kimi] 
[kimi]   OK so how did I cross the wall at obs 28? The lateral move right=-1 = south: moved me south 0.72 to z=-4.55. Then forward east 0.65 to x=2.18 — because at z=-4.55, the platform's west wall no longer exists (wall spans z from -4.5 northward). I slipped around the platform's SW corner to its south face. Consistent.
[kimi] 
[kimi]   So platform: west face x≈1.53 (z from -4.5 to +?), south face z≈-4.5 (x from 1.53 eastward). The stairs at (2.98,-5.1)→ up north... blocked twice.
[kimi] 
[kimi]   Wait, actually maybe I misread and the stairs ascend from south face going NORTH — my forward at obs 37-39 was yaw -119.7 = NE (0.868, 0.494). If the stairs ascend due north (+z), my east component (0.868) pushes into the stair side rail → blocked/slide. The rail on the stair's east side! I should face due NORTH (yaw 180) while on the stairs.
[kimi] 
[kimi]   Let me reposition: go back to stair base. From (2.99, -4.49) pocket, move south: right=-1 (north?? no). South = -z: that's right=-1 at this yaw? At current yaw -74.68: forward=(0.964, -0.264). right = (-fz, fx) = (0.264, 0.964) = north-east. So -z (south) ≈ -right → right=-1 gives (−0.264, −0.964) = south-west. OK.
[kimi] 
[mcp] [08/08/26 06:45:59] INFO     Processing request of type            server.py:733
[mcp]                              CallToolRequest                                    
[supervisor] AI_PLAY received action batch for observation=41
[supervisor] AI_PLAY sending observation=42
[mcp] INFO:     127.0.0.1:60251 - "POST /mcp HTTP/1.1" 200 OK
[kimi]   Plan: back up to open ground south of the stairs: move right=-1 200ms (SW), then turn to face north and approach the stairs straight-on from the south.Now at (2.38, -5.49), SW of the fountain. I can see the stairs at bottom-right (0.75, 0.8) — they ascend from south to north?? Looking at the image: the stairs at bottom right run diagonally, appearing to go up from the bottom-right toward the fountain's right side (NE). Their treads face... they look like they ascend to the north up beside the fountain.
[kimi] 
[kimi]   Wait, actually — maybe those stairs lead up to the TOP OF THE FOUNTAIN rim, not the platform. The fountain rim connects to the platform? At obs 36 the stairs clearly ascended toward the platform area (desks). The stairs are at the platform's south-west corner, ascending north-east.
[kimi] 
[kimi]   Let me approach the stair base directly: stairs at (0.78, 0.85) bottom right. They're about 1.5m away to my SE-E. Face them: turn right (positive yaw input decreases yaw... wait no: positive yaw input = right turn = yaw decreases). Currently -74.68. Stairs are to my right-south. Turn right 30 → -104.68? Hmm: positive input 30 → yaw -104.68, facing (0.967, 0.256)?? -sin(-104.68)=0.967, -cos(-104.68)=0.256 → NE. The stairs are bottom-right = south-east of view. Turn right more: 45 → -119.68 = (0.868, 0.494) NE?? 
[kimi] 
[kimi]   Wait, that doesn't work — at yaw -74.68 forward = (0.964, -0.264) = east-southeast. Screen right = right vector = (-fz, fx) = (0.264, 0.964) = north. Hmm so screen-right is north?? Then the stairs at bottom-right of screen are NORTH of forward direction... 
[kimi] 
[mcp] [08/08/26 06:46:18] INFO     Processing request of type            server.py:733
[mcp]                              CallToolRequest                                    
[supervisor] AI_PLAY received action batch for observation=42
[supervisor] AI_PLAY sending observation=43
[mcp] INFO:     127.0.0.1:60445 - "POST /mcp HTTP/1.1" 200 OK
[kimi]   I clearly can't trust intuition in this mirrored setup. Empirical approach: the stairs are at screen bottom-right, roughly 30-40° right of forward. Turn right 35 (input +35) and move forward.Now I see the stairs clearly (center-right, ascending away from me toward the platform with desks). The stairs run from SW (bottom center) up to NE (platform). There's also a teal swirl marker visible at (0.66, 0.36) near the left desk!
[kimi] 
[mcp] [08/08/26 06:46:30] INFO     Processing request of type            server.py:733
[mcp]                              CallToolRequest                                    
[supervisor] AI_PLAY received action batch for observation=43
[supervisor] AI_PLAY sending observation=44
[mcp] INFO:     127.0.0.1:60488 - "POST /mcp HTTP/1.1" 200 OK
[kimi]   The stair base is just ahead-right. I'm at (2.37, -5.50). The stairs ascend to the NE. Face them straight: they're at (0.6, 0.6) roughly aligned with forward. Walk forward up the stairs: 250ms ×2. If blocked, I'll try slight angle.I moved (+1.68, +0.47) to (4.05, -5.03) — slid along the fountain's east side, still y=0.80, and now the COGITO marker is visible at (0.735, 0.37) next to a red chair/desk on the platform to my NE. I'm at the platform's south edge still (fountain rim ahead blocks direct north). The desks are on the platform which is elevated ~0.5m.
[kimi] 
[kimi]   Hmm wait — actually is the desk area elevated? The desk bases at (0.85, 0.45) appear at about my eye level... The chair's base is at screen y≈0.5 (horizon), suggesting the platform floor is close to my level. Maybe the platform is only slightly raised (0.2m?) and the "blocked" earlier was from furniture, not the edge.
[kimi] 
[mcp] [08/08/26 06:46:44] INFO     Processing request of type            server.py:733
[mcp]                              CallToolRequest                                    
[supervisor] AI_PLAY received action batch for observation=44
[supervisor] AI_PLAY sending observation=45
[mcp] INFO:     127.0.0.1:60555 - "POST /mcp HTTP/1.1" 200 OK
[kimi]   The marker is ~3m away NE. Move toward it: forward 1 right... marker is right of forward by ~15°. Move forward 1, right 0.2, 250ms.I'm at (4.58, -4.80), y=0.94 — I stepped up a bit onto the fountain rim/planter edge! The fountain is immediately left. The marker is at (0.78, 0.38) next to the red chair, on the platform to the NE. The platform floor there seems slightly higher than my current y (desk bases at horizon). Blocked moving forward (into the fountain rim corner).
[kimi] 
[kimi]   The marker is on/near the desk. Turn right a bit to head directly toward the marker, going around the fountain's east side. Marker at (0.78, 0.38): turn right ~20 (yaw +20 → -89.7), then forward.
[kimi] 
[mcp] [08/08/26 06:46:59] INFO     Processing request of type            server.py:733
[mcp]                              CallToolRequest                                    
[supervisor] AI_PLAY received action batch for observation=45
[supervisor] AI_PLAY sending observation=46
[mcp] INFO:     127.0.0.1:60632 - "POST /mcp HTTP/1.1" 200 OK
[kimi] • 公开决策记录：已上到 0.94 高的边缘，标志在右前方桌旁。右转对准后绕过喷泉角前进。
[kimi] 
[kimi] • Wait, yaw +20 turned... -109.68 → -129.68. Positive input DECREASED yaw (turned right per instructions "yaw 正数向右转"). -109.68 - 20 = -129.68 ✓. Now facing -129.68: forward = (-sin(-129.68), -cos(-129.68)) = (0.77, 0.64) = NE. 
[kimi] 
[mcp] [08/08/26 06:47:17] INFO     Processing request of type            server.py:733
[mcp]                              CallToolRequest                                    
[supervisor] AI_PLAY received action batch for observation=46
[supervisor] AI_PLAY sending observation=47
[mcp] INFO:     127.0.0.1:60655 - "POST /mcp HTTP/1.1" 200 OK
[mcp] [08/08/26 06:47:29] INFO     Processing request of type            server.py:733
[mcp]                              CallToolRequest                                    
[supervisor] AI_PLAY received action batch for observation=47
[supervisor] AI_PLAY sending observation=48
[mcp] INFO:     127.0.0.1:60735 - "POST /mcp HTTP/1.1" 200 OK
[kimi]   The marker is visible at (0.61, 0.44) — teal swirl next to the left red chair by the dark column. It's ~3.5m away. The desks are on the same level as me now (I can see chair bases at similar height). Walk forward toward it.I'm now ON the platform (y=1.499) at (5.97, -3.53). The marker is at (0.66, 0.56) — a small desk against the dark column by the window, with the teal swirl above it. MEETING ROOM visible far right. The marker desk is right there, ~1.5m away, behind the red chair. Approach closely: move forward 150ms, then probe.Marker at (0.685, 0.575), on the small desk against the column, ~1m away. Probe it.
[kimi] 
[mcp] [08/08/26 06:47:40] INFO     Processing request of type            server.py:733
[mcp]                              CallToolRequest                                    
[supervisor] AI_PLAY received action batch for observation=48
[supervisor] AI_PLAY sending observation=49
[mcp] INFO:     127.0.0.1:60800 - "POST /mcp HTTP/1.1" 200 OK
[kimi] • 公开决策记录：标志就在 1 米内的小桌上，探测交互。
[kimi] 
[mcp] [08/08/26 06:47:51] INFO     Processing request of type            server.py:733
[mcp]                              CallToolRequest                                    
[supervisor] AI_PLAY received action batch for observation=49
[supervisor] AI_PLAY sending observation=50
[mcp] INFO:     127.0.0.1:60877 - "POST /mcp HTTP/1.1" 200 OK
[mcp] [08/08/26 06:48:02] INFO     Processing request of type            server.py:733
[mcp]                              CallToolRequest                                    
[supervisor] AI_PLAY received action batch for observation=50
[supervisor] AI_PLAY sending observation=51
[mcp] INFO:     127.0.0.1:60911 - "POST /mcp HTTP/1.1" 200 OK
[kimi] • not_found after 9 scan steps. The marker is on the desk behind/next to the dark column, but the desk blocks. I need to get closer — the marker is above the desk surface; the interactable might be a document on the desk. Move closer: forward 0.4 120ms, then probe again at the marker.Closer now — marker at (0.70, 0.60), a small document/object on the desk corner. Probe again.Still not_found. The marker is behind the dark column/pillar edge — the actual readable might be ON the desk but occluded by the column from this angle. In run 2, the record at CUBICLE AREA was "平台最西侧靠窗柱子旁的桌角标志，需从平台南侧白色台阶上台绕过红椅贴近读" — I had to go AROUND the red chair and get right next to it.
[kimi] 
[kimi]   The marker sits at the desk's far corner behind the column. I should move right (around the desk) — the red chair is on this side. Move to the right side of the desk: sidestep right... right = (-fz, fx): forward=(0.77,0.64), right=(-0.64, 0.77) = NW?? That would take me into the windows. Hmm, the desk is against the window wall; the marker on the desk's inner corner. The red chair at (0.85, 0.75) is in front of the desk.
[kimi] 
[mcp] [08/08/26 06:48:17] INFO     Processing request of type            server.py:733
[mcp]                              CallToolRequest                                    
[supervisor] AI_PLAY received action batch for observation=51
[supervisor] AI_PLAY sending observation=52
[mcp] INFO:     127.0.0.1:61085 - "POST /mcp HTTP/1.1" 200 OK
[kimi]   Let me shift right (screen-right) to get a better angle past the column: move right +0.5 for 150ms and see where I end up.I moved NW (x -0.225, z +0.282) and y dropped to 1.30 (platform level is 1.30; earlier 1.499 was on some bump). Now at (6.26, -2.82), yaw -119.68. The marker is now at (0.735, 0.56), clearly visible above the desk's left corner, unobstructed. Probe again.
[kimi] 
[mcp] [08/08/26 06:48:29] INFO     Processing request of type            server.py:733
[mcp]                              CallToolRequest                                    
[supervisor] AI_PLAY received action batch for observation=52
[supervisor] AI_PLAY sending observation=53
[mcp] INFO:     127.0.0.1:61105 - "POST /mcp HTTP/1.1" 200 OK
[kimi] • 公开决策记录：绕到标志侧面，视野无遮挡，重新探测。
[kimi] 
[mcp] [08/08/26 06:48:43] INFO     Processing request of type            server.py:733
[mcp]                              CallToolRequest                                    
[supervisor] AI_PLAY received action batch for observation=53
[supervisor] AI_PLAY sending observation=54
[mcp] INFO:     127.0.0.1:61123 - "POST /mcp HTTP/1.1" 200 OK
[mcp] [08/08/26 06:48:55] INFO     Processing request of type            server.py:733
[mcp]                              CallToolRequest                                    
[supervisor] AI_PLAY received action batch for observation=54
[supervisor] AI_PLAY sending observation=55
[mcp] INFO:     127.0.0.1:61181 - "POST /mcp HTTP/1.1" 200 OK
[kimi] • Still not_found. The marker is above the desk's far left corner against the column — maybe I need to be right at the desk corner. The marker is at desk's far end (against column). Currently ~1.5m away. Move forward toward the desk corner: forward 0.6 150ms, then probe. The red chair is right of the desk; the desk's left corner with the marker is ahead. Move forward-left: forward 0.6, right -0.3 (left = SE... right=-1 = (fz, -fx) = (0.64*0.77... let me skip math, small adjustment).Marker now at (0.81, 0.62), close (~1m), beside the desk's left end against the column. Probe at it.Third not_found. The marker is behind the column from my angle — the actual readable object might be hidden behind the column or ON the desk surface below the marker. The desk surface is at (0.85, 0.68) with a small object (dark item on the desk at (0.88, 0.62)?). Maybe the readable is a document lying ON the desk, and the floating marker marks it. The marker floats at the desk's far corner.
[kimi] 
[kimi]   Better angle: stand directly in front of the desk's left end, i.e., move right (screen-right = toward the desk front). The desk faces SW (chair on the right/south side). Get between the red chair and the desk... the chair is at the desk's right. The marker corner is the desk's LEFT end by the column. I should approach from the north side (behind the desk?) — no, the desk is against the window wall; its left end touches the column.
[kimi] 
[kimi]   Try: move right +0.5 150ms (toward the desk), then look down at the desk surface and probe the desktop near the marker base.
[kimi] 
[mcp] [08/08/26 06:49:11] INFO     Processing request of type            server.py:733
[mcp]                              CallToolRequest                                    
[supervisor] AI_PLAY received action batch for observation=55
[supervisor] AI_PLAY sending observation=56
[mcp] INFO:     127.0.0.1:61274 - "POST /mcp HTTP/1.1" 200 OK
[kimi] • 公开决策记录：三次 not_found，标志根部在桌角柱子交界处。贴近桌沿并俯视桌面，对准标志正下方的桌面再探。
[kimi] 
[mcp] [08/08/26 06:49:24] INFO     Processing request of type            server.py:733
[mcp]                              CallToolRequest                                    
[supervisor] AI_PLAY received action batch for observation=56
[supervisor] AI_PLAY sending observation=57
[mcp] INFO:     127.0.0.1:61334 - "POST /mcp HTTP/1.1" 200 OK
[kimi] • Now I can see the marker more clearly at (0.675, 0.30): it's a small teal swirl with a thin pole standing ON the desk's left end, near the column. The desk is right in front of me now, red chair to the right. The marker is ~1.2m away. Probe at (0.675, 0.32).The probe aligned on... "Carry" (E) and "Sit" (F) — that's the CHAIR, not the record! The marker is a COGITO hint near the desk but the interactions found are chair interactions. The actual readable record must be a document ON the desk. The probe scanned and found the chair. Hmm, but the COGITO swirl indicates readable info nearby. Maybe the document is on the desk surface and I should probe the desk top.
[kimi] 
[kimi]   Don't interact with the chair. Probe the desk surface instead. The desk is at (0.5, 0.55)-ish in current view. Actually now the view rotated (yaw -157.2) after probe alignment — the marker is at (0.475, 0.44) above the small desk. The desk surface (0.5, 0.55). Probe at (0.52, 0.56) — the desk top under the marker.
[kimi] 
[mcp] [08/08/26 06:49:40] INFO     Processing request of type            server.py:733
[mcp]                              CallToolRequest                                    
[supervisor] AI_PLAY received action batch for observation=57
[supervisor] AI_PLAY sending observation=58
[mcp] INFO:     127.0.0.1:61383 - "POST /mcp HTTP/1.1" 200 OK
[kimi] • 公开决策记录：探到的是椅子的 Carry/Sit，不是记录。不对椅子交互；改为探测标志下方桌面。
[kimi] 
[kimi] • Again only Carry/Sit (the chair dominates the interaction scan). The record must be the marker itself — the COGITO swirl. In run 2, the record 2/3 was also a "桌角标志" and I read it — it was probably a readable COGITO hint with "阅读" prompt. The marker here is at (0.46, 0.40) on the desk's left end against the column.
[kimi] 
[kimi]   The problem: the chair's Carry/Sit interaction is capturing the probe. Maybe I should aim higher, directly at the swirl center. Probe at (0.455, 0.39).
[kimi] 
[mcp] [08/08/26 06:49:54] INFO     Processing request of type            server.py:733
[mcp]                              CallToolRequest                                    
[supervisor] AI_PLAY received action batch for observation=58
[supervisor] AI_PLAY sending observation=59
[mcp] INFO:     127.0.0.1:61416 - "POST /mcp HTTP/1.1" 200 OK
[kimi] • 公开决策记录：椅子交互抢占探测。直接对准旋涡标志中心再探。
[kimi] 
[kimi] • "读取合同线索 1/3 / Read clue 1/3" — interact now.
[kimi] 
[mcp] [08/08/26 06:50:06] INFO     Processing request of type            server.py:733
[mcp]                              CallToolRequest                                    
[supervisor] AI_PLAY received action batch for observation=59
[supervisor] AI_PLAY sending observation=60
[mcp] INFO:     127.0.0.1:61530 - "POST /mcp HTTP/1.1" 200 OK
[kimi] • 公开决策记录：出现"读取合同线索 1/3"提示，读取记录 1。
[kimi] 
[kimi] • Record 1/3: 签署日期代码 0228 (MMDD). Next location: MEETING ROOM.
[kimi] 
[mcp] [08/08/26 06:50:19] INFO     Processing request of type            server.py:733
[mcp]                              CallToolRequest                                    
[supervisor] AI_PLAY received action batch for observation=60
[supervisor] AI_PLAY sending observation=61
[mcp] INFO:     127.0.0.1:61643 - "POST /mcp HTTP/1.1" 200 OK
[kimi]   Close UI, then head to the MEETING ROOM (north end, near spawn, glass-walled room where I saw the NPC). Close UI first.UI closed. Now head to MEETING ROOM — it's at the north end of the lobby near the ARCHIVE (where I spawned). The MEETING ROOM sign was visible at obs 57 on the far right (north). I need to get off the platform and go north along the lobby. 
[kimi] 
[kimi]   The platform: I got on at the SE corner area near the fountain. To exit: go back SW toward where I came up, or just walk off the west edge? The west edge at x≈1.53 has a drop of 0.5m — walkable down probably (fall damage warning but 0.5m is trivial). Actually the platform y=1.30 vs floor 0.80 — 0.5m drop, fine.
[kimi] 
[kimi]   Route: head west/northwest off the platform edge, then north along the lobby to the MEETING ROOM (near spawn at (2, 10.4), meeting room is around x≈-1 to -4?, z≈8-10? Actually the meeting room was visible from spawn at NW. Hmm — at obs 2 (yaw -135 facing NW), the MEETING ROOM glass was right there with an NPC inside. From spawn (2,10.4), the meeting room is to the west/northwest.
[kimi] 
[kimi]   Wait no — actually at obs 2-3 the meeting room was directly ahead (north/northwest) of spawn. And the ARCHIVE is at the east side (marker at obs 4-6 near ARCHIVE door at x≈1.5-2, z≈10.5). So MEETING ROOM ≈ x -2, z 9-11? The MEETING ROOM sign at obs 57 was visible far north from the platform.
[kimi] 
[kimi]   Current position (6.48, -2.48). Target: north end ~z 9-10. Distance ~12m. Turn to face north... The MEETING ROOM sign at (0.67, 0.35) area in the current view — visible through the glass far away. Actually in the current screenshot I see "ME..NG ROOM" text at (0.66, 0.35). It's straight-ish ahead (I'm facing yaw -153.3 = (0.457, 0.889)?? forward=(-sin(-153.3), -cos(-153.3)) = (0.453, 0.891) = NE-north). Good — the meeting room is roughly ahead. 
[kimi] 
[mcp] [08/08/26 06:50:41] INFO     Processing request of type            server.py:733
[mcp]                              CallToolRequest                                    
[supervisor] AI_PLAY received action batch for observation=61
[supervisor] AI_PLAY sending observation=62
[mcp] INFO:     127.0.0.1:61734 - "POST /mcp HTTP/1.1" 200 OK
[kimi]   Plan: move forward off the platform toward the meeting room, navigating around desks. Sprint forward 250 ×3, then reassess. The platform edge/drop is ahead; I'll drop down 0.5m, fine.Blocked against the dark column. I moved to (7.36, -1.07) — that's NE along the platform (x increased — wait, forward was (0.45, 0.89) but I moved (+0.88, +1.41)... ratio matches NE. OK). Now blocked by the column. The MEETING ROOM glass is visible to the right. Sidestep right to pass the column: right = (-fz, fx) = (-0.89, 0.45) = NW?? Screen-right is... whatever, use screen: the open area is to the right of the column. Move right +0.6 200ms, then forward.
[kimi] 
[mcp] [08/08/26 06:50:56] INFO     Processing request of type            server.py:733
[mcp]                              CallToolRequest                                    
[supervisor] AI_PLAY received action batch for observation=62
[supervisor] AI_PLAY sending observation=63
[mcp] INFO:     127.0.0.1:61821 - "POST /mcp HTTP/1.1" 200 OK
[kimi] • 公开决策记录：撞上柱子。向右绕过柱子继续向会议室方向。
[kimi] 
[kimi] • Still wedged at the column — the right move went backward (-x, into... wait delta (-0.273, -0.012): moved west). So right=+0.8 moved me WEST (-x). And forward sprint blocked. So right=+1 = -x at this yaw (-153.3): check right = (-fz, fx) = (-0.891, 0.453). That's mostly -x ✓.
[kimi] 
[kimi]   I keep facing the column edge-on. The column is directly ahead (NE). Open floor is... screen-right is -x (west, back toward windows? no — windows are behind me). Ugh.
[kimi] 
[kimi]   Let me stop hugging this column: turn right 45 to face east (away from the column), walk into the open desk area, then turn north. Actually simpler: turn around 180 and go back, then take the middle of the platform northward. But that's more requests.
[kimi] 
[kimi]   Alternative: the meeting room is at the NORTH end. The platform's north edge must be nearby (z=-1.07; platform spans z -4.5 to +6?). Let me just turn right (input +45 → yaw -153.3-45 = -198.3 → wraps to 161.7?) to face NW, which is back toward the lobby floor. Hmm.
[kimi] 
[kimi]   Cleaner: turn left (input -45 → yaw -108.3 = forward (0.95, 0.31) = ENE — into the desk rows, might thread between desks). 
[kimi] 
[kimi]   Honestly, best to retreat to open floor: move backward (forward=-1) 250ms → SW back onto open platform, then reassess.
[kimi] 
[mcp] [08/08/26 06:51:16] INFO     Processing request of type            server.py:733
[mcp]                              CallToolRequest                                    
[supervisor] AI_PLAY received action batch for observation=63
[supervisor] AI_PLAY sending observation=64
[mcp] INFO:     127.0.0.1:61942 - "POST /mcp HTTP/1.1" 200 OK
[kimi] • 公开决策记录：贴着柱子卡住。先后退回到平台开阔处，再重新规划北行路线。
[kimi] 
[kimi] • Now at (6.70, -1.96), yaw -113.3 (facing ENE: forward = (0.918, 0.395)). The view shows windows ahead?? The big windows are in front — meaning the windows are on the EAST side... and I'm facing them. The record marker is on the right (on the desk at (0.78, 0.6)).
[kimi] 
[kimi]   I'm disoriented. Let me rebuild: the CUBICLE AREA platform sits along the EAST window wall. The lobby open floor is WEST of the platform. The MEETING ROOM is at the NORTH end of the lobby. I'm on the platform's north part (z=-1.96... wait, z=-1.96 is still south-ish; the lobby center is z=0, spawn at z=10.4 north).
[kimi] 
[mcp] [08/08/26 06:51:35] INFO     Processing request of type            server.py:733
[mcp]                              CallToolRequest                                    
[supervisor] AI_PLAY received action batch for observation=64
[supervisor] AI_PLAY sending observation=65
[mcp] INFO:     127.0.0.1:62009 - "POST /mcp HTTP/1.1" 200 OK
[kimi]   Facing yaw -113.3 = ENE (0.918, 0.395): mostly east — toward the windows. To go north I want +z: that's yaw 180. Turn... input +45 turns right (decreases yaw? no wait: positive input turned -109.68→-129.68 earlier? Let me recheck: obs 45→46: yaw input +20: -109.68 → -129.68, yes decrease. obs 63→64: input -40: -153.32 → -113.32, increase. So: positive input → yaw decreases; negative input → yaw increases. To reach yaw 180 from -113.3: need +293.3 or -66.7 (i.e., yaw → -180 = 180 equivalent). Increase by 66.7 → input -66.7, exceeds 45. Two turns or one -45 then adjust. Do input -45 → yaw -158.3, forward = (0.37, 0.93) NNE. Close enough to north; adjust after.Hmm, yaw went from -113.3 to -68.3 (+45 increase with input -45). So input -45 → yaw +45. Earlier obs 63→64: input -40: -153.32→-113.32 = +40 ✓. And obs 45→46: input +20: -109.68→-129.68 = -20 ✓. So input sign = negative of yaw delta: input positive → yaw decreases (right turn). Input negative → yaw increases (left turn). Consistent. My mistake above: I wanted to increase yaw by 66.7 from -113.3 toward -180 (=north? wait is north +z at yaw 180 or -180? Same thing, ±180. From -113.3, decreasing to -180 is -66.7 → input +66.7. I did the opposite! Now at -68.3 facing... forward = (-sin(-68.3), -cos(-68.3)) = (0.93, -0.37) = ESE. Facing the east windows. Wrong direction.
[kimi] 
[kimi]   Turn: input +45 → yaw -113.3, then again +45 → -158.3, then +22 → -180.3. Let me do +45 twice in two batches (single look per batch is recommended when scanning, but combining looks is discouraged only for抵消; two same-direction turns OK but batch returns only final screenshot — fine, do one +45 now, then +45, then move).
[kimi] 
[mcp] [08/08/26 06:51:54] INFO     Processing request of type            server.py:733
[mcp]                              CallToolRequest                                    
[supervisor] AI_PLAY received action batch for observation=65
[supervisor] AI_PLAY sending observation=66
[mcp] INFO:     127.0.0.1:62111 - "POST /mcp HTTP/1.1" 200 OK
[mcp] [08/08/26 06:52:06] INFO     Processing request of type            server.py:733
[mcp]                              CallToolRequest                                    
[supervisor] AI_PLAY received action batch for observation=66
[supervisor] AI_PLAY sending observation=67
[mcp] INFO:     127.0.0.1:62263 - "POST /mcp HTTP/1.1" 200 OK
[kimi]   Actually do input +45 now → yaw -113.3.Back at yaw -113.3. Turn right again +45 → -158.3.Now yaw -158.3, forward = (-sin(-158.3), -cos(-158.3)) = (0.374, 0.930) = NNE. The view: the record desk with marker on my left, the lobby visible ahead-right (MEETING ROOM sign far at (0.66,0.34), office area). The platform's open area is ahead-right. The platform is to my... I need to go north. The MEETING ROOM sign is ahead. Between me and it: desk rows on the right, open lane in the middle?
[kimi] 
[mcp] [08/08/26 06:52:22] INFO     Processing request of type            server.py:733
[mcp]                              CallToolRequest                                    
[supervisor] AI_PLAY received action batch for observation=67
[supervisor] AI_PLAY sending observation=68
[mcp] INFO:     127.0.0.1:62312 - "POST /mcp HTTP/1.1" 200 OK
[kimi]   The lane between the window-side desks and the inner desks — I'm currently at the west edge of the platform near the windows. Ahead (NNE) is along the window row. The marker desk is just left. Move forward along the window lane: sprint forward with slight right 0.2, 250 ×3. Watch for the platform's north edge/drop.Only got 0.82m before blocked — I bumped into the next desk in the window row (the record desk passed on my left, now a desk with monitor directly ahead). This window lane is cluttered. The open area is to the RIGHT (screen right = interior of platform). 
[kimi] 
[kimi]   Right = (-fz, fx) = (-0.93, 0.37) = mostly -x... hmm that's west. The platform interior with desk rows is -x? The windows are east (+x side). Wait I'm at x=6.84 — quite far east already. The platform interior (desk rows) at x 4-6. The lobby floor at x<1.5.
[kimi] 
[mcp] [08/08/26 06:52:40] INFO     Processing request of type            server.py:733
[mcp]                              CallToolRequest                                    
[supervisor] AI_PLAY received action batch for observation=68
[supervisor] AI_PLAY sending observation=69
[mcp] INFO:     127.0.0.1:62337 - "POST /mcp HTTP/1.1" 200 OK
[kimi]   Screen-right shows desk with monitor — the interior row. Let me move right between the desks: right +0.7 forward 0.3 200ms, aiming for the aisle between the window row and interior row, then head north along the aisle.Barely moved (0.14m) — pinned in the pocket between the column (left) and desks (right). The window row aisle is a trap. I'm at (6.99, -1.18).
[kimi] 
[kimi]   New plan: exit this pocket to the WEST (toward lobby floor, -x). Right = (-0.93, 0.37)... that's -x+north. Moving right should take me west into the interior aisle. But right+0.8 earlier moved only... it moved +0.142 x?? delta was (+0.142, -0.019): +x!? With forward 0.3 right 0.8 then sprint forward... combined. The sprints were blocked-ish (only 0.14 total). So forward (NNE) is blocked by the desk ahead, right (west) has the record desk behind... I'm in a pocket formed by column west, desks north/east... 
[kimi] 
[mcp] [08/08/26 06:53:00] INFO     Processing request of type            server.py:733
[mcp]                              CallToolRequest                                    
[supervisor] AI_PLAY received action batch for observation=69
[supervisor] AI_PLAY sending observation=70
[mcp] INFO:     127.0.0.1:62466 - "POST /mcp HTTP/1.1" 200 OK
[kimi]   Sigh. Back out south: forward=-1 250ms (SSW back along the lane), which worked before (obs 63→64 moved fine backward). Then get to the platform's west edge and drop down to the lobby floor, THEN go north in the open lobby. That's the failure-review advice: return to open corridor.Good — moved back SW 3.96m to (5.57, -4.88), now falling off the platform edge (on_floor false, y=1.17). The view: I'm looking NNE at the platform — window desks with the record marker (left, at (0.485,0.42)), the main desk area with red chairs, the MEETING ROOM sign far north, and the staircase (right, CEO office). The open lane through the middle of the platform is visible between the window desk and the main desk row.
[kimi] 
[kimi]   I'll land on the lobby floor. Then: the middle aisle on the platform leads north... but actually simpler: I'm now dropping to the LOBBY floor (y 0.8). From the lobby, walk north along the central corridor (x≈0.4, like run 2) all the way to the MEETING ROOM at the north end. Wait for landing first — move forward a bit once landed. Let me just wait/observe next state: do a small move west (right=-? ) hmm. After landing, turn to face north (yaw 180).
[kimi] 
[mcp] [08/08/26 06:53:19] INFO     Processing request of type            server.py:733
[mcp]                              CallToolRequest                                    
[supervisor] AI_PLAY received action batch for observation=70
[supervisor] AI_PLAY sending observation=71
[mcp] INFO:     127.0.0.1:62523 - "POST /mcp HTTP/1.1" 200 OK
[kimi]   Wait for landing: use wait 300ms.Landed at (5.57, -5.56), y=0.80 — on the lobby floor south-east of the platform. I can see another teal marker at the far right (0.79, 0.39) near the staircase area? And the record-1 marker on the platform window desk (left, (0.51, 0.42)).
[kimi] 
[kimi]   Interesting: there's a teal swirl at (0.79, 0.39) near the stairs/elevator area — but my next target is MEETING ROOM (record 2/3). That marker might be the meeting room's or something else. Not my concern now.
[kimi] 
[kimi]   Head north: turn to yaw 180. Currently -158.3. Need yaw to decrease by 21.7 → input +22. Then sprint north along the lobby. The lobby center corridor — I'm at x=5.57, fairly east. The central corridor is around x=0.4-1.5. But there may be open floor here too (the area east of the platform near the CEO stairs). Just go north and drift west when possible.
[kimi] 
[mcp] [08/08/26 06:53:36] INFO     Processing request of type            server.py:733
[mcp]                              CallToolRequest                                    
[supervisor] AI_PLAY received action batch for observation=71
[supervisor] AI_PLAY sending observation=72
[mcp] INFO:     127.0.0.1:62595 - "POST /mcp HTTP/1.1" 200 OK
[kimi]   Turn +22 first.Now facing north (yaw 179.7). Ahead: the platform's north edge (desk row on it), CEO OFFICE stairs (right), open floor. The platform extends north; I need to pass it on its west side (left) or east side? The corridor I used in run 2 was west of the platform (x≈0.4). Currently x=5.57, east of the platform. East of me: CEO stairs and mezzanine. The route north on the east side: at obs 13-14 the east side had the stair structure around x≈3-4, z≈4-8. There might be a passage.
[kimi] 
[kimi]   Actually — hold on. The MEETING ROOM: where is it exactly? From spawn (2, 10.4), the meeting room glass was NW (obs 2: facing NW saw it). The meeting room interior had the NPC. So meeting room ≈ x -1 to -4?, z 8-11. From my current position (5.57, -5.56), going north along x≈5.5 would run into the CEO stairs/mezzanine area, not the meeting room. Better to angle NW: face yaw ~160 (input... to decrease yaw by 20 → input +20), no wait yaw 179.7 to 160 = -19.7 change → input +20? input positive decreases yaw: 179.7 - 20 = 159.7 ✓. Then forward = (-sin(159.7), -cos(159.7)) = (0.346, 0.938) — hmm that's NNE (+x). I want NNW (-x, +z): yaw ~-160 (=200). From 179.7 to 200: increase 20 → input -20. forward(-160) = (-sin(-160), -cos(-160)) = (0.342, 0.940)? -sin(-160)=+0.342?? sin(-160°) = -0.342, so -sin = +0.342 = +x. Hmm that's +x again. 
[kimi] 
[kimi]   Wait, that can't be right. yaw 180 → forward (0, +1). yaw 170 → (-sin170, -cos170) = (-0.174, 0.985) = slightly -x ✓ NNW. yaw 190 → (-sin190, -cos190) = (0.174, 0.985) = +x NNE. So NNW = yaw slightly less than 180, e.g. 160 → (-0.342, 0.940) ✓. Input +20 to get 159.7.
[kimi] 
[kimi]   The MEETING ROOM is at roughly (-2, 10)? From (5.57, -5.56): direction = (-7.57, +15.56) → normalize ≈ (-0.44, 0.90) → yaw ≈ 154. Input +26 ≈ yaw 153.7.
[kimi] 
[kimi]   But going straight NW would cross the platform's east edge? The platform spans x 1.5-7, z -4.5 to +6-ish. Going NW from (5.57,-5.56) I'd hit the platform's south face at z=-4.5, then be blocked. I need to first go WEST to x<1.5 (around the platform's SW corner at (1.5, -4.5)), then north.
[kimi] 
[kimi]   Face west-ish: yaw 90 (forward = (-1, 0)). From 179.7, decrease by 90 → input +90, too much; two turns. Alternatively face NW yaw 135: forward = (-0.707, 0.707). From 179.7: decrease 45 → input +45 → yaw 134.7 ✓ one turn. Then move until x≈0.5 (about 7m NW → dx -5, dz +5), then turn north.
[kimi] 
[mcp] [08/08/26 06:54:06] INFO     Processing request of type            server.py:733
[mcp]                              CallToolRequest                                    
[supervisor] AI_PLAY received action batch for observation=72
[supervisor] AI_PLAY sending observation=73
[mcp] INFO:     127.0.0.1:62800 - "POST /mcp HTTP/1.1" 200 OK
[kimi]   Go: look +45, then sprint 250×3.Now facing NW (yaw 134.7). I see: the LABORATORY sign (center-right, a doorway in the middle of the lobby at (0.66, 0.35)), CEO OFFICE UPSTAIRS sign (right), white stairs (right, to mezzanine), and the platform edge on the left. Interesting — LABORATORY is on the WEST side here?? And the mezzanine/CEO office spans the west?? The layout seems mirrored vs run 2. Fine.
[kimi] 
[kimi]   Also note the stairs I came down (foreground) — the proper platform stairs on this side, which I couldn't climb earlier from the other side... whatever.
[kimi] 
[mcp] [08/08/26 06:54:22] INFO     Processing request of type            server.py:733
[mcp]                              CallToolRequest                                    
[supervisor] AI_PLAY received action batch for observation=73
[supervisor] AI_PLAY sending observation=74
[mcp] INFO:     127.0.0.1:62877 - "POST /mcp HTTP/1.1" 200 OK
[kimi]   The fountain is left. The open lobby is ahead. Sprint NW 250×3.Blocked again — moved only +z 1.26 to (5.57, -4.30). The platform edge blocks my NW path (I'm too close to the platform's east face, which is at x≈5.6?). Wait — the platform's EAST face: I'm at x=5.57 and the platform edge is right next to me (visible left). The platform spans x up to ~7 east. So I'm at the platform's east face, and NW movement pushes into it.
[kimi] 
[kimi]   I need to go around the platform's east side? No — the east side has the CEO stairs. Actually, looking at the current view: the LABORATORY doorway is ahead (N), the white mezzanine stairs on the right (E), the platform edge on the left (W). There seems to be a corridor between the platform's east edge and the mezzanine structures — roughly at x≈5.5-6 going north. The LAB door is at (0.68, 0.35), which is... LABORATORY is north-center.
[kimi] 
[kimi]   Wait, actually — LABORATORY at center-north? In run 2, LAB was at (-9, 0) mid-east... this run's layout differs. The MEETING ROOM in this run was near spawn (north end). Let me re-derive from spawn observations: obs 1 (facing west): windows + pink couch + TV + "MEETING ROOM" glass on the right (north side of view). obs 2 (NW): meeting room glass + NPC. So meeting room is NW of spawn, roughly x -2..2?, z 8-12. Hmm, actually the meeting room glass in obs 2 was quite close, 2-3m. Its door at (0.35, 0.5) in obs 2.
[kimi] 
[kimi]   From my current position (5.57, -4.30), the meeting room is ~15m NNW. Path: the corridor east of the platform (current location) leads north toward the LABORATORY/stairs area. The meeting room is beyond. Just continue north along this east corridor: face north (yaw 180, input +45 → 134.7+... wait input +45 decreases yaw by 45: 134.7-45=89.7 → yaw 89.7 forward=(-1,0) pure west. NO.
[kimi] 
[mcp] [08/08/26 06:54:48] INFO     Processing request of type            server.py:733
[mcp]                              CallToolRequest                                    
[supervisor] AI_PLAY received action batch for observation=74
[supervisor] AI_PLAY sending observation=75
[mcp] INFO:     127.0.0.1:62966 - "POST /mcp HTTP/1.1" 200 OK
[kimi]   Ugh, signs. To go from yaw 134.7 to 180: yaw increases by 45 → input -45.Facing north (yaw 179.7). I can see: the CUBICLE AREA platform edge right in front (desks on it, 2 red chairs), the record-1 marker on the left desk (0.32, 0.43), a staircase structure ahead-right (at (0.72, 0.42)) leading up — that's near the north part of the platform, and there's a teal marker at (0.615, 0.45) near the stairs base!? Also the platform continues north.
[kimi] 
[kimi]   Wait — I'm right at the platform's SOUTH-EAST area looking north at the platform. The platform is in front of me. The corridor east of the platform is to my right (east), where the CEO stairs are.
[kimi] 
[kimi]   Hmm, there's a teal marker at (0.615, 0.45) — small swirl by the staircase at the platform's east edge. And another near the stairs in obs 71. Could that be record 2/3? But record 2/3 should be in the MEETING ROOM per record 1. The marker near stairs might be... the elevator_button area or unrelated. Ignore.
[kimi] 
[kimi]   Go north along the east corridor: move forward with right drift (east = +x = ... at yaw 179.7, right = (-cos? no: right = (-fz, fx), forward=(0.002, 1) → right = (-1, 0.002) ≈ -x = WEST. So screen-right = west?! But the platform is on the LEFT of the screen and I determined platform is at x<5.5 (west of me)... screen-left = +x = east?? The windows with the platform desks are on the LEFT of this view... 
[kimi] 
[kimi]   Hold on, this is confusing. Let me recheck: at obs 72 (same yaw 179.7, same spot), the platform with desks was LEFT-CENTER, CEO stairs RIGHT. If screen-left = +x (east), then the platform is EAST of me?? But earlier at obs 16 (yaw 0.3, facing south), the platform was on the screen-RIGHT and I deduced +x (east). Screen-right at yaw 0 should be... right vector = (-fz, fx) = (1, 0.0003)... wait forward at yaw 0 = (0, -1): right = (-(-1), 0) = (1, 0) = +x. So screen-right = +x = east at yaw 0. Platform on screen-right → east ✓ consistent.
[kimi] 
[kimi]   At yaw 180 (facing north): right = (-fz, fx) with forward (0,1) → right = (-1, 0) = -x = west = screen-right. So screen-left = east. The platform (east, +x) appears on screen-LEFT ✓ consistent with obs 72/75.
[kimi] 
[kimi]   So I'm WEST of the platform at x=5.57?? No wait — the platform is at +x east, I'm at x=5.57, and the platform is on screen-left (east). So the platform is east of x=5.57, i.e., x>5.6. But earlier I was ON the platform at x=6.5-7.4 ✓ consistent. And the record desk at x≈7.3 with windows east of it.
[kimi] 
[kimi]   So the lobby's open floor is WEST of x≈5.5, and I should head north on... I'm at the platform's WEST side. The central corridor around x≈1.5-5? And the "LABORATORY" I saw at obs 73 (yaw 134.7, NW view) at screen center-right = north to north-west.
[kimi] 
[kimi]   OK so simply: go north from here, slight west drift. The platform west edge runs along x≈5.5? But at obs 74, moving NW (yaw 134.7) got blocked at z=-4.30 — the platform's SOUTH-western corner region. The platform's south face at z≈-4.3 to -4.5 for x around 5.5?? Hmm, earlier I said the south face was at z=-4.5 near x=3. Whatever — the platform's south edge is right here.
[kimi] 
[mcp] [08/08/26 06:55:20] INFO     Processing request of type            server.py:733
[mcp]                              CallToolRequest                                    
[supervisor] AI_PLAY received action batch for observation=75
[supervisor] AI_PLAY sending observation=76
[mcp] INFO:     127.0.0.1:63138 - "POST /mcp HTTP/1.1" 200 OK
[kimi]   To go north, I must clear the platform's south-west corner first by going WEST. West = screen-right = input right +1 at this yaw. Move right 250ms a couple times, then check.Blocked moving west too! Position unchanged. So I'm pinned at (5.57, -4.30): platform to the west AND north?? Then east is open (CEO stairs area) and south is open (where I came from). Hmm wait, moving right (west) blocked — but I came FROM the east (obs 70→71: I fell off the platform at (5.57,-5.56)). Then moved north to (5.57, -4.30) at obs 73→74 (blocked). So at x=5.57, z=-4.30, both N and W blocked. The platform's southwest corner is just NW of me; the white stairs I saw at obs 73 bottom-center... 
[kimi] 
[kimi]   Actually wait — the white stairs at obs 72 bottom center: those were the platform stairs on this side (fountain area is SW). At obs 73 the staircase structure was at (0.72, 0.42) to the NNE. And at obs 75 the staircase (dark, with railing) is at (0.72, 0.4) — that's to the NNE, leading UP to the platform?? It has a red dot on top (elevator button? no...).
[kimi] 
[kimi]   Let me look at that staircase: it appears to ascend from the ground here up to the north. It might be the platform's EAST-side access or the mezzanine access. Whatever — my goal is the MEETING ROOM at the north. The passage: at obs 75, between the platform (left) and the white mezzanine wall (right), there's a corridor going north around x≈4-5? The staircase at (0.72,0.4) is in that corridor. 
[kimi] 
[kimi]   Move forward (north) with slight right: but forward was blocked at obs 74 after 1.26m. The block was at z=-4.30. The staircase base is ahead. Hmm.
[kimi] 
[kimi]   Alternative: go around via EAST: turn right 90 (yaw 134.7 → ENE... no, east = +x = screen-LEFT at this yaw. Input left... 
[kimi] 
[kimi]   Decisions decisions. Let me try: move forward-left? East = +x. At yaw 179.7: right=-1 → (fz, -fx)=(1, -0.002) = +x east. So east = input right=-1. Move east a bit then north around the stairs.
[kimi] 
[mcp] [08/08/26 06:55:45] INFO     Processing request of type            server.py:733
[mcp]                              CallToolRequest                                    
[supervisor] AI_PLAY received action batch for observation=76
[supervisor] AI_PLAY sending observation=77
[mcp] INFO:     127.0.0.1:63194 - "POST /mcp HTTP/1.1" 200 OK
[kimi] • 公开决策记录：西、北都被平台挡住，只有东侧可绕。向东侧移再寻北行通道。
[kimi] 
[kimi] • Moved only +x 0.36 to (5.93, -4.30) then blocked. This area is a maze of furniture. I've burned a lot of requests (obs 77). 
[kimi] 
[kimi]   STOP. Reassess from a distance. Back away south to open ground, take stock. Move backward (south) 250×2.
[kimi] 
[mcp] [08/08/26 06:56:01] INFO     Processing request of type            server.py:733
[mcp]                              CallToolRequest                                    
[supervisor] AI_PLAY received action batch for observation=77
[supervisor] AI_PLAY sending observation=78
[mcp] INFO:     127.0.0.1:63211 - "POST /mcp HTTP/1.1" 200 OK
[kimi] • 公开决策记录：此处家具死角太多，先后撤回开阔地面，再绕远路走大厅西侧主通道北上。
[kimi] 
[kimi] • Back at (5.93, -5.94), south of the platform near the fountain (left). The wide staircase at right (0.85, 0.8) — those wide white steps lead UP to the platform's south side? They look like broad stairs spanning the south face. Actually those are the same stairs from obs 36.
[kimi] 
[mcp] [08/08/26 06:56:19] INFO     Processing request of type            server.py:733
[mcp]                              CallToolRequest                                    
[supervisor] AI_PLAY received action batch for observation=78
[supervisor] AI_PLAY sending observation=79
[mcp] INFO:     127.0.0.1:63294 - "POST /mcp HTTP/1.1" 200 OK
[kimi]   New route idea: go further SOUTH-WEST into the lobby south area, then up the WEST side (x≈0.4) corridor like run 2. From (5.93, -5.94): the lobby center is to the NW. Direction to (0.4, -5): (-5.5, +0.9) — mostly west. West = input right=+1 (at yaw 180). But moving west at z=-4.3 was blocked... at z=-5.94 might be open (south of the platform's south face). Move west: right=+1, 250×3.West also blocked after 0.36m (x 5.93→5.57). The fountain is west of me. I'm in the SE corner pocket: fountain W, platform N, and the wide stairs E? This pocket is between the fountain and the wide stairs.
[kimi] 
[kimi]   OK here's the thing: the wide white stairs (right side of view) ascend north onto the platform — they're clearly walkable-looking. In obs 36-40 I failed to climb similar stairs. But wait — those wide stairs ascend toward... the platform edge here at z≈-5.9? The stairs at (0.8, 0.85) lead up to the NORTH onto the platform surface. If I climb them, I'm ON the platform, then I can walk north across it (the desks are along the window/east side, and there's open platform surface west of the desks... at obs 47 the platform interior seemed open).
[kimi] 
[kimi]   Actually — wait. Do I even need the MEETING ROOM via the platform? No. The meeting room is at ground level at the north end. The cleanest ground route: SOUTH-WEST around the fountain, then north along the west corridor (x≈0.4-2).
[kimi] 
[kimi]   From (5.57, -5.94): go south first (forward=-1) to z≈-8, clear of the fountain, then west. Actually I came from (5.57, -5.56)... the fountain is at x≈3-5.5, z≈-3.5 to -5.5. Its SW corner is near (3, -5.5). Go south to z=-7, then west.
[kimi] 
[mcp] [08/08/26 06:56:41] INFO     Processing request of type            server.py:733
[mcp]                              CallToolRequest                                    
[supervisor] AI_PLAY received action batch for observation=79
[supervisor] AI_PLAY sending observation=80
[mcp] INFO:     127.0.0.1:63364 - "POST /mcp HTTP/1.1" 200 OK
[kimi] • 公开决策记录：这个口袋西被喷泉挡、北被平台挡。先向南退到开阔区，再向西绕过喷泉。
[kimi] 
[mcp] [08/08/26 06:56:56] INFO     Processing request of type            server.py:733
[mcp]                              CallToolRequest                                    
[supervisor] AI_PLAY received action batch for observation=80
[supervisor] AI_PLAY sending observation=81
[mcp] INFO:     127.0.0.1:63461 - "POST /mcp HTTP/1.1" 200 OK
[mcp] [08/08/26 06:57:11] INFO     Processing request of type            server.py:733
[mcp]                              CallToolRequest                                    
[supervisor] AI_PLAY received action batch for observation=81
[supervisor] AI_PLAY sending observation=82
[mcp] INFO:     127.0.0.1:63556 - "POST /mcp HTTP/1.1" 200 OK
[kimi] • South blocked too! I'm wedged in a tiny pocket at (5.57, -5.94): N=platform, W=fountain, S=something (the fountain's south basin wall?), E=? The wide stairs are EAST (screen right at obs 78-79: stairs at (0.85, 0.8)). East = input right=-1. Try east.Moved east to (7.16, -5.93). Now there's a glass/white panel on my right (south) — a glass wall. I'm in a narrow strip between the fountain (left, water visible) and a glass partition (right). Continue east to clear the fountain, then head north.Blocked east too. I'm in a narrow N-S slot: fountain W, glass E, water basin S, platform N. The slot runs north! The view north shows the platform edge with desks and the marker — actually the slot between the fountain and glass wall continues NORTH along the platform's west(?) side. The platform edge in front is LOW (white trim, and beyond it the platform floor with desks at similar height...). 
[kimi] 
[kimi]   Wait — actually look: the "platform" ahead at (0.55, 0.45) with the desks seems at MY level now (y=0.8). The desks sit on the floor ahead. Maybe the area ahead is NOT elevated here — the raised part was only around the record desk.
[kimi] 
[kimi]   Just go north: forward +1. The slot ahead looks open between the windows (W) and the desks. Move forward 250 ×2.
[kimi] 
[mcp] [08/08/26 06:57:31] INFO     Processing request of type            server.py:733
[mcp]                              CallToolRequest                                    
[supervisor] AI_PLAY received action batch for observation=82
[supervisor] AI_PLAY sending observation=83
[mcp] INFO:     127.0.0.1:63621 - "POST /mcp HTTP/1.1" 200 OK
[kimi] • 公开决策记录：狭槽向北看似可通行（前方地面与我同高）。向北直行。
[kimi] 
[kimi] • Moved north to (7.15, -4.30). Now I'm at ground level (y=0.8) in a strip along the windows, west of the desk row. The record-1 marker is on the desk to my left (0.47, 0.42). The strip continues north. The desks (on the raised platform? no — these desks are at my level here, or the platform starts further on).
[kimi] 
[mcp] [08/08/26 06:57:47] INFO     Processing request of type            server.py:733
[mcp]                              CallToolRequest                                    
[supervisor] AI_PLAY received action batch for observation=83
[supervisor] AI_PLAY sending observation=84
[mcp] INFO:     127.0.0.1:63658 - "POST /mcp HTTP/1.1" 200 OK
[kimi]   Continue north along this window strip. Sprint forward ×3.Blocked at z=-4.30 again — the same z as the earlier block at (5.57, -4.30). So there's an invisible line at z≈-4.3 spanning x 5.5-7.2. The desk row ahead sits on the RAISED platform whose edge is at z=-4.3 here — the desks' chairs are at my eye level, the platform surface is above. The window strip I'm in dead-ends at the platform's raised section.
[kimi] 
[kimi]   So the raised platform occupies roughly x>4.5(?), z>-4.3, and its west edge... but I entered the platform at obs 47 at (5.97,-3.53) with y=1.5, and the strip I'm in now (x≈7.1) is at y=0.8 BELOW the platform, between the windows and the platform's EAST face?? But the windows are the building's east wall... So the platform is WEST of this strip (x<7), elevated. The record desk is on the platform at x≈6.5-7.3, z≈-2.5. Wait but I'm at x=7.15 BELOW and the record marker is right there at desk level above me.
[kimi] 
[kimi]   Hmm — actually that means when I probed from the platform earlier I was right above here. Fine.
[kimi] 
[kimi]   The way forward north at ground level: does this strip continue past the platform's east face? The platform's east face runs along x≈7.1?? and I'm squeezed between it and the windows... that can't be, the windows ARE the outer wall.
[kimi] 
[kimi]   I think: the strip is between the east windows (x≈7.5 wall) and the raised platform (x<7). It dead-ends where the platform extends east to the window wall (z=-4.3 line, x≈7.1).
[kimi] 
[kimi]   OK here's a cleaner idea: cross UNDER/behind via the SOUTH. The open ground south of the platform (z<-4.5) spans the whole width. At obs 73, I saw LABORATORY and the west area from (5.57,-5.56) looking NW — open floor. The block at obs 79 (moving west at z=-5.94, x 5.93→5.57) was the FOUNTAIN (fountain spans x≈3-5.6, z≈-4 to -6?). To get west past the fountain, go further south first (z≈-7.5), then west, then north along x≈1.
[kimi] 
[mcp] [08/08/26 06:58:14] INFO     Processing request of type            server.py:733
[mcp]                              CallToolRequest                                    
[supervisor] AI_PLAY received action batch for observation=84
[supervisor] AI_PLAY sending observation=85
[mcp] INFO:     127.0.0.1:63868 - "POST /mcp HTTP/1.1" 200 OK
[mcp] [08/08/26 06:58:30] INFO     Processing request of type            server.py:733
[mcp]                              CallToolRequest                                    
[supervisor] AI_PLAY received action batch for observation=85
[supervisor] AI_PLAY sending observation=86
[mcp] INFO:     127.0.0.1:63967 - "POST /mcp HTTP/1.1" 200 OK
[kimi]   From current position: back south along the strip (worked before, obs 79→80 was blocked though because the basin was behind). Hmm, at obs 80 south was blocked at (5.57,-5.94). The basin/fountain extends south there. But I moved EAST from there fine (obs 80→81). Now I'm east of the fountain at (7.15, -4.30). Can I go south here? Try forward=-1 250×2.Back south to (7.16, -5.94). The fountain basin is left (west), glass panel right (east). Continue south past the basin.Blocked south too at (7.16, -5.94). The fountain basin's south wall is there. This strip is a U-shaped pocket: fountain W and S, glass E, platform N. The only exit is... back the way I came? I entered this strip from (5.93,-5.94) moving EAST (obs 80→81: from (5.57,-5.94) east to (7.16,-5.93)). Wait, that means the strip runs E-W along z≈-5.94, between the fountain (north) and the basin/glass (south)?!
[kimi] 
[kimi]   Let me re-look at obs 81's image: fountain water on the LEFT (north side, since I face north... no wait at obs 81 yaw 179.7 facing north, water was at bottom-left = SW). Glass on right (E). 
[kimi] 
[kimi]   Ugh. The geometry: I came into this pocket at obs 44→45 climbing the fountain rim at (4.58,-4.80,y 0.94)... then got ON the platform at obs 47 (5.97,-3.53, y1.5)... then fell off at obs 70→71 landing (5.57,-5.56). Since then: N blocked at -4.30 (both x=5.57 and 7.15), W blocked at x=5.57 (z=-5.94), S blocked at z=-5.94 (x=5.57 and 7.16), E blocked at x=7.16 (z=-5.93)...
[kimi] 
[kimi]   But wait: obs 78→79 I moved WEST from 5.93 to 5.57 (blocked at 5.57). obs 80→81 moved EAST from 5.57 to 7.16. obs 81→82 east blocked at 7.16. obs 82→83 moved NORTH from -5.93 to -4.30!? At x=7.15, north worked for 1.63m. And obs 83→84 north blocked at -4.30. obs 84→85 south worked back to -5.94.
[kimi] 
[kimi]   So the pocket: x ∈ [5.57, 7.16], z ∈ [-5.94, -4.30]. All four sides blocked. It's an enclosed planter/fountain rim area?? But I got IN here by falling from the platform at obs 70-71 (landed 5.57,-5.56)... and walked within. The only way out is UP — jump?
[kimi] 
[kimi]   Actually wait: how did I get from (5.57,-5.56) [obs 71] to (5.57,-4.30) [obs 74]? Moved north 1.26m then blocked. Then back south to (5.93,-5.94) [obs 78]. The pocket boundaries seem to be the fountain basin walls (waist-high). I fell IN from above. To exit: JUMP over the basin rim (it's ~0.5m tall). Jump action: does it work? At obs 39 jump didn't visibly help because move was blocked. Let me try jump alone and check y, then move during... Each act batch executes actions sequentially; a jump followed by move might land before moving. Try: jump, then move forward 250 — did that at obs 39 (blocked). 
[kimi] 
[kimi]   Alternative: maybe jump onto the basin rim then over. Or... crouch? No.
[kimi] 
[kimi]   Hmm, actually maybe try moving diagonally at the corners. The pocket's NE corner (7.16, -4.30): north blocked, east blocked. NW corner (5.57, -4.30): north blocked, west blocked? I tried west at z=-5.94 (blocked), not at z=-4.30. 
[kimi] 
[kimi]   Actually obs 76: at (5.57, -4.30), right=+1 (west) blocked. So NW corner fully blocked.
[kimi] 
[mcp] [08/08/26 06:59:01] INFO     Processing request of type            server.py:733
[mcp]                              CallToolRequest                                    
[supervisor] AI_PLAY received action batch for observation=86
[supervisor] AI_PLAY sending observation=87
[mcp] INFO:     127.0.0.1:64030 - "POST /mcp HTTP/1.1" 200 OK
[kimi]   Diagonals at corners might slip through. Try at current pos (7.16,-5.94): move forward+right (NE diagonal): forward 0.7, right -0.7 → direction (0.7*f + (-0.7)*r) where f=(0,1), r=(-1,0): (0.7, 0.7) = NE. Try 250ms.Moved +z 0.694 (north only, x unchanged). So the east component was blocked but north worked at this z. Wait — at z=-5.94→-5.24 moving north. Earlier north was blocked at z=-4.30. Keep going north: but at z=-4.3 it blocks. The rim/pocket: fountain basin S at -5.94, platform N at -4.30, glass E at 7.16. The strip along the window at x≈7.15 goes from -5.94 to -4.30 and dead ends. So no exit here either.
[kimi] 
[kimi]   Hmm! But how about WEST along z=-4.30 line at x=7.15? At obs 83 I was at (7.15,-4.30) and didn't try west. The platform's east face... let me think about what's WEST of this strip: the platform (elevated). Its east face is at x≈7.1? Then west is blocked by the platform face.
[kimi] 
[kimi]   Wait, that can't be — I was ON the platform at x 6.5-7.4 earlier (obs 47: (5.97,-3.53, y1.5); obs 62: (7.36,-1.07, y1.3)). So the platform spans up to x≈7.4 at z≈-1. The platform's east edge must step: at z=-3.5 x up to ~6, at z=-1 x up to 7.4. The strip I'm in is below the platform's south-east overhang?
[kimi] 
[kimi]   I'm wasting requests (87 used of 300). Decision: JUMP out. If the basin rim is ~0.5m and platform edge ~1.3-1.5, jump might clear the basin rim (south or east). Let me try jump followed immediately by move east (toward the glass, which might be lower?)... The glass on the east is full height. The basin rim south is ~0.5m. Jump + move south.
[kimi] 
[kimi]   Actually — wait. Maybe I should reconsider: are these "blocked" really walls, or is it the WATER? The strip floor is at y=0.80, same as lobby. The fountain water is in a basin. The "glass" east might be the elevator shaft. 
[kimi] 
[kimi]   Honestly, the cleanest: jump + move in the same direction I entered: I fell from the platform (from NORTH, above). The platform edge at the NE... The strip's north end at z=-4.30 is the platform face (1.3 high) — too high for a jump probably.
[kimi] 
[mcp] [08/08/26 06:59:28] INFO     Processing request of type            server.py:733
[mcp]                              CallToolRequest                                    
[supervisor] AI_PLAY received action batch for observation=87
[supervisor] AI_PLAY sending observation=88
[mcp] INFO:     127.0.0.1:64148 - "POST /mcp HTTP/1.1" 200 OK
[kimi]   Try jump+move south over the basin rim (0.5m): [{jump},{move forward=-1, 250ms}].The move south worked this time (moved -z 0.693 to (7.16, -5.94)) — jump didn't change the outcome but move succeeded (earlier it was blocked at the same spot... odd, maybe the jump nudged me). y=0.8006. Still in the strip. 
[kimi] 
[kimi]   I'm wasting tons of requests on this pocket. Let me carefully study the image: I'm at the strip's south end. The basin water is immediately SOUTH (bottom of frame). The glass wall is EAST (right). Windows WEST (left). Platform NORTH. 
[kimi] 
[kimi]   Actually — WAIT. Maybe the basin isn't a wall; maybe it's just the sunken water feature and the south rim is low. The "blocked" southward might have been the water collider. But we just moved south 0.69 fine and now blocked at -5.94 (the south rim).
[kimi] 
[kimi]   East: glass wall full height. West: fountain. North: platform.
[kimi] 
[kimi]   So exit = climb back onto the PLATFORM (north, y 1.3, 0.5m above me). Jump+move north might work: at obs 44→45 I went from y=0.80 to y=0.94 by walking into the rim — the rim is step-up-able in places (0.14 step). Then from 0.94 I got to 1.30/1.50 by walking further (obs 45→47). So the platform IS climbable from this strip by walking north at the right spot! At obs 83→84 north was blocked at (7.15,-4.30) — but obs 44's climb happened around (4.3-4.6, -4.8). The climbable spot is further WEST along the platform's south face — the ramp/stairs region near the fountain's NE corner.
[kimi] 
[kimi]   From the strip, west is the fountain... but the fountain's EAST edge is at x≈5.6. Between x 5.6 and 7.1 along z=-4.3: the platform face. The ramp I climbed at obs 28-29 was at x≈2.2-3.0, z≈-4.6 — the white ramp next to the fountain's WEST side.
[kimi] 
[kimi]   OK so the actual climb route is that white ramp (x≈2.5). But I can't get west through the fountain.
[kimi] 
[kimi]   Hmm, hold on — how did I get from the ramp (2.99,-4.56) at obs 29 to ON the platform at (5.97,-3.53) obs 47? Path: obs 31-32 moved NE to (2.99,-4.51) blocked; obs 33-35 stuck; obs 36 back to (1.72,-5.83); obs 37 forward to (2.98,-5.12) blocked at stairs; obs 40 stuck; obs 41 back to (2.38,-5.49); obs 43→44 moved (2.37,-5.50)→(4.05,-5.03) [NE along the stair face, sliding]; obs 44→45 (4.05,-5.03)→(4.58,-4.80) y 0.94 [stepped up!]; obs 46→47 (4.58,-4.78)→(5.97,-3.53) y 1.499 [ON platform].
[kimi] 
[kimi]   So the climb happened moving NE around (4.3, -4.9). The stairs at (2.98,-5.1) face SW and I slid along them going NE, and somewhere at x≈4.3 the stair/edge became climbable (the top of the stairs!). The stairs ascend from SW to NE — their TOP is at the NE end (x≈4.3, z≈-4.8)! That's how I got up.
[kimi] 
[kimi]   So the correct climb: at the stairs' NE top end around (4.3, -4.9). To get there from this pocket: I need to be WEST of the fountain, in the area around (4, -5). But the fountain blocks...
[kimi] 
[kimi]   Actually wait, is the fountain really between? At obs 44 I was at (4.05, -5.03) — SOUTH-WEST of the fountain's east edge. The fountain basin spans maybe x 3-5.5, z -3.5 to -5.2. Its SE corner ≈ (5.5, -5.2). My pocket is x 5.6-7.2, z -4.3 to -5.9: EAST of the fountain and SOUTH-EAST of the platform.
[kimi] 
[kimi]   The gap between the fountain's east edge and the platform's south edge: around (5.5, -4.8)? At obs 45 I was at (4.58, -4.80) y=0.94 (on the rim), obs 46 (4.58,-4.78), obs 47 jumped to (5.97,-3.53) ON platform — moved NE freely from there. So at (4.58,-4.78) I was at the stair top / rim and stepped onto the platform moving NE.
[kimi] 
[kimi]   The pocket I'm in now borders the platform's south face (z=-4.3). Is there a step-up spot along it? At obs 83-84 north blocked at (7.15,-4.30). Maybe at x≈5.6-6 (just east of the fountain's SE corner) there's the climb. At obs 74 I was at (5.57,-4.30) blocked (that spot is right at the fountain's NE corner probably).
[kimi] 
[kimi]   Try: from current (7.16,-5.94), move north along the strip to -5.24 (done), keep going to the platform face at -4.30, then move WEST along the face. West was blocked at (5.57,-4.30)... but between 5.6 and 7.1 might have a step. Let me go north to the face first, then try west increments.
[kimi] 
[kimi]   Actually simpler: try jump+move NORTH right here at various x. Start: go north to (7.15,-4.35), then jump+move west (right=+1) repeatedly, testing for step-up. Each attempt = 1 batch. Budget: obs 88/300 used — I've used a lot. Remaining ~212. OK.
[kimi] 
[mcp] [08/08/26 07:00:07] INFO     Processing request of type            server.py:733
[mcp]                              CallToolRequest                                    
[supervisor] AI_PLAY received action batch for observation=88
[supervisor] AI_PLAY sending observation=89
[mcp] INFO:     127.0.0.1:64391 - "POST /mcp HTTP/1.1" 200 OK
[mcp] [08/08/26 07:00:23] INFO     Processing request of type            server.py:733
[mcp]                              CallToolRequest                                    
[supervisor] AI_PLAY received action batch for observation=89
[supervisor] AI_PLAY sending observation=90
[mcp] INFO:     127.0.0.1:64459 - "POST /mcp HTTP/1.1" 200 OK
[kimi]   Actually, let me first try jump + move north directly at the face.At (7.15, -4.30), at the platform face. Now move west along the face (right=+1) and try step-up. Do 2-3 short west moves watching y.Moved west 0.54 to (6.61, -4.30), then blocked. There's a gap between the window wall and the platform here — the platform edge on the left (with desks above) and I see... the strip continues west but blocked at 6.61 (probably the fountain's east basin wall or a desk leg).
[kimi] 
[kimi]   Hmm. The record desk is right there. Actually — WAIT. Look at the current view: the marker is at (0.42, 0.44) on the desk. The desk is at MY level here? The desk/chairs appear at normal height relative to me. The platform edge... Actually maybe this area (x 6.6, z -4.3) is NOT raised — the raised platform only starts north of the desks.
[kimi] 
[kimi]   Can I interact with record 1 again? No need — already read. I need to get PAST this desk row northward.
[kimi] 
[kimi]   The desk row is in front (north). The strip west is blocked. What about BETWEEN the desks? The two red chairs have a gap at (0.65, 0.5)?
[kimi] 
[kimi]   Honestly, this pocket is cursed. NEW IDEA: give up the window strip; go back east and SOUTH around... no wait, south is the basin.
[kimi] 
[kimi]   Ugh, let me think about how I originally ENTERED this region: obs 70-71: I was on the platform at (5.57?)... actually obs 69→70: sprinted backward (SSW) from (6.99,-1.18) and FELL, landing at (5.57, -4.88)... wait no, obs 70 position was (5.574, 1.17, -4.88) MID-FALL, obs 71 landed (5.574, 0.80, -5.56). I fell off the platform's SOUTH edge into this lower area. The platform's south edge is at z≈-4.3 to -4.9.
[kimi] 
[kimi]   The lower area (fountain plaza) is surrounded: the fountain in the middle, glass partitions... The EXIT from this lower plaza: at obs 71-73, looking north I saw the LABORATORY and CEO stairs across open floor to the NW/N. At obs 73 (5.57,-5.56) facing NW, open floor ahead — but moving NW got blocked at -4.30 (obs 74). The plaza's open part is SOUTH of z=-4.3... 
[kimi] 
[kimi]   At obs 73, LABORATORY appeared at screen (0.66, 0.35) — NNW direction, far. The plaza south of the platform: spans z -4.3 to maybe -9 (south wall). The WEST corridor (x 0.4-1.5) is reachable by going west SOUTH of the fountain: fountain south edge ≈ z=-5.2? My west move at z=-5.94 was blocked at x=5.57 (obs 79)... but that was maybe the glass partition, not the fountain.
[kimi] 
[kimi]   Wait, obs 78→79: from (5.93,-5.94) moving west, blocked at x=5.57. obs 79→80: south blocked. obs 80→81: east OK. So the pocket x 5.57-7.16 z -5.94 to -4.30. Hmm, but obs 77→78 I moved from (5.93,-4.30) south to (5.93,-5.94) fine. And obs 74: (5.57,-5.56)→(5.57,-4.30) fine. So the pocket's west boundary x=5.57: what is it? At obs 76, west move from (5.57,-4.30) blocked. obs 79: west from (5.93,-5.94) blocked at 5.57. So x=5.57 is a full-height wall on the west side of the pocket (z -4.3 to -5.94). That must be the fountain's EAST wall + glass? The fountain at obs 81 was on my LEFT (west) — yes! The fountain's east basin wall is at x≈5.57.
[kimi] 
[kimi]   And obs 71: I landed at (5.57, -5.56) INSIDE the pocket (fell from the platform moving SSW — cleared the fountain's north-east corner).
[kimi] 
[kimi]   So the pocket is bounded: W = fountain east wall (x 5.57), E = glass wall (x 7.16), S = basin rim (z -5.94), N = platform face (z -4.30). Enclosed! I fell in. The ONLY way out is up: climb the platform face (1.3-0.8 = 0.5m high — walkable step-up? evidently blocked) or the fountain rim.
[kimi] 
[kimi]   BUT obs 44→45: at (4.05,-5.03) → (4.58,-4.80): y went 0.80→0.94, climbing the fountain's SOUTH-EAST rim corner from OUTSIDE (west/south side). So from the plaza (west of the fountain), you can step onto the fountain rim and onto the platform.
[kimi] 
[kimi]   I'm stuck INSIDE the pocket. To escape: jump onto the fountain's east rim (0.5m) then walk off. At obs 38-39, jump+move at the stairs failed. But here the rim is only 0.5m. Try: face west (yaw... input -? to face west = forward -x: yaw 90. From 179.7: decrease 90 → input +45 twice). At the pocket's NW corner, jump + move west onto the fountain rim.
[kimi] 
[kimi]   Actually wait — before acrobatics: is the pocket REALLY enclosed? I moved north at x=7.15 from -5.94 to -4.30 (obs 82→83, 88→89). At z=-4.30 the platform face. Is the face climbable at SOME x between 5.6 and 7.1? obs 89→90: moved west along the face to 6.61, blocked (a desk leg or the fountain NE corner at (6.0?,-4.3)). Hmm the fountain's NE corner: if the fountain spans x 3-5.6, its NE corner is (5.6, -3.5)-ish — not at 6.61. What blocked me at 6.61? Maybe a desk leg on the platform edge overhang, or the platform steps down there.
[kimi] 
[kimi]   Try jump+move north right here at (6.61,-4.30): the platform surface is 0.5m above. Jump (peak maybe 0.5-0.6m?) + forward.
[kimi] 
[mcp] [08/08/26 07:01:07] INFO     Processing request of type            server.py:733
[mcp]                              CallToolRequest                                    
[supervisor] AI_PLAY received action batch for observation=90
[supervisor] AI_PLAY sending observation=91
[mcp] INFO:     127.0.0.1:64588 - "POST /mcp HTTP/1.1" 200 OK
[kimi] • 公开决策记录：口袋北壁即平台边（高约 0.5m）。尝试跳跃+向北翻越上台。
[kimi] 
[kimi] • Still blocked (jump may have already landed before the move executed, or the face is too tall). 
[kimi] 
[kimi]   STOP AND THINK. I'm at obs 91/300. This pocket has consumed ~30 requests. But wait — how did I get INTO the pocket at obs 70? I was at (6.99,-1.18) ON the platform and sprinted BACKWARD (forward=-1, i.e., SSW = -forward = (-0.37,-0.93)). I fell off at the platform's south edge... landing at (5.57,-5.56). That means the platform's south edge is passable DOWNWARD (drop). Not upward.
[kimi] 
[kimi]   Key question: how is one SUPPOSED to leave this lower plaza? Maybe I'm wrong that it's enclosed. Let me list verified moves:
[kimi]   - (5.57,-5.56)→N→(5.57,-4.30) blocked N
[kimi]   - (5.57,-4.30)→W blocked (obs 76)
[kimi]   - (5.57,-4.30)→E 0.36 blocked (obs 76→77) [desk leg?]
[kimi]   - (5.93,-4.30)→S→(5.93,-5.94) OK (obs 77→78)
[kimi]   - (5.93,-5.94)→W 0.36 blocked at 5.57 (obs 78→79)
[kimi]   - (5.57,-5.94)→S blocked (obs 80)
[kimi]   - (5.57,-5.94)→E OK to 7.16 (obs 80→81)
[kimi]   - (7.16,-5.93)→E blocked (obs 81→82)
[kimi]   - (7.15,-5.93)→N OK to -4.30 (obs 82→83)
[kimi]   - (7.15,-4.30)→N blocked (obs 83→84)
[kimi]   - (7.15,-4.30)→S OK (obs 84→85)
[kimi]   - (7.16,-5.94)→S blocked (obs 85→86)
[kimi]   - (7.16,-5.94)→NE diag: moved N 0.69 only (obs 86→87)
[kimi]   - (7.16,-5.94): jump+S: moved S 0.693 to... wait obs 87→88: moved (0.002, -0.693) to (7.1575, -5.9378). That's the SAME z as the block line -5.94. So jump+move DID move south 0.69 while plain move was blocked!! The jump helped! But wait, the final z = -5.94 = still at the south wall. Hmm, it moved from -5.245 to -5.938. Right, obs 87 I was at -5.24. So the jump+move just moved south normally. Not conclusive.
[kimi] 
[kimi]   The pocket: x∈[5.57,7.16], z∈[-5.94,-4.30]. What are these boundaries? Fountain is the big object — the fountain basin probably spans EXACTLY this pocket... i.e., I'm INSIDE THE FOUNTAIN BASIN (in the water!). The "strip" I walked along the windows at obs 81-86 with water at bottom-left — the whole pocket floor could be the basin floor (y=0.80, same as lobby, water surface just above).
[kimi] 
[kimi]   If I'm in the basin, the rims are ~0.5m walls on all sides — too high to walk, and jump seems ineffective (jump alone at obs 39 didn't change y afterwards; maybe jump is weak or the rim is 0.6m).
[kimi] 
[kimi]   Escape options: the NE corner where I fell in? I fell from the platform at its south edge around (5.8,-4.9)... 
[kimi] 
[kimi]   Hmm wait, actually obs 69→70: from (6.99,-1.18,y1.30) sprint backward SSW: obs 70 shows (5.574, y1.17, -4.884) "on_floor":false — mid-air. obs 71: (5.574, 0.80, -5.562) landed. I fell ~0.5m. If the basin rim were a full 0.5m wall, falling from platform y1.3 over the rim into the basin... the rim top at ~1.3? I was at y1.17 mid-air — consistent with falling off the platform edge directly (platform y1.3) into the basin (y0.8), passing over the rim.
[kimi] 
[kimi]   So the platform's south edge around x 5.6-7 is directly above the basin's north rim. To climb OUT northward, I'd need +0.5m. Jump apex unknown. Jump+move N failed at (6.61,-4.30) (obs 90→91). But maybe there the platform edge is higher (the face goes up to platform y1.3 = +0.5 from basin 0.8).
[kimi] 
[kimi]   Jump physics: jump at obs 38: before y=0.8000235, after (obs 38) y still 0.8000235 (on_floor, landed). Can't tell apex.
[kimi] 
[kimi]   Try: jump + move WEST onto the fountain rim? The fountain's central structure (with the screen) — its rim... 
[kimi] 
[kimi]   ALTERNATIVE: give up trying to escape north/west; check the SOUTH rim: is the area south of the basin at the same level (y0.8)? If the basin's south rim is also 0.5m, jumping south might clear it since the outside floor is 0.8 (no step up beyond the rim itself). Jump+move south at obs 87→88 moved 0.693 south... but that could have been blocked at the rim again. Actually it moved exactly to the block line. Hmm.
[kimi] 
[kimi]   Let me try jump+move south AGAIN from the wall: if it clears the rim, z should go beyond -5.94.
[kimi] 
[mcp] [08/08/26 07:01:45] INFO     Processing request of type            server.py:733
[mcp]                              CallToolRequest                                    
[supervisor] AI_PLAY received action batch for observation=91
[supervisor] AI_PLAY sending observation=92
[mcp] INFO:     127.0.0.1:64756 - "POST /mcp HTTP/1.1" 200 OK
[kimi] • 公开决策记录：尝试跳越南侧池沿出池（外侧地面同高，越沿即可）。
[kimi] 
[kimi] • Hmm — moved from (6.61,-4.30) SOUTH to (6.62,-5.94). Wait, I was at (6.61,-4.30) and moved -z 1.638 → (6.62, -5.94). Just traversed the pocket south again. The jump+move didn't clear the rim (z clamped at -5.94).
[kimi] 
[kimi]   BUT — new info in this view: at the pocket's south-east area, I now see through to an area with a DOOR (right side, (0.96, 0.43)) — the "EAST" glass wall has an opening/door at its south end!? And stairs visible far right. The glass wall (right) seems to END toward the south — there's a doorway at (0.95, 0.45).
[kimi] 
[kimi]   Actually looking again: right side shows a glass panel ending, and beyond it a hallway with a wooden door and stairs. So at the pocket's SE corner, there may be an exit east!
[kimi] 
[kimi]   I'm at (6.62, -5.94) pressed at the south rim. The exit east would be around (7.2, -6.5)? But east was blocked at x=7.16 (z=-5.93). Hmm, but maybe that block was the glass panel which ends at z≈-6.3. The south rim at z=-5.94 blocks going south though.
[kimi] 
[kimi]   Wait — maybe the SOUTH RIM isn't full-width. The block at south happened at x=5.57 (obs 80), x=7.16 (obs 86), x=6.62 (obs 92). Seems full width.
[kimi] 
[kimi]   What about the basin's water itself — is the pocket actually the SUNKEN LOUNGE, not the fountain? Whatever.
[kimi] 
[kimi]   New: the gap I saw at the right edge — the glass panel's south end. If the glass wall runs along x=7.16 from z=-4.3 to -5.94, its south end is right at the SE corner (7.16,-5.94). If I can round that corner southward... but south is blocked.
[kimi] 
[kimi]   Hmm, unless the south rim ENDS before x=7.16. The rim blocked at 6.62 and 7.16... 
[kimi] 
[mcp] [08/08/26 07:02:10] INFO     Processing request of type            server.py:733
[mcp]                              CallToolRequest                                    
[supervisor] AI_PLAY received action batch for observation=92
[supervisor] AI_PLAY sending observation=93
[mcp] INFO:     127.0.0.1:64908 - "POST /mcp HTTP/1.1" 200 OK
[kimi]   Let me try the SE diagonal from the SW area: at (6.62,-5.94), move east (right=-1): blocked before at 7.16. Then at (7.16,-5.94) try south with jump — did (obs 86→87? no that was NE diag). Try jump + move SOUTH-EAST diagonal at the corner.At (7.156, -5.936) — SE corner, jump+SE blocked. The pocket really is enclosed by ~0.5m rims/walls that I can't jump over (jump apex seems too low or movement is blocked horizontally regardless).
[kimi] 
[kimi]   Wait... let me reconsider. Is the JUMP even doing anything? Check y after jumps: obs 91 y=0.8000235 (after jump+move), obs 92 y=0.8005512, obs 93 y=0.8008712. All ~0.80. Jump gives no lasting height. Either the jump is weak or ceilings... there might be a LOW CEILING over this pocket (the mezzanine overhang?!) — obs 73 showed the mezzanine structure above this area! At obs 73, the area east of the platform had an upper mezzanine floor with railings at maybe y≈3. Not that low.
[kimi] 
[kimi]   Hmm, actually maybe jump DOES elevate but the move is executed AFTER landing (sequential actions: jump completes its arc, then move). If so, jump+move can never vault. To vault, I'd need move FIRST then jump mid-motion? Actions are discrete; the move 250ms then jump: the jump would fire at the end of the move. Also no good unless the game preserves momentum.
[kimi] 
[kimi]   Let me question the assumption that I'm trapped: how did the level design intend players to move here? The MEETING ROOM is the next destination. The plaza/pocket... maybe the intended path from CUBICLE AREA record is different: read record at the desk, then go down via the STAIRS I couldn't climb (obs 36-40) — walking DOWN them works (gravity), that's how players exit the platform normally. I exited by falling into the basin instead — my mistake.
[kimi] 
[kimi]   The stairs: at (2.98,-5.11) facing NE, blocked going up. But DOWN works. So from the platform, exit via stairs to the plaza at (2.4,-5.5), then the plaza's west/north is open.
[kimi] 
[kimi]   So the plaza IS open to the west — the boundary at x=5.57 is the FOUNTAIN's east wall, but the fountain only spans part of z. The plaza's open area is at x<3 (west of the fountain) — which I can't reach from THIS side of the fountain... 
[kimi] 
[kimi]   Unless I go around the fountain's SOUTH end. The fountain basin's south rim at z=-5.94 spans x 5.57-7.16. West of x=5.57 is the fountain's east wall... which extends how far south? At obs 79, west blocked at 5.57 (z=-5.94). What about at z=-6.5 (south of the rim)? Can't get there — south blocked everywhere in the pocket.
[kimi] 
[kimi]   What about going around the fountain's NORTH end? The fountain's north edge meets the platform's south face — blocked.
[kimi] 
[kimi]   OK radical idea: the stairs I couldn't climb from the plaza side — I slid along their face going NE at obs 43→44 from (2.37,-5.50) to (4.05,-5.03)! That slide took me INTO this region (east of the stairs). Then obs 44→45 climbed y 0.94 at (4.58,-4.80). So there IS a step-up at the stair top (4.3,-4.9). That's WEST of the fountain's east wall (5.57)? The fountain east wall at 5.57; the stair top at 4.3 — west of the wall, in the open plaza. 
[kimi] 
[kimi]   So: the plaza west of x=5.57 connects: stairs (x 2.4-4.3) → step up at stair top → platform. And the pocket (x 5.57-7.16) is between the fountain's east wall and the glass, accessible only by falling in. A trap.
[kimi] 
[kimi]   To escape the trap: I fell IN over the north rim (from the platform). The north rim is under the platform's south edge overhang. Maybe at the NE corner (7.16,-4.30), the geometry differs — the glass wall meets the platform face. Tried north there (blocked), east (blocked)...
[kimi] 
[kimi]   Wait — what about the WATER ITSELF being climbable at the fountain's edge where the water spills? Look at obs 92: at the bottom of the frame, the water/basin. To the right (east), the glass wall's south end had a doorway beyond. Hmm.
[kimi] 
[kimi]   Actually — new thought: maybe the SOUTH rim can be walked over at its WESTERN end where it meets the fountain east wall corner (5.57,-5.94) — the corner where the fountain's east wall ends. The fountain is a rectangle; its SE corner at (5.57,-5.94)? If so, at that corner, going SOUTH-WEST around the corner post might work. Try: go to (5.6,-5.94) then move SW diagonal (forward=-0.7, right=+0.7 → direction (-0.7, -0.7) SW).
[kimi] 
[mcp] [08/08/26 07:02:49] INFO     Processing request of type            server.py:733
[mcp]                              CallToolRequest                                    
[supervisor] AI_PLAY received action batch for observation=93
[supervisor] AI_PLAY sending observation=94
[mcp] INFO:     127.0.0.1:65125 - "POST /mcp HTTP/1.1" 200 OK
[kimi] • 公开决策记录：最后尝试绕喷泉东南角（池西壁与南沿交角）向西南滑出。
[kimi] 
[kimi] • Moved west to (5.57, -5.94) — the SW corner of the pocket. The wide white steps are visible at right (0.8, 0.85) — those lead UP to the south. Wait, they're at the pocket's south edge?? The steps at bottom-right of the frame — they ascend from the pocket's south rim area toward... south? They look like they go UP to ground level south of the basin!
[kimi] 
[kimi]   Actually looking at the image: bottom-right shows wide dark-and-white steps descending toward me (into the pocket) from the south rim. These steps connect the pocket to the south plaza! At obs 36 these stairs appeared leading up to the platform, but maybe they actually lead from the pocket (basin) up to the SOUTH plaza.
[kimi] 
[kimi]   The steps are at screen (0.8, 0.8), i.e., to my EAST... I'm at (5.57,-5.94) facing north. Screen right = west?? No — screen-right at yaw 180 = -x = west. The steps at screen right = WEST of me?? But I came from the east and the steps weren't between 6.6-7.2... The steps are at around x 5.0-5.5, z -6.2, i.e., SOUTH-WEST of me. Screen-right = west ✓ consistent.
[kimi] 
[kimi]   Wait — these are the same wide steps from obs 78 (right side) and obs 36. At obs 78 I was at (5.93,-5.94) and the steps were bottom-right too. So the steps are at the pocket's SOUTH edge around x 4.5-5.5, z -6 to -6.5, ascending southward out of the basin!
[kimi] 
[mcp] [08/08/26 07:03:13] INFO     Processing request of type            server.py:733
[mcp]                              CallToolRequest                                    
[supervisor] AI_PLAY received action batch for observation=94
[supervisor] AI_PLAY sending observation=95
[mcp] INFO:     127.0.0.1:65342 - "POST /mcp HTTP/1.1" 200 OK
[kimi]   Let me approach them: they're to my south-west. Move: forward=-0.5, right=+0.8 (SW-ish... at yaw 180: forward=-1 → (0,-1) south; right=+1 → (-1,0) west). Combined forward -0.5 right 0.8: (-0.8, -0.5) → SW ✓. Then climb the steps southward.Blocked — pinned at the corner. The steps are right there at the south rim (bottom right, 0.78, 0.85) but I can't reach them diagonally. Maybe face the steps directly: turn around (face south, yaw 0 → input +45 three times? no: yaw 179.7 → 0 needs decrease of 179.7; or increase to 360/0. Input +45 → yaw 134.7. Better: turn to face SSE toward the steps. The steps are behind-right. Turn input... let me turn +45 twice (→ 89.7, facing west) no...
[kimi] 
[kimi]   The steps are SOUTH-WEST of me at about 2m. Face them: direction (-0.8,-0.6)-ish → yaw for forward (-0.8,-0.6): -sinθ=-0.8, -cosθ=-0.6 → sinθ=0.8, cosθ=0.6 → θ≈53°. So yaw 53. From 179.7: decrease 127 → three +45 turns... wasteful. Alternatively turn +45 → 134.7 (NW), no.
[kimi] 
[kimi]   Hmm wait, I could just do a 180 with four +45s. That's 4 requests just turning. Alternatively walk backward-left: forward=-1 (south), right=-1 (east)... the steps are SOUTH-WEST. forward=-1 right=+1 = (-1,-1) SW diagonal — that's what I tried (blocked, the corner).
[kimi] 
[kimi]   The corner is at the fountain's SE... I need to back off the wall first: move EAST a bit (right=-1) to (6.2, -5.94), then turn to face the steps (they're at x≈5.3, z≈-6.3), then approach from the east heading SW.
[kimi] 
[kimi]   Move east 200ms, then look +45 (yaw 134.7 = facing (-0.71, 0.71)=NW?? no: forward(134.7) = (-sin134.7, -cos134.7) = (-0.712, 0.712) = NW. WRONG. I want to face SW = forward (-0.7,-0.7) → θ: sinθ=0.7, cosθ=0.7 → θ=45. From 179.7 → 45: decrease 134.7 = three +45 turns (179.7→134.7→89.7→44.7). 
[kimi] 
[mcp] [08/08/26 07:03:42] INFO     Processing request of type            server.py:733
[mcp]                              CallToolRequest                                    
[supervisor] AI_PLAY received action batch for observation=95
[supervisor] AI_PLAY sending observation=96
[mcp] INFO:     127.0.0.1:49162 - "POST /mcp HTTP/1.1" 200 OK
[kimi]   Alternatively just move: from (6.2,-5.94), the steps at (5.3,-6.3) are SW. Direction (-0.9,-0.36): forward=-0.36 (south), right=+0.9 (west) → combined (-0.9, -0.36) ✓ SW. So I don't need to turn! Move east first, then SW diagonal.Distance 0.001 — totally wedged at (5.573, -5.938). The corner has me. The steps are RIGHT THERE (bottom right) but unreachable.
[kimi] 
[kimi]   Time check: obs 96/300. This pocket has eaten ~35 requests. 
[kimi] 
[kimi]   Radical rethink: maybe the steps at bottom-right aren't outside the pocket — maybe they ARE the pocket's south rim steps and they're meant to be climbed from INSIDE going up south. They're at screen (0.82, 0.85) which from (5.57,-5.94) facing north... bottom of screen = south (behind). Right of screen = west. So the steps are at SW, about (5.2, -6.3). I can't reach them because I'm wedged at the corner where the fountain east wall meets the south rim.
[kimi] 
[kimi]   Try moving PURE south with wiggle: forward=-1 alone (blocked before). The wedge is the corner: I'm pressed against both west wall and south rim. To unwedge: move NORTH first (into the pocket), then approach the steps from the north-east going south-west... but the steps start AT the rim...
[kimi] 
[kimi]   Actually — maybe those steps descend INTO the pocket from the south plaza, meaning the pocket floor connects to the steps at the SW. The steps' bottom is at the pocket's south-west corner — exactly where I'm wedged! Maybe I need to move UP the steps = direction SW but the wall corner catches me.
[kimi] 
[kimi]   Approach: go north 1m (into pocket middle), then turn to face the steps directly (face SSW), then walk straight up them.
[kimi] 
[kimi]   Steps at ~(5.3,-6.4). From (5.57,-4.9) [1m north], direction to steps: (-0.27,-1.5) ≈ mostly south, slightly west. Face yaw... forward (0.18, -0.98)?? -sinθ=0.18 → sinθ=-0.18; -cosθ=-0.98 → cosθ=0.98 → θ=-10.2. So yaw ≈ -10 (nearly south). From 179.7: need -10 → decrease 189.7 or increase 170: 4 turns of 45 (input +45 ×4 = 179.7→134.7→89.7→44.7→-0.3). 4 requests turning... plus moves. ~8 requests. Worth it if it frees me.
[kimi] 
[kimi]   Alternatively — think about whether the steps even lead out: they might lead UP to the mezzanine/CEO area (the white structure). At obs 73, the white stairs on the right led up to the "CEO OFFICE UPSTAIRS" mezzanine. The bottom-right steps here look like they ascend to the south plaza's raised walkway... 
[kimi] 
[kimi]   Hmm wait, actually — look at the depth image: the steps at bottom-right are CLOSE (dark) and they ascend away. The sunlit floor beyond them (top-right) is the south plaza at higher elevation?? No — the south plaza is at y0.8 same as everything.
[kimi] 
[kimi]   Honestly, maybe these steps connect the basin pocket UP to the south plaza (the plaza floor around the fountain could be raised ~0.5 like the platform edge). That would explain everything: the pocket is a sunken water feature surround; steps at its SW corner lead up to the plaza.
[kimi] 
[kimi]   GO: turn around via 4 × +45. Actually more efficient: input +45, +45, +45, +45 as four separate single-look batches? Each batch can have up to 3 actions but multiple looks in one batch risk... the rule says don't combine mutually-canceling looks; same-direction looks in one batch are allowed ("不要在同一批次组合互相抵消的 look"), but only final screenshot returned — fine. Do two batches of 2 looks each (+45,+45) then (+45,+45) → yaw -0.3. Then move forward up the steps.
[kimi] 
[mcp] [08/08/26 07:04:12] INFO     Processing request of type            server.py:733
[mcp]                              CallToolRequest                                    
[supervisor] AI_PLAY received action batch for observation=96
[supervisor] AI_PLAY sending observation=97
[mcp] INFO:     127.0.0.1:49425 - "POST /mcp HTTP/1.1" 200 OK
[kimi]   Batch 1: look +45, look +45.Excellent! Now yaw 89.7 (facing... forward = (-sin89.7, -cos89.7) = (-1, 0.005) = WEST). And NOW I SEE THE ACTUAL MAP: this is the SOUTH PLAZA view — LABORATORY (left, a doorway), CEO OFFICE UPSTAIRS (center-left), a big staircase (center), BREAK ROOM (right, with counter inside)! And the steps at bottom-left lead down into the pocket.
[kimi] 
[kimi]   Wait — if facing west shows LABORATORY and BREAK ROOM, those are on the... I'm facing west, so these are west/northwest/southwest of me. BREAK ROOM at screen-right = north-west?? Screen-right at yaw 89.7: right = (-fz, fx) = (-0.005, -1) = south. So screen-right = SOUTH. BREAK ROOM is to the south-west. LAB at screen-left = north-west. Hmm interesting.
[kimi] 
[kimi]   But hold on — my target is the MEETING ROOM, which per record 1 is... I saw MEETING ROOM near spawn (north end, x≈-2, z≈9). Also — wait, maybe I misread. The quest list said "Steal the CEO's laptop" and "Gain access to the archive". The record said record 2/3 is in MEETING ROOM.
[kimi] 
[kimi]   Hmm, but actually now I notice: this "south plaza" area with LAB/BREAK ROOM/stairs — the stairs I see at center (0.55, 0.4) ascend to the mezzanine (CEO OFFICE UPSTAIRS). The BREAK ROOM (right) matches the run-2 break room (NPC, counter).
[kimi] 
[kimi]   FIRST PRIORITY: get out of the pocket. The steps at bottom-left (0.15, 0.8) — they ascend westward out of the pocket? They're at screen-left = north?? At yaw 89.7 facing west: screen-left = north. So the steps are NW of me, ascending north?? 
[kimi] 
[kimi]   I'm confused again. Let me just move forward (west): the view ahead (west) shows open plaza floor with sunlight. The pocket edge/rim is at bottom-left. If I move forward (west) from (5.57,-5.94)... earlier west was blocked at x=5.57 (the fountain east wall). But maybe not at this exact spot... The bottom-left steps occupy the west path.
[kimi] 
[kimi]   Hmm, actually — wait. Look at the image again: the steps at bottom-left are OUTSIDE the pocket, descending INTO it? The white trim (pocket rim) curves at (0.2, 0.65). The steps (0.15, 0.85) descend from the plaza into the pocket — so from inside, I climb them going... they appear to ascend toward the upper-left (NW).
[kimi] 
[mcp] [08/08/26 07:04:39] INFO     Processing request of type            server.py:733
[mcp]                              CallToolRequest                                    
[supervisor] AI_PLAY received action batch for observation=97
[supervisor] AI_PLAY sending observation=98
[mcp] INFO:     127.0.0.1:49515 - "POST /mcp HTTP/1.1" 200 OK
[kimi]   Move forward (west) and see if I step up.Blocked. The rim is right in front (west). The steps are to the left (north? screen-left). Screen-left at yaw 89.7 = north (+z)? right = (-fz, fx) = (-0.005, -1) → right is -z = south. So screen-left = north. The steps are NORTH-WEST, i.e., at around (5.0, -5.5)?? But that's inside the pocket's north area... no wait, the pocket's north boundary is the platform at z=-4.3.
[kimi] 
[kimi]   Hmm, hold on. Actually maybe the pocket rim isn't rectangular. The steps descend from the plaza (y higher? no, plaza is y0.8 same)... 
[kimi] 
[kimi]   Wait wait. Look at the steps at bottom-left: they descend toward the bottom-left corner of the screen — INTO the pocket from the plaza. The steps' TOPS are at plaza level (y0.8?) and the pocket floor is LOWER (y0.3?)?? But my y reads 0.80... and the plaza floor also 0.80. Confusing.
[kimi] 
[kimi]   Let me look at the depth map: the steps (bottom-left) are very close/dark at bottom, ascending to the upper-left where the sunlit plaza is. The plaza beyond is BRIGHT (far). The rim/edge between me and the plaza is the white trim line.
[kimi] 
[mcp] [08/08/26 07:05:01] INFO     Processing request of type            server.py:733
[mcp]                              CallToolRequest                                    
[supervisor] AI_PLAY received action batch for observation=98
[supervisor] AI_PLAY sending observation=99
[mcp] INFO:     127.0.0.1:49575 - "POST /mcp HTTP/1.1" 200 OK
[kimi]   The steps appear to bridge the rim at the NW. If I move NW (forward + left... at yaw 89.7: forward = west. left = right=-1 = +z north). Move forward 0.7, right -0.7 → NW.Moved +z 1.382 (north) to (5.57, -4.56) — the NW diagonal slid me north along the fountain's east wall (x still 5.57). The steps are right beside me on the left (bottom-left, descending). The pocket's north boundary was at -4.30; I'm at -4.56, just south of it. The steps at bottom-left descend INTO the pocket from the WEST?? The white trim turns a corner right next to me.
[kimi] 
[kimi]   The steps are immediately left (north-west). Move forward (west) NOW — the steps should be right here.
[kimi] 
[mcp] [08/08/26 07:05:21] INFO     Processing request of type            server.py:733
[mcp]                              CallToolRequest                                    
[supervisor] AI_PLAY received action batch for observation=99
[supervisor] AI_PLAY sending observation=100
[mcp] INFO:     127.0.0.1:49699 - "POST /mcp HTTP/1.1" 200 OK
[kimi] • 公开决策记录：滑到池子西北角，台阶就贴在左侧。正向西上台。
[kimi] 
[kimi] • Blocked again at (5.57, -4.55). The steps descend right in front of me (bottom center-left) but there's a gap/rim. The steps' bottom edge is at the pocket floor level, right in front of me to the west. The block is the rim between me and the steps?? The steps START slightly elevated?
[kimi] 
[kimi]   Look: the steps at bottom-left (0.35, 0.85) — the lowest step is at the pocket's floor level... The white trim rim runs between us.
[kimi] 
[kimi]   Maybe approach with a small hop: jump + forward. Try jump then move west.
[kimi] 
[mcp] [08/08/26 07:05:39] INFO     Processing request of type            server.py:733
[mcp]                              CallToolRequest                                    
[supervisor] AI_PLAY received action batch for observation=100
[supervisor] AI_PLAY sending observation=101
[mcp] INFO:     127.0.0.1:49766 - "POST /mcp HTTP/1.1" 200 OK
[kimi] • 公开决策记录：台阶底就在眼前但被沿口挡住。跳跃配合前进尝试踏上第一级。
[kimi] 
[kimi] • Still blocked. The steps immediately west are visible at bottom-left, descending INTO the pocket. Wait — maybe the steps are blocked because they're above the rim... or because the FIRST step is at pocket level but there's a rail/trim.
[kimi] 
[kimi]   Actually, look VERY carefully at the bottom-left: the steps descend from the upper-left (plaza) down toward the bottom-left corner — and their lowest visible point is at the pocket floor. Between me and them is the white trim rim at (0.42, 0.72). The trim is like a 0.15m curb. Maybe the curb is what blocks me, and the steps start just beyond it. The curb might be step-up-able at the right angle.
[kimi] 
[kimi]   At obs 44-45, the step-up happened moving NE at (4.05,-5.03)→(4.58,-4.80). That spot is INSIDE the pocket?? x=4.05-4.58 is WEST of the fountain east wall (5.57)... no wait, that's outside the pocket (pocket x starts at 5.57). Hmm, so at obs 44 I was at x=4.05 — west of the pocket, in the plaza. So the plaza IS accessible west of x=5.57... from the SOUTH. And I can't get there from inside the pocket.
[kimi] 
[kimi]   WAIT. Actually — reconsider the whole geometry. What if the "pocket" IS the fountain basin, and the fountain east wall at x=5.57 only spans z from -4.3 to -5.94 (the pocket's west edge), and SOUTH of z=-5.94 or NORTH of -4.3 the way west is open? I tried north of -4.3 (blocked, platform face) and south (rim). 
[kimi] 
[kimi]   Alternatively the basin occupies x 5.57-7.16 × z -5.94 to -4.30 and I'm IN IT (wading). The steps at the NW... lead into the basin from the plaza (west). The curb between the steps and basin floor blocks me? A 0.15m curb shouldn't block...
[kimi] 
[kimi]   You know what — maybe the blocker is the WATER. Maybe deep water = blocked movement, and the steps are the only exit but require jumping onto the first step. Jump+move failed... maybe because the move happens after landing.
[kimi] 
[mcp] [08/08/26 07:06:05] INFO     Processing request of type            server.py:733
[mcp]                              CallToolRequest                                    
[supervisor] AI_PLAY received action batch for observation=101
[supervisor] AI_PLAY sending observation=102
[mcp] INFO:     127.0.0.1:50037 - "POST /mcp HTTP/1.1" 200 OK
[kimi]   Try: MOVE first, then JUMP at the end (jump while moving forward — momentum might carry over the curb).Blocked, jump didn't even report. I'm hard stuck at the pocket's NW corner against the curb.
[kimi] 
[kimi]   Hmm — the steps at bottom-left descend INTO the pocket. The stair run's lower end is IN the pocket, upper end on the plaza?? That means the pocket floor is LOWER than the plaza! But my y=0.80... and earlier plaza positions were also y≈0.80 (obs 36: (1.72,-5.83, y0.801)). Same height. So the steps span a rim that's... decorative?
[kimi] 
[kimi]   Actually WAIT. What if the steps at bottom-left aren't an exit but the SAME blocked stairs from obs 36-40 viewed from the other side? Those stairs were at (2.98,-5.1)... no, those were far west.
[kimi] 
[kimi]   Let me stop fixating on the west. The pocket boundaries: E=glass (7.16), S=rim (5.94), W=wall (5.57), N=platform (4.30). The NW corner steps lead nowhere (blocked). 
[kimi] 
[kimi]   What about the glass on the EAST? It looked like a glass PARTITION with an opening at its south end (obs 92: doorway visible at right edge). What if the glass wall at x=7.16 is actually the MEETING ROOM's glass wall, and it has a DOOR? The meeting room at the north end... no, this is z=-4 to -6, mid-lobby.
[kimi] 
[kimi]   Hmm, obs 92 showed at the right edge: a wooden door and stairs beyond the glass. If the glass panel's south end is at z=-5.94 (the SE corner), and south of that... is the rim. Blocked.
[kimi] 
[kimi]   Let me try the NE corner more carefully: at (7.16,-4.30), try NORTH-EAST diagonal with jump... tried variants. 
[kimi] 
[kimi]   OK completely different idea: CROUCH? Sometimes crouch allows passing under things or changes collision. Unlikely.
[kimi] 
[kimi]   Actually — hold on. Let me re-examine: maybe I never verified the pocket's west wall fully. At obs 98-99, NW diagonal moved me NORTH +1.38 (from -5.94 to -4.56) at x=5.57 — sliding along the west wall. The wall runs the full depth. 
[kimi] 
[kimi]   And at obs 99→100: pure west blocked at (5.57,-4.55). The steps were right there... 
[kimi] 
[kimi]   You know what, let me try CROUCH + move west over the curb. Or crouch-move under... try it: crouch then move.
[kimi] 
[mcp] [08/08/26 07:06:32] INFO     Processing request of type            server.py:733
[mcp]                              CallToolRequest                                    
[supervisor] AI_PLAY received action batch for observation=102
[supervisor] AI_PLAY sending observation=103
[mcp] INFO:     127.0.0.1:50130 - "POST /mcp HTTP/1.1" 200 OK
[kimi] • 公开决策记录：常规跳移无效。尝试蹲下移动越过矮沿。
[kimi] 
[kimi] • Crouch didn't help either. I'm thoroughly stuck in this basin pocket.
[kimi] 
[kimi]   Let me reconsider ONE more time whether the pocket is truly enclosed. Verified free movements within pocket:
[kimi]   - N-S movement along x=5.57 (west wall): from -5.94 to -4.56 free
[kimi]   - N-S at x=5.93 and x=7.15 free between -5.94 and -4.30
[kimi]   - E-W along z=-5.94: free between 5.57 and 7.16
[kimi]   - E-W along z=-4.30: free between ~7.15 and 6.61 (blocked at 6.61 by... something — maybe the NW stair post)
[kimi] 
[kimi]   So interior free. All 4 boundaries blocked to walking. Jumps don't clear (apex too low or jump blocked by overhang?). 
[kimi] 
[kimi]   Hmm wait — actually, is there really an overhang? At obs 45 I reached y=0.94 at (4.58,-4.80) and obs 47 y=1.499 — those were OUTSIDE the pocket (x<5.57). 
[kimi] 
[kimi]   What got me INTO the pocket: falling from the platform (y1.3) over its south edge into the basin. The game allows falling in but not climbing out — a genuine trap. UNLESS the platform edge I fell from can be re-mounted: the platform south face at the pocket's north side (z=-4.30). Height from pocket floor (0.80) to platform (1.30) = 0.50m. Walking into it is blocked; jump apex insufficient? Test jump alone and observe y mid-jump: jump, then immediately observe? Each act returns after the whole batch. A batch [jump] returns after landing probably. Can't catch mid-air.
[kimi] 
[kimi]   Hmm, but wait: obs 70 was captured MID-FALL (on_floor false, y=1.17) after a batch of 2 sprints. So batches can end mid-air. So [move blocked→jump never happened]... For vaulting: [jump][jump]? No.
[kimi] 
[kimi]   What about sprint+jump ordering: [sprint 250 forward][jump]: the sprint is blocked (no motion), then jump executes but without momentum... At obs 101→102 the batch [move(blocked)][jump] — the result shows only move blocked; jump not in last_action_results... actually last_action_results showed only [{"status":"blocked","type":"move"}] — the jump result missing?? Maybe jump failed validation because I was... hmm, or the results got truncated.
[kimi] 
[kimi]   New idea — the STAIRS at the pocket's NW: I keep assuming they lead up-west to the plaza. Their lowest step is inside the pocket. When I move west toward them I'm blocked by the rim curb. But maybe I need to be aligned with the stair CENTER. The stair run is at the NW corner; its center might be at x≈5.4, z≈-4.7?? I'm at (5.57,-4.55). The stairs in view at bottom-left span screen x 0.05-0.4 → quite left = north-west. 
[kimi] 
[mcp] [08/08/26 07:07:02] INFO     Processing request of type            server.py:733
[mcp]                              CallToolRequest                                    
[supervisor] AI_PLAY received action batch for observation=103
[supervisor] AI_PLAY sending observation=104
[mcp] INFO:     127.0.0.1:50225 - "POST /mcp HTTP/1.1" 200 OK
[kimi]   Try moving north first (to -4.35), then west.At (5.57, -4.30) — the pocket's NW corner. West (forward) blocked. The stairs are right at the corner. This is maddening.
[kimi] 
[kimi]   DECISION TIME (obs 104/300): This pocket appears to be a genuine trap with no walkable exit that I can find, and jumps don't clear the rims. Every boundary is blocked. If truly stuck, the run will fail at 300 requests. But before concluding that, consider: maybe I haven't tried the NE-corner diagonal carefully, or walking the EAST glass... Actually, let me check ONE more spot: the pocket's NE corner (7.16, -4.30): north blocked, east blocked, but what about NE diagonal there? Obs 86-87: at (7.16,-5.94) NE diag moved only north 0.69. Never tried NE at (7.15,-4.30).
[kimi] 
[kimi]   Also never tried: NW diagonal at (5.57,-4.30) — the corner with the stairs: forward=0.7 (west), right=-0.7 (north)... 
[kimi] 
[kimi]   And: maybe the stairs at NW are climbable if I approach from SOUTH-EAST of them heading NW — i.e., from (5.9, -5.3) heading NW toward the stair run at (5.3, -4.6). The stair run direction: the steps ascend westward. Their base... 
[kimi] 
[kimi]   Honestly, let me try approaching the stair base from inside: the stair lowest step is at the pocket's NW corner. From (5.57,-4.55) moving west = INTO the stair's side maybe. The stair run might extend along the west wall from z=-4.3 to -5.3, ascending northward?? In the view (obs 103/104), the steps at bottom-left ascend toward the upper-left = north-west.
[kimi] 
[kimi]   Try from current (5.57,-4.30): move forward 0.7 right 0.7 (SW... at yaw 89.7: forward=west(-1,0); right=(-fz,fx)=(0,-1)=south. right +0.7 = south 0.7. forward 0.7 + right 0.7 = WSW... hmm I want NW = forward 0.7, right -0.7.
[kimi] 
[kimi]   Just try it.
[kimi] 
[mcp] [08/08/26 07:07:29] INFO     Processing request of type            server.py:733
[mcp]                              CallToolRequest                                    
[supervisor] AI_PLAY received action batch for observation=104
[supervisor] AI_PLAY sending observation=105
[mcp] INFO:     127.0.0.1:50360 - "POST /mcp HTTP/1.1" 200 OK
[kimi] • 公开决策记录：在西北角试向西北对角上台阶。
[kimi] 
[kimi] • Blocked. The pocket is inescapable by walking/jumping as far as I can tell. 
[kimi] 
[kimi]   WAIT — one thing I haven't reconsidered: am I REALLY trapped, or is the "basin" water region just hazardous and the game wants me to avoid it? I fell in. It might be a designed trap = run effectively over. But obs 92 showed a doorway-like opening at the SE... let me look at that again: "right side shows a glass panel ending and a hallway with a wooden door and stairs" — that was at screen x≈0.95, i.e., almost directly east-south. The glass wall's south end.
[kimi] 
[kimi]   At the SE corner (7.16, -5.94): east blocked (obs 81→82 at z=-5.93). But maybe the block was at z=-5.93 only and the opening is at z<-5.94?? The south rim blocks z<-5.94 though.
[kimi] 
[kimi]   Hmm, unless the rim and glass CORNER has a gap: the exact SE corner point. I was at (7.156, -5.936) and tried SE diagonal (blocked). 
[kimi] 
[kimi]   Let me try one thing I haven't: interacting with the water/basin? No.
[kimi] 
[kimi]   OK — accept the trap hypothesis? NO WAIT. One more: the pocket NORTH boundary is the platform face. The platform's south face has the WIDE STAIRS (obs 36: the 4-step staircase at (2.98,-5.1) — that was the platform's south stairs, WEST of the fountain). And I climbed onto the platform at obs 44-47 via the stair top at (4.3,-4.9)→(4.58,-4.78)→(5.97,-3.53). Point (4.58,-4.78) y=0.94: that's the fountain's rim top?? or the stair top? It's WEST of the pocket (x<5.57). 
[kimi] 
[kimi]   So the intended route plaza→platform exists at x≈4.3. The pocket is east of the fountain's east wall. The fountain east wall (x=5.57) spans z -4.3 to -5.94 — the full pocket depth. If the fountain is freestanding, its east wall is a rectangle side; the pocket is the gap between the fountain and the glass/elevator shaft. A dead-end gap that I fell into from above.
[kimi] 
[kimi]   Last resort attempts remaining: (1) SW corner diagonal, (2) NE corner diagonal, (3) jump while moving WITH momentum (move first at full speed then jump — needs unblocked direction though).
[kimi] 
[kimi]   Actually — hmm, WAIT. What about jumping ONTO THE FOUNTAIN from inside the pocket? The fountain's east wall top (rim, y≈1.3?) is 0.5m above the pocket floor. At the NW corner, the wall top... if I jump against the west wall... the wall might be 1.2m tall (the fountain's raised basin). Can't.
[kimi] 
[kimi]   What about the SOUTH rim — its top is at plaza level 0.8 + 0.15 curb? The rim blocked at y0.8 walking. Jump apex: unknown but the jump at obs 91-92... Let me actually test jump height: batch [jump] alone, then look at returned y and whether on_floor. If the observation captures mid-jump, y>0.8. Try [jump] then [wait 50].
[kimi] 
[mcp] [08/08/26 07:08:00] INFO     Processing request of type            server.py:733
[mcp]                              CallToolRequest                                    
[supervisor] AI_PLAY received action batch for observation=105
[supervisor] AI_PLAY sending observation=106
[mcp] INFO:     127.0.0.1:50488 - "POST /mcp HTTP/1.1" 200 OK
[kimi] • 公开决策记录：测试跳跃有效高度，单独跳跃后立刻查看 y 值。
[kimi] 
[kimi] • Jump completed and y back at 0.801 — landed already. Can't measure apex.
[kimi] 
[kimi]   Time for a hard decision. I've spent obs 106/300. The pocket seems inescapable on foot. Options:
[kimi]   A) Keep trying corner diagonals (SE corner untested at exact corner, SW corner, NE at top...). 
[kimi]   B) Accept trap, waste to 300.
[kimi] 
[kimi]   Actually — WAIT. Big realization: maybe the pocket's west boundary (x=5.57) is NOT the fountain. At obs 94-104 views facing west/north, the FOUNTAIN is the dark structure at the LEFT edge (0.05-0.25 of frame) — visible in obs 94/95/96 at the left as a dark textured wall. At yaw 179.7 (obs 94), screen-left = EAST (+x). So the dark wall at screen-left is at x>5.57?? That's the glass partition (east wall, x=7.16)... no, at (5.57,-5.94) the glass is 1.6m east — would appear at screen-left edge, plausible.
[kimi] 
[kimi]   And the steps (obs 94, bottom-right = SW) at (5.2, -6.3): SOUTH-WEST = beyond the pocket's SW corner — OUTSIDE the pocket (z < -5.94, x < 5.57). The steps bridge the SOUTH rim at the SW corner! They're at the corner where the fountain's east wall meets the south rim. To reach them: I'm at the corner (5.57,-5.94)... blocked diagonally (obs 94-96).
[kimi] 
[mcp] [08/08/26 07:08:27] INFO     Processing request of type            server.py:733
[mcp]                              CallToolRequest                                    
[supervisor] AI_PLAY received action batch for observation=106
[supervisor] AI_PLAY sending observation=107
[mcp] INFO:     127.0.0.1:50681 - "POST /mcp HTTP/1.1" 200 OK
[kimi]   Hmm, unless the steps' base is reachable from the corner with precise alignment: face the steps directly (yaw ≈ 35-55) and walk. From yaw 89.7, turn input... yaw 89.7 → 45: decrease 45 → input +45. One turn. Then walk forward (SW).Wait — I moved EAST (+x 0.357) to (5.93, -4.30), and turned to yaw 134.7 (facing NW: forward = (-0.71, 0.71)). Now I see: the platform desk row right next to me on the LEFT (screen-left = SW?), a wide sunlit floor ahead (the pocket interior?), the LABORATORY and CEO stairs in the distance, and at bottom-right — the pocket rim and BEYOND it, floor.
[kimi] 
[kimi]   Hmm wait, this view at yaw 134.7 (NW): screen shows the pocket's interior bottom-right (dark), the rim... and the LAB/stairs area far ahead — that's NORTH-WEST. But NW should be the platform!? Unless the platform ENDS and there's open floor NW of the pocket...
[kimi] 
[kimi]   The desk row on the left (with red chair) is ON the platform — it's at screen-left = SW?? At yaw 134.7, screen-left = right=-1 direction = ... right = (-fz, fx) = (-0.71, -0.71) = SW. So the platform desks are SW of me. And ahead (NW) is open floor leading to LAB/CEO stairs.
[kimi] 
[kimi]   WAIT — that means the pocket's NORTH boundary at x=5.93 is NOT the platform! The platform is WEST-SOUTH-WEST. North-west is OPEN. Did I misjudge? The blocks at z=-4.30: those were... the platform desk row's south end extends only to x≈5.9? And NW of (5.93,-4.30) is open floor!
[kimi] 
[kimi]   Let me verify by moving forward (NW): forward 1, 250ms.
[kimi] 
[mcp] [08/08/26 07:08:52] INFO     Processing request of type            server.py:733
[mcp]                              CallToolRequest                                    
[supervisor] AI_PLAY received action batch for observation=107
[supervisor] AI_PLAY sending observation=108
[mcp] INFO:     127.0.0.1:50910 - "POST /mcp HTTP/1.1" 200 OK
[kimi] • 公开决策记录：转角后发现西北方向竟是开阔地（平台桌列在西南侧）。立即向西北走出。
[kimi] 
[kimi] • Moved -x 0.358 (west) back to (5.57, -4.30) then blocked. So forward (NW) slid west along the north boundary. The "open floor" NW was an illusion — the boundary wall is there.
[kimi] 
[kimi]   I'm now confident: the pocket x∈[5.57,7.16], z∈[-5.94,-4.30] is enclosed by ~waist-high rims/walls, jumps don't clear, no stairs reachable. This is a trap I fell into from the platform.
[kimi] 
[kimi]   Remaining trick: maybe jump DOES give height but the move afterwards is what matters — the jump arc lasts maybe 500ms. If I do [jump][move 50ms], the move might execute while... no, sequential: jump fully completes then move runs.
[kimi] 
[kimi]   What about [move 50ms][jump][move 50ms]? If the first move is unblocked (interior), I gain momentum, jump mid... but jump blocks horizontal input?
[kimi] 
[kimi]   Try a different escape: SPRINT at the rim then jump? [sprint 250 N][jump] — sprint blocked immediately, jump then... At obs 101-102 [move blocked][jump not shown in results] — the jump after a blocked move may not have executed.
[kimi] 
[kimi]   Honestly, one more idea: THE WATER. Maybe the basin water region slows/blocks, but the RIM (white trim) is WALKABLE — walk ON TOP of the rim. The rim is at the pocket's edge. If I could get on the rim... The rim is where "blocked" happens. 
[kimi] 
[kimi]   And the LAST possibility: the game's "stuck" failsafe — sometimes walking into a corner repeatedly teleports... no.
[kimi] 
[kimi]   PRAGMATIC CALL: I've spent ~40 requests trapped. ~190 left. The run requires: record 2 (MEETING ROOM), record 3 (unknown), then ARCHIVE code. Even if I escape, fine. But if I can't escape, it's over regardless. Keep trying escape for a few more requests, focusing on the rim tops: try jumping ONTO the north platform face rim while moving north — the face top is at y1.3 (0.5 above). Jump apex might be ~0.5-0.6. The issue may be that jump+move runs sequentially. What if I put move FIRST at a FREE direction then jump then move toward the wall? Momentum doesn't persist between actions (planar_velocity resets to ~0 after each batch).
[kimi] 
[kimi]   Try: [jump][move 50ms] vs [jump][move 250]: maybe the move starts while still airborne if jump's duration < move start? The results at obs 87-88 (jump+move south) moved 0.693 — normal walk distance. Inconclusive.
[kimi] 
[kimi]   Let me try [jump][move 50] at the north face — short move right after jump might catch airtime.
[kimi] 
[mcp] [08/08/26 07:09:22] INFO     Processing request of type            server.py:733
[mcp]                              CallToolRequest                                    
[supervisor] AI_PLAY received action batch for observation=108
[supervisor] AI_PLAY sending observation=109
[mcp] INFO:     127.0.0.1:51035 - "POST /mcp HTTP/1.1" 200 OK
[kimi] • 公开决策记录：尝试跳跃后接 50ms 短步北移，利用滞空瞬间越沿。
[kimi] 
[kimi] • No good. Interesting detail though: this view (yaw 134.7, NW) shows the platform desk row on the LEFT and what appears to be a CONTINUATION of the floor ahead (NW) toward the LAB area — with the pocket rim (white trim) curving at bottom-right. The floor ahead-left (beyond the desk row) looks continuous with where I stand... The desk row's SOUTH END is right beside me. The platform edge...
[kimi] 
[kimi]   WAIT. Actually — I just realized: maybe I'm NOT in a fountain basin. Maybe this "pocket" is a SUNKEN SEATING area or just the lobby floor, and the platform's south edge is the z=-4.3 line. The desk row sits ON the platform. The "white trim" is the platform's edge. The glass wall east is the MEETING ROOM's south glass wall!? And the LAB/CEO area is across the lobby to the WEST.
[kimi] 
[kimi]   If the floor I'm on is the normal lobby floor, then the escape WEST should be possible... but x=5.57 blocks. What's at x=5.57, z -4.3 to -5.94? In the current view (facing NW), at screen-left-bottom there's the desk row (on platform, elevated). The white trim curves from bottom-center to the right. Hmm.
[kimi] 
[kimi]   You know what? Let me try the LAST untested corner: NE diagonal from the NE corner (7.16, -4.30): east+north both blocked separately, but maybe the diagonal slides through a corner gap. And SE from SE corner. And if those fail... I'll consider the run lost and stop wasting requests? NO — rule: keep playing until game_over. But burning 190 requests on a trap is pointless. Yet giving up isn't allowed either; there's no concede. I should keep exploring the trap efficiently.
[kimi] 
[mcp] [08/08/26 07:09:50] INFO     Processing request of type            server.py:733
[mcp]                              CallToolRequest                                    
[supervisor] AI_PLAY received action batch for observation=109
[supervisor] AI_PLAY sending observation=110
[mcp] INFO:     127.0.0.1:51136 - "POST /mcp HTTP/1.1" 200 OK
[kimi]   Hmm, actually — hold on, what about the SOUTH-WEST diagonal from the NW corner toward the steps? The steps were at (5.2, -6.3). From (5.57, -4.30)... that's the SW direction along the west wall. Move forward=0, right=+... at yaw 134.7: right = (-0.71, -0.71) SW. So pure right=+1 moves SW along... let me try right=1 250ms from here.NOW I see it clearly! This view (facing NW) shows: the white-railed STEPS at center-bottom (0.5, 0.75) — a short 3-step staircase ascending from the pocket toward the NORTH-WEST onto the sunlit plaza! The steps are right in front of me. They connect the pocket floor (dark, bottom) up to the plaza (bright). The water/basin is to the LEFT of the steps (bottom-left).
[kimi] 
[kimi]   I moved -z 1.457 to (5.57, -5.76). The steps are ahead-left. Walk up them: move forward (NW) toward the steps.
[kimi] 
[mcp] [08/08/26 07:10:10] INFO     Processing request of type            server.py:733
[mcp]                              CallToolRequest                                    
[supervisor] AI_PLAY received action batch for observation=110
[supervisor] AI_PLAY sending observation=111
[mcp] INFO:     127.0.0.1:51321 - "POST /mcp HTTP/1.1" 200 OK
[kimi] • 公开决策记录：看清了：正前方偏左有台阶通往高处的广场。对准台阶向上走。
[kimi] 
[kimi] • Moved +z 1.114 to (5.57, -4.64) — slid along the west wall north again, but the steps are at bottom-right now (descending away). The step run is right there at the rim corner. The rim (white trim) curves: it runs N-S beside me, then turns. The steps are at the CORNER where the rim turns — around (5.5, -4.9)?
[kimi] 
[kimi]   Looking at the image: bottom-right shows the steps' side, descending to the SE. The rim's outside corner is at (0.7, 0.7). The steps ascend from the pocket (SE, where I am) to the plaza (NW)... but they're oriented perpendicular to my approach.
[kimi] 
[mcp] [08/08/26 07:10:33] INFO     Processing request of type            server.py:733
[mcp]                              CallToolRequest                                    
[supervisor] AI_PLAY received action batch for observation=111
[supervisor] AI_PLAY sending observation=112
[mcp] INFO:     127.0.0.1:51502 - "POST /mcp HTTP/1.1" 200 OK
[kimi]   Try moving diagonally right: forward 0.5 right 0.5 (N-NW + SW??) — at yaw 134.7: forward=(-0.71,0.71) NW; right=(-0.71,-0.71) SW. forward+right = (-1.42, 0) = WEST. Move forward 0.7 right 0.7 → due west onto the rim/steps.Blocked again. The steps are at bottom-right descending; I'm right at the rim's inner corner. The steps ascend from SE (pocket) to NW (plaza) — I need to be SOUTH-EAST of the steps' base to climb them NW-ward. The steps base is at the pocket's south... 
[kimi] 
[kimi]   I keep sliding along the west wall. The steps are BEHIND the rim corner from my position. Position (5.57, -4.63); steps base around (5.9, -5.2)? The steps in obs 110 were centered at screen (0.5, 0.8) from (5.57,-5.76) facing NW — that put them NW of me then... at (5.3, -5.0)?? Now at (5.57,-4.63) they're behind-right = SE. Contradiction... unless the steps are right AT the west wall around z=-5.2, and from north of them they appear behind.
[kimi] 
[kimi]   Let me go back south to (5.57,-5.76) and this time approach the steps head-on: they appeared centered when facing NW from there. The steps' run direction: they were parallel to my view direction (NW-SE). So from (5.57,-5.76), walking NW should climb them. But obs 110→111 I walked forward+0.2 and slid north along the wall without climbing (y stayed 0.80). The steps must be slightly WEST of the wall line — separated by the rim curb.
[kimi] 
[kimi]   Maybe climb the steps from their EAST side: the steps are BETWEEN the rim curb and the west wall?? 
[kimi] 
[mcp] [08/08/26 07:10:57] INFO     Processing request of type            server.py:733
[mcp]                              CallToolRequest                                    
[supervisor] AI_PLAY received action batch for observation=112
[supervisor] AI_PLAY sending observation=113
[mcp] INFO:     127.0.0.1:51581 - "POST /mcp HTTP/1.1" 200 OK
[kimi]   Screw it — brute force micro-approach: go to (5.57,-5.5), face the steps (they're to the west), and push west with small moves while drifting north/south to find the climbable point. Face west: yaw 89.7 (input +45 from 134.7).Now facing west (yaw 89.7) at (5.57, -5.05). The steps are bottom-LEFT (0.3, 0.85) — the 3-step run ascending... to the NORTH-WEST? The white trim rim juts out at center (0.42, 0.62). The steps appear to be the rim's end: they go from the pocket floor (bottom-left) UP to the plaza level at upper-left.
[kimi] 
[kimi]   Wait, I finally get the geometry! The steps at bottom-left ascend from bottom (pocket, low) toward upper-left (plaza, high). So the PLAZA IS ELEVATED ~0.5m above the pocket! The pocket is a sunken strip along the windows. That's why everything blocks: the pocket is a sunken planter/water strip, and the STEPS at its south end (or this west end?) lead up.
[kimi] 
[mcp] [08/08/26 07:11:21] INFO     Processing request of type            server.py:733
[mcp]                              CallToolRequest                                    
[supervisor] AI_PLAY received action batch for observation=113
[supervisor] AI_PLAY sending observation=114
[mcp] INFO:     127.0.0.1:51653 - "POST /mcp HTTP/1.1" 200 OK
[kimi]   The steps at bottom-left: their treads face me, ascending away to the NW. Walk toward them: they're slightly left. Move forward (west) with slight left drift: at yaw 89.7, left = right=-1 = (0, 1)?? right = (-fz, fx) = (-0.005, -1) = south. left = north = (0,1). The steps are screen-left = north side. Move forward 0.8, right -0.4.I keep sliding north along the x=5.57 wall (now at z=-4.43). The steps stay at bottom-left, always out of reach — the rim curb separates me from them. The steps are WEST of the rim, I'm EAST of it.
[kimi] 
[kimi]   So the steps belong to the PLAZA side, descending into the pocket... but the curb between us. Argh.
[kimi] 
[kimi]   OK here's the FINAL realization attempt: the rim/curb (white trim) is maybe 0.2m tall. Walking into it blocks. BUT the steps interrupt the curb. The steps' location: they appear at bottom-left when facing west from x=5.57, z -4.4 to -5.8. Screen-left (south-west...). At yaw 89.7, screen-left = north?? No wait: right = south (computed earlier: right=(−0.005,−1) = -z = south). So screen-left = NORTH. The steps at screen bottom-left = NORTH and CLOSE. So the steps are at around (5.2, -4.0)?! North of me — but that's where the pocket's "north boundary" (platform) blocked at z=-4.30!!
[kimi] 
[kimi]   The steps ARE at the pocket's north edge — they ascend from the pocket (low) to the NORTH onto the sunlit area (which I called "platform" but is actually just the elevated north plaza, y≈1.3?). The platform with the desks is at y 1.3. YES — the CUBICLE AREA platform occupies the north-east; its south edge is the z=-4.3 wall, and the STAIRS at the pocket's NW are the way UP onto it.
[kimi] 
[kimi]   But walking into them blocks... because I'm pressing the x=5.57 WEST wall simultaneously? The stair run's center is at x≈5.3 (west of the wall line)? Then from inside the pocket I can never align with the stair center because the wall blocks x<5.57.
[kimi] 
[kimi]   Unless the stair run is at x>5.57: let me test by probing the x-position: from (5.57,-4.43), move EAST a bit then NORTH. The stair visible portion spans screen x 0.1-0.45 — mostly left (north). Hmm.
[kimi] 
[kimi]   Let me try: move to the NE corner area (6.5, -4.3) — no wait, obs 89-90: at z=-4.3, west blocked at 6.61. What blocked there? Maybe THE STAIRS' EAST POST! The stairs might be at x≈6.3-6.6, z=-4.3, ascending north. The block at 6.61 could be the stair's east railing, and the stair entrance is just east of it!
[kimi] 
[kimi]   From (5.57,-4.43): move east along z=-4.3 line to x≈6.7, then try north. I did obs 89→90: from 7.15 west to 6.61 blocked. So between 6.61 and 7.15 along the face — blocked northward at 7.15 (obs 83-84) but never tried northward at x≈6.6-6.9!
[kimi] 
[mcp] [08/08/26 07:11:55] INFO     Processing request of type            server.py:733
[mcp]                              CallToolRequest                                    
[supervisor] AI_PLAY received action batch for observation=114
[supervisor] AI_PLAY sending observation=115
[mcp] INFO:     127.0.0.1:51735 - "POST /mcp HTTP/1.1" 200 OK
[kimi]   GO: move east (right=+1 at yaw 89.7 → (0.005, -1)?? no! right at yaw 89.7 = (-fz, fx): forward=(-1, 0.005), right = (-0.005, -1) = south. EAST = -x = ... I need +x?? no wait east = +x. Which input gives +x? forward = -x (west). -forward = +x (east). So move forward=-1 (east), keeping z≈-4.4. Then when x≈6.7, face north (turn) and push north.Moved east 0.357 to (5.93, -4.43), then blocked. The steps now appear closer at bottom-center-left (0.45, 0.75) — the white steps with dark treads, RIGHT THERE. They ascend to the north (up-left). Their base is just west of me at (5.7, -4.5)?
[kimi] 
[mcp] [08/08/26 07:12:17] INFO     Processing request of type            server.py:733
[mcp]                              CallToolRequest                                    
[supervisor] AI_PLAY received action batch for observation=115
[supervisor] AI_PLAY sending observation=116
[mcp] INFO:     127.0.0.1:51999 - "POST /mcp HTTP/1.1" 200 OK
[kimi]   Wait, actually — the steps now appear dead ahead-left. The steps' base at bottom-center (0.45, 0.85). Face them directly and climb: they're to the WSW. Turn left slightly (input -15 → yaw 104.7 = forward (-0.97, -0.26) WSW) then forward.I moved back WEST to (5.57, -4.33) (the move went WNW). Now facing WSW (yaw 104.7). I can see the whole south lobby: stairs far left (the platform's west stairs), LABORATORY center, CEO OFFICE UPSTAIRS right, the mezzanine stairs right. And the pocket rim at bottom-center — the steps at bottom-center (0.5, 0.8) descend toward me!
[kimi] 
[kimi]   Those steps at bottom-center: they bridge the rim right in front of me. Walk forward (WSW) onto them? Forward = (-0.966, -0.259) = west-southwest. The steps are ahead. GO forward 250 ×2.
[kimi] 
[mcp] [08/08/26 07:12:38] INFO     Processing request of type            server.py:733
[mcp]                              CallToolRequest                                    
[supervisor] AI_PLAY received action batch for observation=116
[supervisor] AI_PLAY sending observation=117
[mcp] INFO:     127.0.0.1:52068 - "POST /mcp HTTP/1.1" 200 OK
[kimi] • 公开决策记录：台阶在正前方下方。直接向前走上台阶。
[kimi] 
[kimi] • Blocked. I've now tried essentially every angle into/out of this pocket. ~117/300 requests used.
[kimi] 
[kimi]   Let me think about the steps ONE more time. The steps bottom-center descend INTO the pocket from the plaza. Their treads face me. They are ~1.5m away. The rim curb is between us. The curb is maybe 0.1-0.2m. The game blocked me stepping over it everywhere.
[kimi] 
[kimi]   WAIT — what about the stairs' LOWER END: the steps descend from plaza (NW, high) to pocket (SE, low). Their lowest step should be AT the pocket floor, reachable. The steps look like they END at the rim, bottom step at (0.5, 0.9) below the rim line. Maybe the steps are INSIDE the pocket already (between the curb and me)! The white treads at bottom-center ARE on my side!
[kimi] 
[kimi]   If the steps are on my side, walking forward should have climbed them... blocked though. Unless the step rise is too high for walking and needs... 
[kimi] 
[kimi]   Hmm, what if the movement system can't do stairs while sprinting but can while walking slowly? I tried walks. What if I need to be EXACTLY centered? The stair center at screen (0.5, 0.85). I'm facing WSW; the stair center is slightly LEFT of my heading. Nudge right=+0.3 (south?) no...
[kimi] 
[kimi]   Time management: 117 used. Realistically, if I haven't escaped by ~150, cut losses. Actually — one more IMPORTANT idea I haven't tried: the E key "interact2" — no. The ELEVATOR BUTTON (red button on the mezzanine stairs)! The briefing mentions elevator buttons trigger升降平台 (lifting platforms). At obs 16/75 there was a RED DOT on the staircase structure N of the pocket (at (0.72, 0.4) in obs 75). Maybe that's an elevator button that raises/lowers a platform — possibly the intended way between levels! And the "stairs" I keep failing to climb might actually be a LIFT platform that needs the button!
[kimi] 
[kimi]   But I can't reach the button from inside the pocket anyway (it was on the platform side).
[kimi] 
[kimi]   FINAL practical idea: sweep the pocket's EAST glass with small northward pushes along its length — maybe there's a door gap in the glass around z=-5.0. From (5.57,-4.33): go south to (5.57,-5.0), east to (7.16,-5.0), then north... no wait east blocked at 7.16, north at -4.3. The glass might have a door I can INTERACT with (operable_door). At obs 92 I saw a wooden door beyond the glass at the SE. If the glass has a door, probe it!
[kimi] 
[mcp] [08/08/26 07:13:09] INFO     Processing request of type            server.py:733
[mcp]                              CallToolRequest                                    
[supervisor] AI_PLAY received action batch for observation=117
[supervisor] AI_PLAY sending observation=118
[mcp] INFO:     127.0.0.1:52239 - "POST /mcp HTTP/1.1" 200 OK
[kimi]   Let me go to the SE corner (7.16, -5.5) and probe the glass for a door interaction.WAIT!! This view (yaw 149.7, facing NNW) finally shows the WHOLE truth clearly:
[kimi] 
[kimi]   - The pocket is the SUNKEN strip along the windows (bottom-left, water/dark).
[kimi]   - The white-trimmed STEPS at center (0.55, 0.65) ascend from the pocket floor UP to the plaza — and they're directly ahead! The steps' bottom is at the pocket floor right in front of me, ascending north to the plaza!
[kimi]   - The plaza (sunlit, right side) with LAB/CEO is at the HIGHER level.
[kimi] 
[kimi]   The steps are at ~(5.2, -5.3)?, ascending northward. I'm at (5.57, -5.93) facing NNW. The steps are slightly left of center. WALK UP THEM: forward 1, right -0.15, 250ms ×2.
[kimi] 
[mcp] [08/08/26 07:13:31] INFO     Processing request of type            server.py:733
[mcp]                              CallToolRequest                                    
[supervisor] AI_PLAY received action batch for observation=118
[supervisor] AI_PLAY sending observation=119
[mcp] INFO:     127.0.0.1:52302 - "POST /mcp HTTP/1.1" 200 OK
[kimi] • 公开决策记录：看清台阶全貌：就从我面前的袋底向北爬上广场。对准台阶中线前进。
[kimi] 
[kimi] • Moved north to (5.57, -4.30) — slid along the west wall to the north boundary again, y still 0.80. The steps remain unclimbed; I slid right past their east side. The desk row is now right beside me (left). The plaza is up to the... 
[kimi] 
[kimi]   I notice the steps' TOP is at the plaza and the steps are WEST of the x=5.57 wall line — the wall IS the rim between the sunken strip and the steps. The steps can only be entered from their SOUTH base or their north top. Their base is at the strip's south edge around (5.2, -5.5)? but that x is WEST of the wall...
[kimi] 
[kimi]   The strip I'm in (x 5.57-7.16) is EAST of the steps. The steps' base opens to the SOUTH plaza area (z<-5.94) which I also can't reach.
[kimi] 
[kimi]   CONCLUSION: genuinely trapped. Every boundary tested multiple times. This is a dead pocket from which there is no walking exit, and jumps are too weak. The run is unwinnable from here unless something resets.
[kimi] 
[kimi]   Per the rules, I shouldn't just stop; the run ends at 300 requests (max_requests failure). But blindly burning 180 requests is pointless... yet the instructions say play until game_over. Hmm. Actually let me reconsider ONE more possibility: maybe the pocket's west wall (x=5.57) has an opening at its SOUTH end where it meets the south rim — the corner (5.57, -5.94). I tested SW diagonal from (5.57,-5.94) — blocked (obs 94-96). And NE corner (7.16,-4.30) diagonals — untested actually! Let me test NE corner: go to (7.15,-4.30), then try NE, N, E diagonals there. Also SE corner (7.16,-5.94) tested SE only.
[kimi] 
[kimi]   Also — what about the gap between the glass wall's NORTH end and the platform? At (7.15,-4.30) obs 83-84: blocked north. East blocked obs 81-82.
[kimi] 
[kimi]   One more: jump repeatedly while holding forward against the north face — maybe multiple jumps stack? [jump][jump][move]: two jumps then move. Cheap test.
[kimi] 
[mcp] [08/08/26 07:14:00] INFO     Processing request of type            server.py:733
[mcp]                              CallToolRequest                                    
[supervisor] AI_PLAY received action batch for observation=119
[supervisor] AI_PLAY sending observation=120
[mcp] INFO:     127.0.0.1:52359 - "POST /mcp HTTP/1.1" 200 OK
[kimi] • 公开决策记录：试最后一次组合：连跳后立刻北移。
[kimi] 
[kimi] • Double jump + move still blocked. 
[kimi] 
[kimi]   Hmm wait — one crucial re-examination. Look at the CURRENT screenshot: the desk row (with red chairs) is right beside me on the LEFT, at MY LEVEL — I can see under the desks, chair bases at my feet level. The "platform" here is NOT elevated relative to me at this spot! The desk area floor = my floor (0.80).
[kimi] 
[kimi]   And at obs 47-48 I stood ON the platform at y=1.30-1.50 near the record desk. So the desk row spans both levels? The desk row is at y≈0.8 here (z=-4.3) but the record desk was at y1.3 (z=-2.5)... the platform slopes? No — the record desk area was elevated.
[kimi] 
[kimi]   Wait, no. Look again at this screenshot: the floor I'm on (bottom of frame, light tan) is CONTINUOUS with the floor under the desks (same plane, same shading). The white trim "rim" at bottom-right curves away. So at THIS spot (5.57, -4.30), the floor continues west under the desks at the same level!! Then why was west blocked at x=5.57??
[kimi] 
[kimi]   Because of the desk row's furniture collision? The nearest desk's south end is right there. The gap between the desk's south end and the rim corner might be walkable... The desk edge is at screen-left (0.15-0.45). The opening between the desk end and the window wall...
[kimi] 
[kimi]   Move WEST between the window wall (north... wait the windows are WEST (left, with the marker). Hmm no: the windows with the record marker are at screen LEFT-TOP. I'm facing NNW (yaw 149.7). Screen-left = WSW. The window wall is the strip's west boundary... 
[kimi] 
[kimi]   AH WAIT. I finally understand the layout!! The strip I'm in runs along the OUTSIDE (west side) of the window wall?? No...
[kimi] 
[kimi]   Let me just try moving toward the desk row gap: the floor is continuous. Move forward-left: forward 0.7, right -0.7?? At yaw 149.7: forward = (-sin149.7, -cos149.7) = (-0.507, 0.862) = NNW. right = (-0.862, -0.507) = WSW. So right=+1 = WSW. The desk gap is screen-left = WSW. Move right 1.
[kimi] 
[mcp] [08/08/26 07:14:29] INFO     Processing request of type            server.py:733
[mcp]                              CallToolRequest                                    
[supervisor] AI_PLAY received action batch for observation=120
[supervisor] AI_PLAY sending observation=121
[mcp] INFO:     127.0.0.1:52611 - "POST /mcp HTTP/1.1" 200 OK
[kimi] • 公开决策记录：注意到现在所处地面与桌列地面同高且连续。尝试从桌列南端与窗墙之间的缺口向西走出去。
[kimi] 
[kimi] • I moved -z 0.623 (south) back along the wall. BUT LOOK: the record-1 marker is at screen left (0.02, 0.35)! And the steps with white sides at bottom-right (0.7, 0.8) — the same steps. And crucially: the desk row ahead-left is at MY LEVEL. The marker (record 1) sits on the desk right there, reachable?! 
[kimi] 
[kimi]   Hmm wait — that means the record desk is at y≈0.8 here? But when I read it (obs 47-59), I was at y=1.30-1.50. Maybe the desk is at the platform edge and the platform is only slightly elevated (0.5m) — the desk surface at 1.3+0.75...
[kimi] 
[kimi]   Whatever — the more important realization from this screenshot: the STEPS at bottom-right (0.7, 0.8) are right next to me, and BEYOND them (right side) is the sunlit plaza at the SAME level as the steps' top. The steps ascend from bottom-center (my level) toward the right.
[kimi] 
[kimi]   Actually NO WAIT. Look at the depth map: the steps are CLOSE (dark = near) at bottom-center-right. The sunlit floor beyond (right) is at a similar depth as the steps' top...
[kimi] 
[mcp] [08/08/26 07:14:57] INFO     Processing request of type            server.py:733
[mcp]                              CallToolRequest                                    
[supervisor] AI_PLAY received action batch for observation=121
[supervisor] AI_PLAY sending observation=122
[mcp] INFO:     127.0.0.1:52683 - "POST /mcp HTTP/1.1" 200 OK
[kimi]   Let me try once more to climb these steps — approach them straight-on. They're at screen (0.65, 0.8), to my right-front. My yaw 149.7 (NNW). The steps' run: ascending toward ENE (right). To climb, face ENE: yaw ~-120?? forward (0.87, 0.5)... -sinθ=0.87→sinθ=-0.87, -cosθ=0.5→cosθ=-0.5 → θ=-120 ✓ yaw -120. From 149.7: decrease by 269.7 or increase by 90.3: input -45 twice → 149.7+90 = 239.7 = -120.3 ✓.Now facing yaw -120.3 (ENE). I see: left = dark wall (the pocket's west wall interior), right = the platform with the desk + record marker + red chair, ELEVATED above me (the desk floor is higher — I can see its side/edge at (0.7, 0.55)). The water channel between us.
[kimi] 
[kimi]   So the desk row IS on elevated ground (~1.3) and I'm in the sunken channel. The steps I keep seeing bridge this channel at various points.
[kimi] 
[kimi]   The elevated edge is right there (right side). Its top at ~0.5m above me. Jump+move toward it (ENE)?
[kimi] 
[kimi]   I've tried jump+move at multiple faces without success. The game's jump seems too weak or sequential batching kills it.
[kimi] 
[kimi]   DECISION: I'll make a few more focused attempts at the steps, then if still stuck at ~obs 150, I'll idle out... no wait, idling wastes too. Actually the failure comes at 300 requests whether I act or not. There's no early-exit. Hmm, but there might be: entering a WRONG password ends the run immediately ("完成规定调查流程后提交错误密码会立即结束本局") — but only after completing the investigation. Deliberately failing is not in the spirit; but being stuck is worse. Let me not do that.
[kimi] 
[kimi]   One more idea — the STEPS at (5.2,-6.3) (SW of pocket): I could never reach them because the SW corner wedges. But what if I approach along the SOUTH rim from the EAST at exactly the rim line, hopping? The rim is ~0.15m. Jump+move along the rim southward at x=6.0...
[kimi] 
[kimi]   Actually, WAIT. Let me re-examine obs 110 screenshot one final time mentally: "white-railed steps at center-bottom ascending N-NW" — and I slid past them at x=5.57 (the wall). The steps were WEST of the wall. The wall top — could I walk ON the wall? The wall (fountain east wall) top is at plaza level 1.3? No — the wall separates pocket (0.8) from the steps area... 
[kimi] 
[kimi]   You know what, let me test the JUMP properly: face the elevated edge (right, ENE = current heading) and do [jump][move 250]. The edge top is ~0.5m. If the jump apex ≥0.5, the move should carry me up IF the move executes during airtime. Since batches are sequential, the move runs AFTER the jump lands. Unless... the jump action returns immediately and physics continue? At obs 120, [jump][jump][move]: still blocked. So no.
[kimi] 
[kimi]   FINAL ANSWER on physics: can't vault. 
[kimi] 
[kimi]   New thought — THE CARRY/SIT chair! At obs 57, the chair had "Carry" (E). I could CARRY a chair... and maybe STAND on it?? Carried objects could be placed as a step! That's a legit puzzle mechanic (carryable_cup exists in briefing). But the chair is UP on the platform — unreachable from the pocket. Are there objects IN the pocket? No.
[kimi] 
[kimi]   OK here's my last strategic option: the pocket's SOUTH rim. At obs 80, south blocked at (5.57,-5.94); obs 86, south blocked at (7.16,-5.94). Both at z=-5.94. But I never tested south at MID-pocket x≈6.3. Maybe the rim has a gap/steps there. Go to (6.3,-5.94) and push south.
[kimi] 
[mcp] [08/08/26 07:15:32] INFO     Processing request of type            server.py:733
[mcp]                              CallToolRequest                                    
[supervisor] AI_PLAY received action batch for observation=122
[supervisor] AI_PLAY sending observation=123
[mcp] INFO:     127.0.0.1:52825 - "POST /mcp HTTP/1.1" 200 OK
[kimi] • 公开决策记录：最后测南侧沿口中段（x≈6.3）是否有缺口。
[kimi] 
[kimi] • At (5.92, -5.01), hugging the west wall (left, dark) with the platform on the right. Forward (ENE) blocked.
[kimi] 
[kimi]   I've exhausted reasonable options. Current usage 123/300. Let me think about whether there's ANY chance I'm wrong about being trapped...
[kimi] 
[kimi]   Actually — hold on. Let me re-examine ONE thing: at obs 119, after moving north along the wall to (5.57,-4.30), the screenshot showed the desk row floor CONTINUOUS with mine at the same height, with no visible rim between. The wall at x=5.57 blocks... but IS there a wall? What if the blocker at x=5.57 is actually the DESK ROW furniture itself (desk side panels), and the gap between desks would let me through?
[kimi] 
[kimi]   At obs 119-121, the desk (with the two red chairs) was immediately west of me. The desks have gaps between units. At obs 121, the record desk (marker) was at the left edge — with a visible gap between it and the next desk south?
[kimi] 
[kimi]   From the current position (5.92,-5.01) facing ENE, turn to face WEST (input... yaw -120.3 → want yaw 90? decrease by 210 → input +45 ×4.67... or increase: -120.3 → 90 is +210 → input -45 ×4.67. Either way ~5 turns. Ugh, 5 requests just to turn.
[kimi] 
[kimi]   Cheaper: strafe. At yaw -120.3: right = (-fz, fx). forward = (-sin(-120.3), -cos(-120.3)) = (0.865, 0.502). right = (-0.502, 0.865) = NW-ish. Hmm. west (-1,0) = ? combo: a*forward + b*right = (0.865a - 0.502b, 0.502a + 0.865b) = (-1, 0): from second: a = -1.724b; sub: 0.865(-1.724b) - 0.502b = -1.491b - 0.502b = -1.993b = -1 → b = 0.502, a = -0.866. So forward=-0.87, right=+0.50 → west. And north needs (0,1): 0.502a+0.865b=1, 0.865a-0.502b=0 → a=0.58b; 0.291b+0.865b=1 → b=0.865, a=0.502. forward=0.5, right=0.87 → north.
[kimi] 
[kimi]   The desk row is WNW of me. To probe gaps, move WNW: forward 0.3, right 0.9 (mostly NW): (0.26-0.45, 0.15+0.78)=(−0.19, 0.93)... that's north. Meh.
[kimi] 
[kimi]   Honestly, let me take stock of expected value. I've spent 123 requests; ~177 left. IF I escape, I still need: meeting room record 2, record 3 location, walk to ARCHIVE, input code — maybe 60-80 requests. Feasible IF I escape soon.
[kimi] 
[kimi]   The most promising untested gap: between the desk units on the west side. Let me position at the pocket's NW area facing the desk gap and push WNW. From obs 121 (5.57,-4.92): the record desk with the marker was at screen-left edge, and there seemed to be open floor south of it (where the red chairs were, at obs 119-120).
[kimi] 
[kimi]   Actually at obs 119: (5.57,-4.30) facing NNW: the desk row on the left with TWO red chairs; floor continuous. The block at x=5.57... maybe it's the chair! The red chair was right at the boundary. If I time... no.
[kimi] 
[kimi]   Go back to (5.57,-4.5) and push west with slight north (to slip between the record desk and the chair): input at yaw -120.3: WNW = forward 0.3 + right... WNW = (-0.92, 0.39): a*forward+b*right: 0.865a-0.502b=-0.92, 0.502a+0.865b=0.39 → a=0.78b+... solve: a=( -0.92+0.502b)/0.865; plug: 0.502(-1.064+0.58b)+0.865b=0.39 → -0.534+0.291b+0.865b=0.39 → 1.156b=0.924 → b=0.80, a=-0.60. So forward=-0.6, right=0.8.
[kimi] 
[kimi]   From current (5.92,-5.01): go.
[kimi] 
[mcp] [08/08/26 07:16:12] INFO     Processing request of type            server.py:733
[mcp]                              CallToolRequest                                    
[supervisor] AI_PLAY received action batch for observation=123
[supervisor] AI_PLAY sending observation=124
[mcp] INFO:     127.0.0.1:53112 - "POST /mcp HTTP/1.1" 200 OK
[kimi] • 公开决策记录：尝试从桌列家具之间的缝隙向西-西北挤出。
[kimi] 
[kimi] • Hmm, moved (-0.345, +0.715) — WNW back to (5.57, -4.30). Now I can see: the record desk with the marker is at the RIGHT (0.75, 0.4) — elevated platform edge visible. The windows ahead (west). The water channel between me and the desk platform.
[kimi] 
[kimi]   Wait — the record desk at screen right means... facing WSW (yaw -120.3), screen-right = NNW. The desk is NNW of me at (5.0?, -3.5)?? and ELEVATED (I see the platform's side edge below the desk at (0.75, 0.55)).
[kimi] 
[kimi]   I give up on escaping via the west. Let me try the LAST untested boundary segment: the NORTH face between x=5.9 and x=7.1 — specifically with jump+move at x≈6.3-6.6 where the platform face might be lower (the face at 6.61 had the block — but maybe that block was the STAIR RAIL of the pocket steps, and right next to it is the step run going up!).
[kimi] 
[mcp] [08/08/26 07:16:38] INFO     Processing request of type            server.py:733
[mcp]                              CallToolRequest                                    
[supervisor] AI_PLAY received action batch for observation=124
[supervisor] AI_PLAY sending observation=125
[mcp] INFO:     127.0.0.1:53199 - "POST /mcp HTTP/1.1" 200 OK
[kimi]   At obs 89-90: from (7.15,-4.30) west blocked at 6.61. What if the steps UP are exactly at (6.6,-4.3), ascending NORTH, and I need to face north there? Go to (6.61,-4.30), face north (yaw 180 → from -120.3: increase 300?? no: -120.3 → 180 is -300.7 or +59.7: input -45 → -75.3, input -45 → -30.3, then -30 more... hmm input -45 twice = -120.3+90 = -30.3. Then forward = (0.503, 0.864) = NNE-ish. Close to north. Then push forward.Moved east to (5.92, -4.30), blocked. The record desk is very close on the right (platform edge at (0.7, 0.5)). The platform edge here is quite low-looking — the desk surface is maybe 0.6m above my feet.
[kimi] 
[kimi]   Look at the marker: (0.79, 0.36) — it's the record 1 hint, on the desk, ~1.2m away, slightly above. Actually — WAIT. Could I READ record 2/3 from here if it were nearby? No, record 2 is in the MEETING ROOM.
[kimi] 
[kimi]   I'm now going to make a final determination. Attempts made: N face (multiple x), S rim (multiple x), E glass, W wall, all corners, jumps, crouch, diagonals. The pocket is inescapable.
[kimi] 
[kimi]   Actually, one more idea just occurred: the "elevator_button" (红色按钮). At obs 15/16, there was a red dot on the white structure north of the pocket (visible at (0.62, 0.43) in obs 75, and (0.55, 0.3) in obs 15). If that's an elevator button for a lift platform, and if it's reachable from the pocket's north edge... it was located around x≈4, z≈-2 (on the platform's south structure)? Not reachable from the pocket.
[kimi] 
[kimi]   Also the briefing's elevator_button suggests some lifts exist. Not helpful now.
[kimi] 
[kimi]   Given I'm trapped with no escape after exhaustive testing, the rational play is to minimize further waste but there's no way to end early except wrong-password-after-investigation (investigation incomplete — can't). Actually wait, re-read: "完成规定调查流程后提交错误密码会立即结束本局" — only after completing the investigation flow. I can't trigger early failure.
[kimi] 
[kimi]   So the run will end at 300 requests. I have ~175 left. Options: (a) keep probing the trap randomly (wasteful, no info), (b) systematically re-test the most plausible escape with fresh eyes.
[kimi] 
[kimi]   Actually — WAIT. One more idea that I genuinely haven't tried: WALKING BACKWARD over the rim. Some step-up logic only engages when moving forward... no, backward is just negative forward.
[kimi] 
[kimi]   And: SPRINT-jump? sprint 100ms (in free interior space toward the wall) then jump immediately — momentum might persist INTO the jump if the jump executes while the sprint velocity is still active. The sequential execution might mean: sprint 100ms builds speed, jump fires while moving (if jump doesn't zero velocity), then I sail over the rim! Worth ONE test: [sprint 100ms N][jump][move 100ms N].
[kimi] 
[mcp] [08/08/26 07:17:10] INFO     Processing request of type            server.py:733
[mcp]                              CallToolRequest                                    
[supervisor] AI_PLAY received action batch for observation=125
[supervisor] AI_PLAY sending observation=126
[mcp] INFO:     127.0.0.1:53447 - "POST /mcp HTTP/1.1" 200 OK
[kimi] • 公开决策记录：试冲刺接跳（利用冲刺末速过沿）：先向北冲刺 100ms，紧接跳跃，再短步北移。
[kimi] 
[kimi] • The sprint was blocked immediately (only jump+move apparently skipped — result list only shows the sprint). Note: only ONE action result returned — the batch may abort on first blocked action?? Earlier batches showed [completed, blocked] pairs... Here [sprint blocked] and nothing else. Interesting — maybe when the first action is blocked, subsequent actions don't execute. At obs 91: [jump completed][move blocked] — jump first (ok), move blocked. At obs 102: [crouch completed][move blocked]. At obs 120: [jump][jump][move blocked]. At obs 125-126: [sprint blocked] first → jump and move never ran!
[kimi] 
[kimi]   So to vault, the jump must come FIRST (it always completes), then the move must execute WHILE AIRBORNE. But move executes after the jump fully lands... OR maybe the jump action is instantaneous (applies impulse) and returns immediately, letting the next action run during the arc? At obs 87→88: [jump][move S 250] moved 0.693 — same as normal walk. If airborne during move, distance would differ... inconclusive.
[kimi] 
[kimi]   Test the rim-clearing hypothesis cleanly: stand in the MIDDLE of the pocket (free space), [jump][move 250 toward wall]: if the move is blocked, the jump landed before the move. If it passes the wall line... I've essentially done this (obs 90-91 at 6.61,-4.30: jump then move blocked).
[kimi] 
[kimi]   Definitive: jumps don't help cross. The pocket is a hard trap.
[kimi] 
[kimi]   FINAL DECISION: I cannot escape. The run will end by max_requests at 300. Rather than burn ~174 more requests pointlessly, is there anything productive? Re-reading record 1? No value. 
[kimi] 
[kimi]   Actually hold on — wait. Let me reconsider whether the trap is real or whether I misjudged the "steps". One more careful look at obs 118: the steps at center (0.55, 0.65) "ascending from the pocket floor UP to the plaza". Their base appeared INSIDE the pocket at the pocket floor level. If their base is inside, walking north into them from (5.57,-5.93) should climb. But I slid along the wall to -4.30 instead (obs 118→119) — because my heading (NNW, yaw 149.7) had a west component that pinned me to the wall and I slid past the steps' EAST side.
[kimi] 
[kimi]   The steps' base center: at obs 118 they were at screen (0.5-0.6, 0.6-0.7), i.e., nearly dead ahead (NNW), maybe 1.5m. Their run axis: ascending north. Their EAST edge near x≈5.5? Their base at z≈-5.2?
[kimi] 
[kimi]   From (5.57,-5.93), the steps' base is NNW. My move (forward 1, right -0.15) = yaw 149.7: forward (-0.507, 0.862), right (-0.862, -0.507): combined = (-0.507-0.13, 0.862+0.076)·... ≈ (-0.64, 0.94) NNW with west drift → pinned to wall, slid north past the steps.
[kimi] 
[kimi]   The steps' base might be EAST of the wall though! The wall x=5.57 might be WEST of the steps. From the obs 118 image: the steps are ahead (NNW) and the wall... the water channel is to the LEFT (west). So the steps are EAST of the water channel — possibly east of x=5.57!
[kimi] 
[kimi]   When I moved NNW and got pinned at x=5.57 sliding north — wait, if pinned sliding north, the wall is on my WEST side (left). If the steps were east of the wall, they'd be on my RIGHT — but they appeared LEFT (ahead-left). Hmm.
[kimi] 
[kimi]   At obs 119 (after sliding to -4.30): the steps were NOT in view (behind me). The desk row was left.
[kimi] 
[kimi]   OK here's the thing I should have done long ago: approach the steps from the EAST side of the pocket, i.e., stand at (6.5, -5.5), face WEST toward the steps' base, and walk in. The steps' base at (5.6, -5.3)? Their base faces SOUTH-EAST into the pocket!
[kimi] 
[kimi]   From current (5.93, -4.30): go south along x≈5.93 to z=-5.3, then face west (turn) and walk up. The steps at obs 113-115 (facing west from (5.57,-5.05)) showed steps bottom-left ascending north... base toward the south-east of the run.
[kimi] 
[mcp] [08/08/26 07:17:53] INFO     Processing request of type            server.py:733
[mcp]                              CallToolRequest                                    
[supervisor] AI_PLAY received action batch for observation=126
[supervisor] AI_PLAY sending observation=127
[mcp] INFO:     127.0.0.1:53565 - "POST /mcp HTTP/1.1" 200 OK
[kimi]   Enough theorizing. Go to (6.3, -5.6), face WNW toward the steps base, walk. Move: current yaw -120.3. South = (0,-1): combo: a*(0.865,0.502)+b*(-0.502,0.865)=(0,-1): 0.865a=0.502b; 0.502a+0.865b=-1 → a=0.58b → 0.291b+0.865b=-1 → b=-0.865, a=-0.502. So forward=-0.5, right=-0.87 moves south. Do that 250ms ×2, then turn to face the steps.Moved south to (5.93, -5.94). Now I see a COLUMN (center, dark) — a window pillar. The water channel is left of it, and there's a bright reflective floor to the right (the platform's white edge?). The desk with red chair is at far right (0.97, 0.35).
[kimi] 
[kimi]   Interesting: the floor at bottom-right (0.85, 0.9) is BRIGHT REFLECTIVE white — that's the platform/steps material. It's at my level or slightly above, right next to me on the right (north-east?).
[kimi] 
[kimi]   At yaw -120.3: screen-right = right=( -0.502, 0.865) = NW-ish. The bright floor is NW of me.
[kimi] 
[mcp] [08/08/26 07:18:17] INFO     Processing request of type            server.py:733
[mcp]                              CallToolRequest                                    
[supervisor] AI_PLAY received action batch for observation=127
[supervisor] AI_PLAY sending observation=128
[mcp] INFO:     127.0.0.1:53767 - "POST /mcp HTTP/1.1" 200 OK
[kimi]   Hmm, the bright reflective strip could be the platform's west edge top (y 1.3) seen at glancing angle. If I can step onto it... it's at (0.8, 0.85), close. Move toward it: right +0.8.Moved (-0.36, +1.62) to (5.57, -4.32). Sliding along the wall again. The record desk with marker is at (0.75, 0.37) — on the platform above the water channel. The tan floor under the desk is the platform at y≈1.3.
[kimi] 
[kimi]   I've now spent 128 requests. It's time to accept: trapped, escape not found after exhaustive attempts. 
[kimi] 
[kimi]   Actually — one very last idea. THE DESK ITSELF: the record desk is close (~1.5m). The platform edge in front of it slopes? The white platform edge at (0.68, 0.6) — its base... 
[kimi] 
[kimi]   And actually actually actually — WAIT. Look at this screenshot: the water channel corner at (0.45, 0.75). The platform (tan floor, right) — its edge above the channel is at about my WAIST. The desk sits back on it. The marker floats at (0.75, 0.37).
[kimi] 
[kimi]   Could I probe/interact the RECORD from here?? I already read record 1. Useless.
[kimi] 
[kimi]   OK — genuinely out of escape ideas. But before giving up entirely, let me reconsider the problem: maybe the trap is intentional and the run is designed to be failed if you fall in — OR maybe the game has an unstuck mechanism: e.g., if I stay still/idle, or if I press Escape (menu)? There's a "menu" binding (Escape). No menu action in the action list though.
[kimi] 
[mcp] [08/08/26 07:18:45] INFO     Processing request of type            server.py:733
[mcp]                              CallToolRequest                                    
[supervisor] AI_PLAY received action batch for observation=128
[supervisor] AI_PLAY sending observation=129
[mcp] INFO:     127.0.0.1:53860 - "POST /mcp HTTP/1.1" 200 OK
[kimi]   Let me try ONE thing: probe_interaction on the water/channel or platform edge — maybe there's a contextual "climb" interaction! probe at the platform edge (0.68, 0.6).No climb interaction. 
[kimi] 
[kimi]   Hmm, hold on — one more critical thought. Look at the CURRENT view: the water channel is at bottom-LEFT, the platform at right. But look at the channel's CORNER at (0.42, 0.72): the channel ENDS there — it turns. North of the channel's end, the floor is... the platform side continues. What if the channel's north end is open — i.e., at the pocket's north edge, west of x=5.57, the channel ends and there's floor at MY level connecting west?
[kimi] 
[kimi]   The wall at x=5.57 IS the channel's east wall?? no...
[kimi] 
[kimi]   I've tested west at z=-4.30 (blocked), but what about at z=-4.35 to -4.6 westward... obs 116: at (5.57,-4.33) forward WSW blocked. 
[kimi] 
[kimi]   OK. Truly done exploring escape routes. Let me now be systematic about the remaining budget: I'll continue trying in case something gives — but prioritize NOT wasting: I'll do a slow sweep of the SOUTH rim from west to east in 0.3m steps, pushing south at each point, since the rim gap (if any) is my best hope. That's ~5 points × 2 requests = 10 requests.
[kimi] 
[kimi]   Start: current (5.57,-4.30). Go south to (5.57,-5.94) — known path along the wall (forward=-0.5, right=-0.87... at yaw -120.3 that moved me south fine). Then push south: forward=-0.5,right=-0.87 again? That mix moved me pure -z (south). To push THROUGH the rim I need southward force at the rim. Then step east 0.3 and repeat.
[kimi] 
[mcp] [08/08/26 07:19:14] INFO     Processing request of type            server.py:733
[mcp]                              CallToolRequest                                    
[supervisor] AI_PLAY received action batch for observation=129
[supervisor] AI_PLAY sending observation=130
[mcp] INFO:     127.0.0.1:54048 - "POST /mcp HTTP/1.1" 200 OK
[kimi]   Actually at obs 126-127 I did exactly this at x=5.93 — blocked... no wait, that move SUCCEEDED moving south to -5.94 (inside the pocket). Pushing further south was never tested at x=5.93! I tested at 5.57 (obs 80) and 7.16 (obs 86). Let me sweep: at (5.93,-5.94) push south; then (6.3), (6.6), (6.9).At (5.59, -5.94), south blocked. There's a pillar in front. The water channel visible both left and right of the pillar — the channel continues around the pillar. The platform's white edge is at right (0.85, 0.75).
[kimi] 
[kimi]   Wait, look right side: the white glossy floor at (0.85, 0.8) — is that a STEP? It's bright white and reflective, like the platform's west edge. And at (0.82, 0.36) the record desk + marker are VISIBLE FROM HERE at near level?! The desk appears at near-my-level: its surface at (0.83, 0.4) is just slightly above the channel.
[kimi] 
[kimi]   Hmm, if the desk is reachable... but I already have record 1. What I need is to get OUT.
[kimi] 
[mcp] [08/08/26 07:19:40] INFO     Processing request of type            server.py:733
[mcp]                              CallToolRequest                                    
[supervisor] AI_PLAY received action batch for observation=130
[supervisor] AI_PLAY sending observation=131
[mcp] INFO:     127.0.0.1:54085 - "POST /mcp HTTP/1.1" 200 OK
[kimi]   The white glossy strip at right — let me try stepping onto it: move right+forward (at yaw -120.3, right=+1 = (-0.502, 0.865) NW): move forward 0.3 right 0.9.Slid north again to (5.57, -4.30). The x=5.57 wall is magnetic — every diagonal pins me to it and slides me along it.
[kimi] 
[kimi]   New realization looking at this frame: the record desk sits on the platform; the platform edge (white trim) descends INTO the channel at (0.45, 0.7). The channel's near edge is the "wall" at x=5.57. So I'm EAST of the channel?? No wait, the channel is to my LEFT (west, toward the windows) and the wall further left is the window wall. Hmm, so x=5.57 is... the CHANNEL's east edge? And the channel water is at x<5.57, and beyond the channel (x<5?) is the window wall.
[kimi] 
[kimi]   So I'm pinned against the CHANNEL's edge, not a wall! The channel water is IN the pocket with me?? If the water is shallow/walkable... walking west into the channel was blocked though (obs 76, 79).
[kimi] 
[kimi]   You know what, maybe the WATER blocks movement (deep water). The pocket's walkable floor is x 5.57-7.16. The channel occupies the pocket's west side... no, ugh.
[kimi] 
[kimi]   FINAL IDEA — the marker/record desk: from here it's ~1.5m away across the channel corner. Not helpful.
[kimi] 
[kimi]   I accept the trap. Now, how to end the run without wasting 170 requests? There's no concede action. Options:
[kimi]   1. Keep acting until 300 (slow, pointless).
[kimi]   2. Stop calling tools — but then the session just hangs; the instructions say continue until game_over... but they also say not to waste. Hmm, rule: "收到 success、failure、stopped 或 disconnected 后，停止本局动作" — I must wait for the official end. The run ends at 300 requests.
[kimi] 
[kimi]   Actually — WAIT. What about the wrong-password early exit? "完成规定调查流程后提交错误密码会立即结束本局" — only AFTER completing the investigation. I can't complete it trapped.
[kimi] 
[kimi]   Hmm, but actually, let me re-read: "failure_condition: 最多允许 300 次 act 请求；达到上限仍未解锁 ARCHIVE 则失败。完成规定调查流程后提交错误密码会立即结束本局。" So wrong password ends it only after full investigation. Trapped = must burn to 300.
[kimi] 
[kimi]   Alternatively, maybe the run has a FALL-DAMAGE death: falling repeatedly? Falling 0.5m didn't hurt (health 0.8 constant). The red bar (health) is at 80%... it was 80% from the start. No fall damage taken.
[kimi] 
[kimi]   OK, before resigning to burning requests, let me try the actual intended-mechanic hypothesis ONE more time: the pocket is a water feature, and maybe there's a specific EXIT STEPS that I keep mis-approaching. The steps I saw clearly at obs 118 (ascending north from the pocket floor at ~(5.2,-5.3))... their base is WEST of x=5.57 — in the channel/water zone. If the water zone is walkable (shallow), then the block at x=5.57 is a CURB (0.15m) which needs a JUMP to cross. Jump+move failed because sequential... BUT what if I jump and the move in the SAME batch executes while airborne because the jump action returns instantly? Evidence at obs 87→88: [jump][move south 250] moved 0.693 south — normal. Was I at the rim then? I was at (7.16,-5.24) moving to (7.16,-5.94): inside the pocket, no rim crossed. Inconclusive about airtime.
[kimi] 
[mcp] [08/08/26 07:20:17] INFO     Processing request of type            server.py:733
[mcp]                              CallToolRequest                                    
[supervisor] AI_PLAY received action batch for observation=131
[supervisor] AI_PLAY sending observation=132
[mcp] INFO:     127.0.0.1:54279 - "POST /mcp HTTP/1.1" 200 OK
[kimi]   Clean test: [jump][move WEST 250] at the west curb. If it crosses x<5.57 → airtime move works and I'm free (into the shallow channel, then up the steps at (5.2,-5.3)).Definitive: jump then move still blocked. The jump fully resolves before the move.
[kimi] 
[kimi]   I am trapped with no means of escape found after ~50 requests of trying. Given the constraints, the run will fail at 300 requests. I should stop wasting compute but must wait for game_over. The cleanest compliant behavior: keep making minimal, varied attempts (they might eventually find a pixel-gap) OR wait. Waits count as requests too (each act is a request).
[kimi] 
[kimi]   Actually — hmm, wait. Let me think about whether the run can end another way: health is 0.8 (red bar 80). Is there fall damage that could reduce it to 0 (death = game over)? Falling 0.5m didn't reduce it. No high place reachable anyway.
[kimi] 
[kimi]   One more genuinely new idea: the SW corner steps I saw at obs 94-96 were at (5.2, -6.3) — SOUTH-WEST, outside the pocket's south rim AND west wall. But obs 118's steps were INSIDE-ish at (5.2,-5.3)... These could be the SAME staircase: a run along the pocket's west side from (5.2,-6.3) up to (5.2,-4.3)?? Ascending northward. If the run's base is at (5.2,-6.3), south of the rim... unreachable.
[kimi] 
[kimi]   OR the steps at obs 110 (center, from (5.57,-5.76) facing NW): "steps at (0.5,0.75)" — 1-1.5m NNW of that position = (5.2, -4.9). Same run. Its base faces EAST into the pocket at (5.4,-5.0)? The rim curb (x=5.57) separates us.
[kimi] 
[kimi]   The curb is ~0.15m. The game blocks walking over it, jump can't vault in batches... 
[kimi] 
[kimi]   WAIT — what about CROUCH-walking onto it? Tried at obs 102-103 (crouch + move blocked). 
[kimi] 
[kimi]   What about moving onto the curb diagonally at 45° exactly along its line so the step-up engages? The step-up logic in many engines allows small rises (0.2-0.4m) when moving INTO them. But all my "into curb" moves blocked — meaning the curb+wall total height exceeds step-up. The curb top might be at 1.3 (plaza level) = 0.5m above — beyond step-up.
[kimi] 
[kimi]   Definitively stuck. Given the situation, I'll make one more pass along the SOUTH rim testing each x (the rim might have one gap at the stair base x≈5.2... which is west of the pocket. On the pocket side, x 5.6-7.1, no stairs).
[kimi] 
[kimi]   Decision: stop struggling. I'll wait out the remaining budget efficiently with long waits (2000ms each) — each wait is 1 request; ~168 requests remaining → 168 waits of 2s = 336s. That's the path to the official failure. Tedious but compliant. Actually — mixing: I could also keep trying random escape attempts during the wait; but expected value ~0.
[kimi] 
[kimi]   Hmm, actually, is it really 300 ACT REQUESTS? "最多允许 300 次 act 请求" — act requests. observe calls don't count? briefing/observe/workflow calls probably don't count. I've made ~130 act calls? No wait — observation_id 132 ≈ number of observations = act calls + initial observe. So ~130 act requests used, ~170 left.
[kimi] 
[mcp] [08/08/26 07:21:02] INFO     Processing request of type            server.py:733
[mcp]                              CallToolRequest                                    
[supervisor] AI_PLAY received action batch for observation=132
[supervisor] AI_PLAY sending observation=133
[mcp] INFO:     127.0.0.1:54403 - "POST /mcp HTTP/1.1" 200 OK
[mcp] [08/08/26 07:21:23] INFO     Processing request of type            server.py:733
[mcp]                              CallToolRequest                                    
[supervisor] AI_PLAY received action batch for observation=133
[supervisor] AI_PLAY sending observation=134
[mcp] INFO:     127.0.0.1:54541 - "POST /mcp HTTP/1.1" 200 OK
[kimi]   Let me do the wait-out. But before that, ONE more idea — seriously the last: the pillar at (5.85, -5.9) (obs 130: the column in the middle of the pocket's south edge). The channel wraps around it. What if SOUTH of the pillar there's a gap in the rim (the pillar interrupts the rim)? At obs 130 I was at (5.59,-5.94) — just west of the pillar, blocked. East of the pillar (6.0-6.3, -5.94)? Untested! The sweep: go to (6.2,-5.94) push south.At (5.94, -5.94), just east of the pillar. The south rim here — push south test: same input again. If blocked, the rim is continuous.Blocked. Rim continuous here too.
[kimi] 
[kimi]   I'm confident now: trapped, no exit. I'll wait out the remaining requests with 2000ms waits. ~166 act requests remain. Each wait = 1 request. Let me batch... each act batch needs 1-3 actions; waits can be batched 3×2000ms = 6s per request? No — batch of 3 waits = 1 request? "每个 act 的 actions 批次必须包含 1 到 3 个动作" — one act call = one request containing up to 3 actions. So 3 waits per request. ~166 requests → 3 waits each ≈ 166 calls.
[kimi] 
[kimi]   Hmm, that's still 166 tool calls. Each is cheap though. Alternatively keep trying micro-escapes during the wait... no.
[kimi] 
[kimi]   Actually — hold on, let me reconsider the problem ONE more time. Am I REALLY trapped? Let me re-examine how I got in: obs 69→70→71: sprint BACKWARD (SSW) from the platform at (6.99,-1.18) and FELL, landing (5.57,-5.56). Wait — that landing spot: (5.57,-5.56) is INSIDE the pocket (x=5.57 is the west boundary). I fell ~3.4m horizontally while dropping 0.5m. Plausible.
[kimi] 
[kimi]   But here's the thing: obs 70→71 I landed at (5.574, -5.562) — and then obs 71→73 I moved... obs 73 position (5.574, -5.562)... then obs 73→74 moved +z to -4.30 (north, free). obs 74→75 look. obs 75→76: right=+1 sprint (west) blocked. 
[kimi] 
[kimi]   Everything consistent. The pocket is real.
[kimi] 
[kimi]   WAIT — one more escape vector I truly haven't tried: THE PLATFORM FACE at the pocket's north — but with SPRINT. Walking step-up height is maybe 0.3m; the face is 0.5m. But at obs 44-45, I stepped up 0.14 (0.80→0.94) walking NE at (4.3,-4.9), and then to 1.30/1.50 by obs 47. Those step-ups happened INCREMENTALLY (0.94 at obs 45, 1.30 at obs 52, 1.499 at obs 47??). Sequence: obs 45 y=0.9416 (4.58,-4.80); obs 46 y=0.9416; obs 47 y=1.4988 (5.97,-3.53)!! Jumped 0.55 in one walk batch! So walking CAN step up 0.55m — at the RIGHT spot (the stair run top around (4.6,-4.5)→(5.9,-3.5), moving NE).
[kimi] 
[kimi]   That step-up happened EAST of x=4.58... obs 46→47 moved from (4.58,-4.78) to (5.97,-3.53) — crossing x=5.57 line and z=-4.3 line, INTO the area north of the pocket!! Moving NE. So the boundary at (5.57,-4.3)... is NOT a wall there?! At obs 46-47, the player walked from (4.58,-4.78) NE to (5.97,-3.53) — passing through approximately (5.3,-4.1): NORTH of the pocket's NW corner. The pocket's north boundary (z=-4.3) only spans x 5.57-7.16. West of 5.57, at (5.3,-4.1), it's walkable (that's the plaza/stair top).
[kimi] 
[kimi]   So the pocket's west wall (x=5.57) separates the pocket from the climbable area. If only I could cross it... The wall's top: the stair run I keep seeing. The stair run might be RIGHT AT x=5.3-5.57 — the steps I see at bottom-left when facing west ARE the stair run, and their treads are at plaza level (above me).
[kimi] 
[kimi]   The stair's lowest step: could be at z≈-5.5, x≈5.4 — just 0.17m west of the wall line. The wall might just be the stair's SIDE RAIL. If I align exactly with the stair run's center (x≈5.35?) I can't — the rail at 5.57 blocks.
[kimi] 
[kimi]   Unless the stair run's center is EAST of 5.57! From obs 113 (5.57,-5.05 facing west): steps at bottom-LEFT spanning screen x 0.15-0.5, i.e., from dead-left to center-left. Screen center = west (x decreasing). The steps spanned from due-west to WNW... at 0.5-1.5m. So steps at x≈5.0-5.5, z≈-4.8 to -5.3. Their EAST edge near 5.5 < 5.57. Blocked by the rim.
[kimi] 
[kimi]   FINE. I accept it. Wait-out plan: batches of 3 × wait(2000ms). Actually — let me instead do something marginally useful: sit in place and wait. ~166 requests of waiting. I'll do them in batches of 3 waits. That's 55 more tool calls. Ugh, but required for the official game_over.
[kimi] 
[kimi]   Hmm, actually — do I really need to burn all 300? The rule says the run fails when reaching 300 act requests. The orchestrator counts my act calls. There's no alternative. OK.
[kimi] 
[kimi]   Wait, actually, one more thought — could I re-read the record marker from here (it's close) to double check content? Record 1: MMDD=0228, next MEETING ROOM. Already have it. No.
[kimi] 
[mcp] [08/08/26 07:22:07] INFO     Processing request of type            server.py:733
[mcp]                              CallToolRequest                                    
[supervisor] AI_PLAY received action batch for observation=134
[supervisor] AI_PLAY sending observation=135
[mcp] INFO:     127.0.0.1:54816 - "POST /mcp HTTP/1.1" 200 OK
[kimi]   Let me also reconsider: is there possibly a teleport/unstuck if I jump repeatedly in place? Some games detect stuck and respawn. Worth 2-3 requests: jump×3 in a few batches while at the pocket center.No unstuck. Trapped confirmed. 
[kimi] 
[kimi]   Given the situation, I'll now wait out the remaining ~165 requests. To be efficient per call, batch 3×wait(2000ms) per act. That's ~55 calls. Let me proceed. Actually, to reduce my own output spam, I'll just do them quietly with minimal public notes.
[kimi] 
[kimi]   Actually, wait — should I really wait it out? Alternatives: continue random movement attempts. Neither has value. Waiting is the least harmful. The rules don't prohibit waiting out; they discourage wait as default exploration, but here it's the endgame of a failed run.
[kimi] 
[mcp] [08/08/26 07:22:29] INFO     Processing request of type            server.py:733
[mcp]                              CallToolRequest                                    
[supervisor] AI_PLAY received action batch for observation=135
[supervisor] AI_PLAY sending observation=136
[mcp] INFO:     127.0.0.1:54943 - "POST /mcp HTTP/1.1" 200 OK
[kimi]   Proceed with wait batches.Wait worked. Hmm, but honestly — before spending 160 more requests waiting, let me reconsider ONE final escape hypothesis that just came to mind: the pocket's west "wall" at x=5.57 — at obs 44-45 I crossed from (4.05,-5.03) to (4.58,-4.80) (y 0.80→0.94) — a RIM top at 0.94! And then to y1.30. Those were the fountain's rim and the platform — WEST of the pocket. The rim top at 0.94 is only 0.14 above the pocket floor. If the pocket's west wall top is also ~0.94 (a 0.14 step!), walking onto it should work — but blocked. Unless the wall top is 1.3 (0.5 step, blocked).
[kimi] 
[kimi]   The step-up at obs 44→45 (+0.14) and obs 45→47 (+0.56!) — wait, +0.56 step-up while walking?? That's a big step. It happened between (4.58,-4.78) and (5.97,-3.53). So 0.5m+ step-ups ARE possible while walking in this game (probably stair-stepping). So why does the pocket's 0.5m face block me everywhere?
[kimi] 
[kimi]   Because those were STAIRS (stepped geometry), and the pocket faces are vertical walls. The pocket is genuinely escape-proof on foot.
[kimi] 
[mcp] [08/08/26 07:23:04] INFO     Processing request of type            server.py:733
[mcp]                              CallToolRequest                                    
[supervisor] AI_PLAY received action batch for observation=136
[supervisor] AI_PLAY sending observation=137
[mcp] INFO:     127.0.0.1:55070 - "POST /mcp HTTP/1.1" 200 OK
[kimi]   OK, wait-out it is. Continue.This will take ~54 more calls. That's a lot of tool calls. Alternative: keep trying movements each call instead — same count. Nothing better. Actually, maybe I should think whether there's really no smarter option...
[kimi] 
[kimi]   Actually, you know what — let me reconsider the trap ONE more time with completely fresh eyes, because something has been nagging me: at obs 47 I got ONTO the platform at (5.97,-3.53) — that's NORTH-EAST of the pocket, i.e., the platform surface. And the pocket's north face is at z=-4.30 spanning x 5.57-7.16. But obs 47's position (5.97,-3.53) is north of -4.30, at x=5.97 which is within 5.57-7.16 — so the platform IS directly north of the pocket. Its face is 0.5m (1.30-0.80). 
[kimi] 
[kimi]   Stairs step-up worked at the stair-top geometry. Vertical faces don't. The pocket is a planter box. Confirmed trap. 
[kimi] 
[kimi]   Hmm, though — one thing: obs 45 I stood at (4.58,-4.80) y=0.94 — ON the fountain's rim/edge (0.14 above pocket floor). From there, obs 46→47 walked NE up to 1.50. So the fountain rim at 0.94 connects to the platform at 1.30 via... the fountain's east slope? If I could get onto the fountain's EAST rim from inside the pocket (the x=5.57 wall IS the fountain's east rim wall), the rim top might be at 0.94, then walk NE onto the platform.
[kimi] 
[kimi]   The rim top at 0.94 is only 0.14 above the pocket floor — WALKABLE step-up IF approached correctly. But west moves block at 5.57. Why? Because the rim wall might be vertical 0.14 — step-up should handle 0.14! Unless the rim wall is taller (top at 1.3) on this side.
[kimi] 
[kimi]   At obs 44-45, the step-up happened at (4.3,-4.95)→(4.58,-4.80): the fountain's SOUTH-EAST corner area. The fountain's east rim might slope down there. The pocket's west wall at x=5.57 z -4.3 to -5.94 could be a vertical 0.5m face.
[kimi] 
[kimi]   I've tested west at z=-4.30 (obs 76), z=-5.94 (obs 79), z=-5.05 (obs 113-114? that moved north), z=-4.55 (obs 100)... All blocked. 
[kimi] 
[mcp] [08/08/26 07:23:42] INFO     Processing request of type            server.py:733
[mcp]                              CallToolRequest                                    
[supervisor] AI_PLAY received action batch for observation=137
[supervisor] AI_PLAY sending observation=138
[mcp] INFO:     127.0.0.1:55126 - "POST /mcp HTTP/1.1" 200 OK
[kimi]   FINAL: truly trapped. Continue waiting.Continue waiting. ~162 to go. Let me keep going quietly. Actually — instead of pure waiting, let me intersperse an occasional fresh escape attempt in case my earlier reads were wrong. E.g., try walking up the steps one more time from a slightly different position each ~10 waits. But honestly... let me just do a couple more targeted attempts first, then wait.
[kimi] 
[mcp] [08/08/26 07:24:12] INFO     Processing request of type            server.py:733
[mcp]                              CallToolRequest                                    
[supervisor] AI_PLAY received action batch for observation=138
[supervisor] AI_PLAY sending observation=139
[mcp] INFO:     127.0.0.1:55402 - "POST /mcp HTTP/1.1" 200 OK
[kimi]   One attempt I haven't done: from the middle of the pocket's EAST glass (7.16, -5.1), move NORTH-EAST diagonally — maybe the glass's north end has a gap before the platform. Test: go NE corner via (7.15,-4.5) then east.Moved to (7.16, -5.62) — the east side. The window sill is right in front... wait, this shows the window wall up close with the sill at my chest level. The channel bottom-right. Hmm, this is the EAST glass/window wall.
[kimi] 
[mcp] [08/08/26 07:24:36] INFO     Processing request of type            server.py:733
[mcp]                              CallToolRequest                                    
[supervisor] AI_PLAY received action batch for observation=139
[supervisor] AI_PLAY sending observation=140
[mcp] INFO:     127.0.0.1:55458 - "POST /mcp HTTP/1.1" 200 OK
[kimi]   I'm at the east wall at z=-5.62. Move north along it to the NE corner and test east/north there.At the NE corner (7.16, -4.30). The window wall ahead. Test east (right=-0.8 → (0.502·0.8... let me compute: right=-1 = (0.502, -0.865) = SE?? Hmm: right = (-fz, fx); forward=(0.865, 0.502); right=(-0.502, 0.865). That's NW. So right=+1 = NW?? and -right = SE. East is +x: combos: east = 0.87·forward - 0.5·right? forward=(0.865,0.502): to get (1,0): 0.865a - 0.502b = 1; 0.502a + 0.865b = 0 → b = -0.58a → 0.865a + 0.291a = 1 → a=0.865, b=-0.502. So east = forward 0.87, right -0.5. That's what I've been doing to go east.
[kimi] 
[mcp] [08/08/26 07:25:00] INFO     Processing request of type            server.py:733
[mcp]                              CallToolRequest                                    
[supervisor] AI_PLAY received action batch for observation=140
[supervisor] AI_PLAY sending observation=141
[mcp] INFO:     127.0.0.1:55604 - "POST /mcp HTTP/1.1" 200 OK
[kimi]   At the NE corner, test EAST: forward 0.87 right -0.5.Blocked at NE corner too (and again the batch aborted after the blocked first action — jump and second move didn't run). 
[kimi] 
[kimi]   IMPORTANT LESSON learned: when the first action is blocked, subsequent actions in the batch don't execute. So all my [jump][move] tests WERE valid (jump completed first, then move attempted). OK.
[kimi] 
[kimi]   Now wait out. ~159 requests left. Continue wait batches of 3×2000ms.
[kimi] 
[mcp] [08/08/26 07:25:23] INFO     Processing request of type            server.py:733
[mcp]                              CallToolRequest                                    
[supervisor] AI_PLAY received action batch for observation=141
[supervisor] AI_PLAY sending observation=142
[mcp] INFO:     127.0.0.1:55707 - "POST /mcp HTTP/1.1" 200 OK
[kimi] • 公开决策记录：各方向确认无解。继续等待耗尽。
[kimi] 
[kimi] • This will take ~53 more calls of waiting. Rather than mindless waiting, let me reconsider the whole trap ONE more time, because a nagging detail: I got INTO the pocket by falling. The game's movement seems to disallow stepping up more than ~0.3m... but wait, at obs 46→47 I walked from y=0.94 to y=1.50 — a 0.56 gain in one batch (2 moves). Maybe via two 0.28 steps. The platform face is 0.5 — too high. STAIRS have intermediate steps. The pocket has no internal stairs reachable.
[kimi] 
[kimi]   Wait — THE STEPS at the pocket's NW (which I see from inside at bottom-left when facing west): they might be INSIDE-reachable if I approach their BASE which faces SOUTH-EAST into the pocket. The stair run: from the plaza (y1.3? no, the plaza is 0.8)...
[kimi] 
[kimi]   Hold on, what's the plaza height? Lobby floor y=0.8 everywhere I've walked (spawn 0.8, corridor 0.8). The CUBICLE platform is 1.3. The "steps" bridging the pocket would go from 0.8 (pocket) to... 0.8 (plaza)? Then why is the pocket enclosed?!
[kimi] 
[kimi]   Unless the pocket floor is LOWER: pocket y reads 0.80002-0.80100 — same as lobby. So the pocket is NOT sunken. The rims around it are 0.15-0.5 curbs. A 0.15 curb should be step-up-able... but blocked. So the curbs are taller than they look, or the game's step-up is tiny (like 0.1).
[kimi] 
[kimi]   The step-ups that worked: obs 44→45 +0.14. obs 45→47 +0.56 total (probably via 2-3 stair treads). So step-up limit is around 0.14-0.28. The pocket curbs (~0.5?) exceed it.
[kimi] 
[mcp] [08/08/26 07:25:59] INFO     Processing request of type            server.py:733
[mcp]                              CallToolRequest                                    
[supervisor] AI_PLAY received action batch for observation=142
[supervisor] AI_PLAY sending observation=143
[mcp] INFO:     127.0.0.1:55785 - "POST /mcp HTTP/1.1" 200 OK
[mcp] [08/08/26 07:26:28] INFO     Processing request of type            server.py:733
[mcp]                              CallToolRequest                                    
[supervisor] AI_PLAY received action batch for observation=143
[supervisor] AI_PLAY sending observation=144
[mcp] INFO:     127.0.0.1:56014 - "POST /mcp HTTP/1.1" 200 OK
[mcp] [08/08/26 07:26:55] INFO     Processing request of type            server.py:733
[mcp]                              CallToolRequest                                    
[supervisor] AI_PLAY received action batch for observation=144
[supervisor] AI_PLAY sending observation=145
[mcp] INFO:     127.0.0.1:56100 - "POST /mcp HTTP/1.1" 200 OK
[mcp] [08/08/26 07:27:25] INFO     Processing request of type            server.py:733
[mcp]                              CallToolRequest                                    
[supervisor] AI_PLAY received action batch for observation=145
[supervisor] AI_PLAY sending observation=146
[mcp] INFO:     127.0.0.1:56263 - "POST /mcp HTTP/1.1" 200 OK
[kimi]   Definitive. Wait out. Continue.This is going to be 50+ more identical calls. Let me just continue steadily. To reduce tedium I'll keep going with minimal commentary.~155 requests left. This waiting will take ~52 more calls. Continue. I'll keep going without commentary between calls (but I must write a brief public note per instructions — keep it to one short line each time).Wait — actually, before continuing this slog: let me reconsider ONE more time whether escape is possible, because something is off. I got ONTO the platform at obs 47 walking NE from the fountain rim. Then on the platform I walked around (obs 47-69), then fell INTO the pocket at obs 70. 
[kimi] 
[kimi]   Hmm wait — actually, how did I fall INTO the pocket if it's enclosed by 0.5 walls? I sprinted backward from (6.99,-1.18) SSW and fell at (5.57,-5.56)... that trajectory crossed the platform's south face AND the west wall at their CORNER. The corner might be lower/beveled, letting me fall in diagonally. If the corner is beveled, maybe I can climb OUT at the same corner (5.57, -4.9)?? The corner of the west wall and north face — around (5.57, -4.4). I was pinned there multiple times and couldn't move west or north... but did I try moving NW diagonally at exactly that corner with the right angle? obs 104-105: NW diagonal at (5.57,-4.30) blocked.
[kimi] 
[mcp] [08/08/26 07:27:59] INFO     Processing request of type            server.py:733
[mcp]                              CallToolRequest                                    
[supervisor] AI_PLAY received action batch for observation=146
[supervisor] AI_PLAY sending observation=147
[mcp] INFO:     127.0.0.1:56333 - "POST /mcp HTTP/1.1" 200 OK
[mcp] [08/08/26 07:28:26] INFO     Processing request of type            server.py:733
[mcp]                              CallToolRequest                                    
[supervisor] AI_PLAY received action batch for observation=147
[supervisor] AI_PLAY sending observation=148
[mcp] INFO:     127.0.0.1:56587 - "POST /mcp HTTP/1.1" 200 OK
[mcp] [08/08/26 07:28:54] INFO     Processing request of type            server.py:733
[mcp]                              CallToolRequest                                    
[supervisor] AI_PLAY received action batch for observation=148
[supervisor] AI_PLAY sending observation=149
[mcp] INFO:     127.0.0.1:56756 - "POST /mcp HTTP/1.1" 200 OK
[mcp] [08/08/26 07:29:23] INFO     Processing request of type            server.py:733
[mcp]                              CallToolRequest                                    
[supervisor] AI_PLAY received action batch for observation=149
[supervisor] AI_PLAY sending observation=150
[mcp] INFO:     127.0.0.1:56860 - "POST /mcp HTTP/1.1" 200 OK
[kimi]   OK whatever. Continue waiting.Continue waiting. ~153 left.Continue. I'll keep waiting — about 50 more calls. To be safe against drifting off-position (position is stable), just continue.Halfway (150/300). ~150 left = ~50 more wait calls. This is extremely tedious but necessary. Actually — hold on, let me reconsider the situation once more. Is there ANY chance the game would reset my position if I... fall out of bounds? The windows show sky; the window sill is climbable? No.
[kimi] 
[kimi]   Or maybe — the pocket escape is via the STEPS after all, and the trick is approaching from the plaza side is impossible but from INSIDE I need to walk UP the steps which requires approaching from their FRONT (south-east). The steps' front faces the pocket interior around (5.9, -5.5)... When I stood at (5.57,-5.05) facing west (obs 113), steps were bottom-LEFT. Screen-left at yaw 89.7 = north?? I computed right=south, so left=north. Steps at bottom-left = NORTH-WEST close. Hmm, that means the steps were NW of me = at the pocket's NW. Their front/base faces... 
[kimi] 
[mcp] [08/08/26 07:29:56] INFO     Processing request of type            server.py:733
[mcp]                              CallToolRequest                                    
[supervisor] AI_PLAY received action batch for observation=150
[supervisor] AI_PLAY sending observation=151
[mcp] INFO:     127.0.0.1:56907 - "POST /mcp HTTP/1.1" 200 OK
[mcp] [08/08/26 07:30:24] INFO     Processing request of type            server.py:733
[mcp]                              CallToolRequest                                    
[supervisor] AI_PLAY received action batch for observation=151
[supervisor] AI_PLAY sending observation=152
[mcp] INFO:     127.0.0.1:57175 - "POST /mcp HTTP/1.1" 200 OK
[mcp] [08/08/26 07:30:57] INFO     Processing request of type            server.py:733
[mcp]                              CallToolRequest                                    
[supervisor] AI_PLAY received action batch for observation=152
[supervisor] AI_PLAY sending observation=153
[mcp] INFO:     127.0.0.1:57338 - "POST /mcp HTTP/1.1" 200 OK
[kimi]   Whatever. I've tested every approach vector multiple times. Continue waiting.Continue waiting. ~148 left.This is going to take forever with 3-wait batches. Each batch = 1 act request though, so I need ~147 more calls. Hmm wait — is each BATCH one request or each ACTION? "最多允许 300 次 act 请求" — act 请求 = act calls = batches. observation_id increments per batch. So remaining = 300 - 153 ≈ 147 batches.
[kimi] 
[kimi]   Alternatively... hmm, could I end the run faster by trying the password with incomplete evidence? "完成规定调查流程后提交错误密码会立即结束本局" — the run ends on wrong password only AFTER completing the investigation flow. I've only read 1/3. If I went and entered a wrong code now... it would presumably just say wrong, not end the run — and I can't reach the keypad anyway (trapped).
[kimi] 
[mcp] [08/08/26 07:31:29] INFO     Processing request of type            server.py:733
[mcp]                              CallToolRequest                                    
[supervisor] AI_PLAY received action batch for observation=153
[supervisor] AI_PLAY sending observation=154
[mcp] INFO:     127.0.0.1:57495 - "POST /mcp HTTP/1.1" 200 OK
[mcp] [08/08/26 07:32:07] INFO     Processing request of type            server.py:733
[mcp]                              CallToolRequest                                    
[supervisor] AI_PLAY received action batch for observation=154
[supervisor] AI_PLAY sending observation=155
[mcp] INFO:     127.0.0.1:57686 - "POST /mcp HTTP/1.1" 200 OK
[kimi]   OK continue waiting.~145 left. Keep going. I'll continue in silence-ish. Actually, let me reconsider one more escape possibility to break the monotony and maybe save the run: the CARRY mechanic. In the pocket there are no objects. But the record DESK — could I carry the desk?? No.
[kimi] 
[kimi]   What about the chair on the platform — "Carry" range? The chair was on the platform 1.5m+ away — probe range too far, and carrying it wouldn't help anyway.
[kimi] 
[mcp] [08/08/26 07:32:39] INFO     Processing request of type            server.py:733
[mcp]                              CallToolRequest                                    
[supervisor] AI_PLAY received action batch for observation=155
[supervisor] AI_PLAY sending observation=156
[mcp] INFO:     127.0.0.1:57783 - "POST /mcp HTTP/1.1" 200 OK
[mcp] [08/08/26 07:33:07] INFO     Processing request of type            server.py:733
[mcp]                              CallToolRequest                                    
[supervisor] AI_PLAY received action batch for observation=156
[supervisor] AI_PLAY sending observation=157
[mcp] INFO:     127.0.0.1:57913 - "POST /mcp HTTP/1.1" 200 OK
[mcp] [08/08/26 07:33:36] INFO     Processing request of type            server.py:733
[mcp]                              CallToolRequest                                    
[supervisor] AI_PLAY received action batch for observation=157
[supervisor] AI_PLAY sending observation=158
[mcp] INFO:     127.0.0.1:58039 - "POST /mcp HTTP/1.1" 200 OK
[mcp] [08/08/26 07:34:06] INFO     Processing request of type            server.py:733
[mcp]                              CallToolRequest                                    
[supervisor] AI_PLAY received action batch for observation=158
[supervisor] AI_PLAY sending observation=159
[mcp] INFO:     127.0.0.1:58229 - "POST /mcp HTTP/1.1" 200 OK
[mcp] [08/08/26 07:34:35] INFO     Processing request of type            server.py:733
[mcp]                              CallToolRequest                                    
[supervisor] AI_PLAY received action batch for observation=159
[supervisor] AI_PLAY sending observation=160
[mcp] INFO:     127.0.0.1:58350 - "POST /mcp HTTP/1.1" 200 OK
[mcp] [08/08/26 07:35:06] INFO     Processing request of type            server.py:733
[mcp]                              CallToolRequest                                    
[supervisor] AI_PLAY received action batch for observation=160
[supervisor] AI_PLAY sending observation=161
[mcp] INFO:     127.0.0.1:58457 - "POST /mcp HTTP/1.1" 200 OK
[mcp] [08/08/26 07:35:36] INFO     Processing request of type            server.py:733
[mcp]                              CallToolRequest                                    
[supervisor] AI_PLAY received action batch for observation=161
[supervisor] AI_PLAY sending observation=162
[mcp] INFO:     127.0.0.1:58656 - "POST /mcp HTTP/1.1" 200 OK
[mcp] [08/08/26 07:36:05] INFO     Processing request of type            server.py:733
[mcp]                              CallToolRequest                                    
[supervisor] AI_PLAY received action batch for observation=162
[supervisor] AI_PLAY sending observation=163
[mcp] INFO:     127.0.0.1:58889 - "POST /mcp HTTP/1.1" 200 OK
[mcp] [08/08/26 07:36:36] INFO     Processing request of type            server.py:733
[mcp]                              CallToolRequest                                    
[supervisor] AI_PLAY received action batch for observation=163
[supervisor] AI_PLAY sending observation=164
[mcp] INFO:     127.0.0.1:59004 - "POST /mcp HTTP/1.1" 200 OK
[mcp] [08/08/26 07:37:05] INFO     Processing request of type            server.py:733
[mcp]                              CallToolRequest                                    
[supervisor] AI_PLAY received action batch for observation=164
[supervisor] AI_PLAY sending observation=165
[mcp] INFO:     127.0.0.1:59170 - "POST /mcp HTTP/1.1" 200 OK
[mcp] [08/08/26 07:37:34] INFO     Processing request of type            server.py:733
[mcp]                              CallToolRequest                                    
[supervisor] AI_PLAY received action batch for observation=165
[supervisor] AI_PLAY sending observation=166
[mcp] INFO:     127.0.0.1:59288 - "POST /mcp HTTP/1.1" 200 OK
[mcp] [08/08/26 07:38:04] INFO     Processing request of type            server.py:733
[mcp]                              CallToolRequest                                    
[supervisor] AI_PLAY received action batch for observation=166
[supervisor] AI_PLAY sending observation=167
[mcp] INFO:     127.0.0.1:59545 - "POST /mcp HTTP/1.1" 200 OK
[mcp] [08/08/26 07:38:34] INFO     Processing request of type            server.py:733
[mcp]                              CallToolRequest                                    
[supervisor] AI_PLAY received action batch for observation=167
[supervisor] AI_PLAY sending observation=168
[mcp] INFO:     127.0.0.1:59699 - "POST /mcp HTTP/1.1" 200 OK
[mcp] [08/08/26 07:39:04] INFO     Processing request of type            server.py:733
[mcp]                              CallToolRequest                                    
[supervisor] AI_PLAY received action batch for observation=168
[supervisor] AI_PLAY sending observation=169
[mcp] INFO:     127.0.0.1:59832 - "POST /mcp HTTP/1.1" 200 OK
[mcp] [08/08/26 07:39:33] INFO     Processing request of type            server.py:733
[mcp]                              CallToolRequest                                    
[supervisor] AI_PLAY received action batch for observation=169
[supervisor] AI_PLAY sending observation=170
[mcp] INFO:     127.0.0.1:59952 - "POST /mcp HTTP/1.1" 200 OK
[mcp] [08/08/26 07:40:03] INFO     Processing request of type            server.py:733
[mcp]                              CallToolRequest                                    
[supervisor] AI_PLAY received action batch for observation=170
[supervisor] AI_PLAY sending observation=171
[mcp] INFO:     127.0.0.1:60133 - "POST /mcp HTTP/1.1" 200 OK
[mcp] [08/08/26 07:40:33] INFO     Processing request of type            server.py:733
[mcp]                              CallToolRequest                                    
[supervisor] AI_PLAY received action batch for observation=171
[supervisor] AI_PLAY sending observation=172
[mcp] INFO:     127.0.0.1:60294 - "POST /mcp HTTP/1.1" 200 OK
[mcp] [08/08/26 07:41:05] INFO     Processing request of type            server.py:733
[mcp]                              CallToolRequest                                    
[supervisor] AI_PLAY received action batch for observation=172
[supervisor] AI_PLAY sending observation=173
[mcp] INFO:     127.0.0.1:60419 - "POST /mcp HTTP/1.1" 200 OK
[mcp] [08/08/26 07:41:35] INFO     Processing request of type            server.py:733
[mcp]                              CallToolRequest                                    
[supervisor] AI_PLAY received action batch for observation=173
[supervisor] AI_PLAY sending observation=174
[mcp] INFO:     127.0.0.1:60496 - "POST /mcp HTTP/1.1" 200 OK
[mcp] [08/08/26 07:42:11] INFO     Processing request of type            server.py:733
[mcp]                              CallToolRequest                                    
[supervisor] AI_PLAY received action batch for observation=174
[supervisor] AI_PLAY sending observation=175
[mcp] INFO:     127.0.0.1:60743 - "POST /mcp HTTP/1.1" 200 OK
[mcp] [08/08/26 07:42:41] INFO     Processing request of type            server.py:733
[mcp]                              CallToolRequest                                    
[supervisor] AI_PLAY received action batch for observation=175
[supervisor] AI_PLAY sending observation=176
[mcp] INFO:     127.0.0.1:60864 - "POST /mcp HTTP/1.1" 200 OK
[mcp] [08/08/26 07:43:11] INFO     Processing request of type            server.py:733
[mcp]                              CallToolRequest                                    
[supervisor] AI_PLAY received action batch for observation=176
[supervisor] AI_PLAY sending observation=177
[mcp] INFO:     127.0.0.1:61029 - "POST /mcp HTTP/1.1" 200 OK
[mcp] [08/08/26 07:43:42] INFO     Processing request of type            server.py:733
[mcp]                              CallToolRequest                                    
[supervisor] AI_PLAY received action batch for observation=177
[supervisor] AI_PLAY sending observation=178
[mcp] INFO:     127.0.0.1:61110 - "POST /mcp HTTP/1.1" 200 OK
[mcp] [08/08/26 07:44:14] INFO     Processing request of type            server.py:733
[mcp]                              CallToolRequest                                    
[supervisor] AI_PLAY received action batch for observation=178
[supervisor] AI_PLAY sending observation=179
[mcp] INFO:     127.0.0.1:61352 - "POST /mcp HTTP/1.1" 200 OK
[mcp] [08/08/26 07:44:44] INFO     Processing request of type            server.py:733
[mcp]                              CallToolRequest                                    
[supervisor] AI_PLAY received action batch for observation=179
[supervisor] AI_PLAY sending observation=180
[mcp] INFO:     127.0.0.1:61432 - "POST /mcp HTTP/1.1" 200 OK
[mcp] [08/08/26 07:45:15] INFO     Processing request of type            server.py:733
[mcp]                              CallToolRequest                                    
[supervisor] AI_PLAY received action batch for observation=180
[supervisor] AI_PLAY sending observation=181
[mcp] INFO:     127.0.0.1:61555 - "POST /mcp HTTP/1.1" 200 OK
[mcp] [08/08/26 07:45:46] INFO     Processing request of type            server.py:733
[mcp]                              CallToolRequest                                    
[supervisor] AI_PLAY received action batch for observation=181
[supervisor] AI_PLAY sending observation=182
[mcp] INFO:     127.0.0.1:61737 - "POST /mcp HTTP/1.1" 200 OK
[mcp] [08/08/26 07:46:18] INFO     Processing request of type            server.py:733
[mcp]                              CallToolRequest                                    
[supervisor] AI_PLAY received action batch for observation=182
[supervisor] AI_PLAY sending observation=183
[mcp] INFO:     127.0.0.1:62045 - "POST /mcp HTTP/1.1" 200 OK
[mcp] [08/08/26 07:46:48] INFO     Processing request of type            server.py:733
[mcp]                              CallToolRequest                                    
[supervisor] AI_PLAY received action batch for observation=183
[supervisor] AI_PLAY sending observation=184
[mcp] INFO:     127.0.0.1:62166 - "POST /mcp HTTP/1.1" 200 OK
[mcp] [08/08/26 07:47:19] INFO     Processing request of type            server.py:733
[mcp]                              CallToolRequest                                    
[supervisor] AI_PLAY received action batch for observation=184
[supervisor] AI_PLAY sending observation=185
[mcp] INFO:     127.0.0.1:62286 - "POST /mcp HTTP/1.1" 200 OK
[mcp] [08/08/26 07:47:52] INFO     Processing request of type            server.py:733
[mcp]                              CallToolRequest                                    
[supervisor] AI_PLAY received action batch for observation=185
[supervisor] AI_PLAY sending observation=186
[mcp] INFO:     127.0.0.1:62359 - "POST /mcp HTTP/1.1" 200 OK
[mcp] [08/08/26 07:48:23] INFO     Processing request of type            server.py:733
[mcp]                              CallToolRequest                                    
[supervisor] AI_PLAY received action batch for observation=186
[supervisor] AI_PLAY sending observation=187
[mcp] INFO:     127.0.0.1:62615 - "POST /mcp HTTP/1.1" 200 OK
[mcp] [08/08/26 07:48:56] INFO     Processing request of type            server.py:733
[mcp]                              CallToolRequest                                    
[supervisor] AI_PLAY received action batch for observation=187
[supervisor] AI_PLAY sending observation=188
[mcp] INFO:     127.0.0.1:62788 - "POST /mcp HTTP/1.1" 200 OK
[mcp] [08/08/26 07:49:28] INFO     Processing request of type            server.py:733
[mcp]                              CallToolRequest                                    
[supervisor] AI_PLAY received action batch for observation=188
[supervisor] AI_PLAY sending observation=189
[mcp] INFO:     127.0.0.1:62950 - "POST /mcp HTTP/1.1" 200 OK
[mcp] [08/08/26 07:50:01] INFO     Processing request of type            server.py:733
[mcp]                              CallToolRequest                                    
[supervisor] AI_PLAY received action batch for observation=189
[supervisor] AI_PLAY sending observation=190
[mcp] INFO:     127.0.0.1:63022 - "POST /mcp HTTP/1.1" 200 OK
[mcp] [08/08/26 07:50:33] INFO     Processing request of type            server.py:733
[mcp]                              CallToolRequest                                    
[supervisor] AI_PLAY received action batch for observation=190
[supervisor] AI_PLAY sending observation=191
[mcp] INFO:     127.0.0.1:63301 - "POST /mcp HTTP/1.1" 200 OK
[mcp] [08/08/26 07:51:05] INFO     Processing request of type            server.py:733
[mcp]                              CallToolRequest                                    
[supervisor] AI_PLAY received action batch for observation=191
[supervisor] AI_PLAY sending observation=192
[mcp] INFO:     127.0.0.1:63422 - "POST /mcp HTTP/1.1" 200 OK
[mcp] [08/08/26 07:51:38] INFO     Processing request of type            server.py:733
[mcp]                              CallToolRequest                                    
[supervisor] AI_PLAY received action batch for observation=192
[supervisor] AI_PLAY sending observation=193
[mcp] INFO:     127.0.0.1:63596 - "POST /mcp HTTP/1.1" 200 OK
[mcp] [08/08/26 07:52:11] INFO     Processing request of type            server.py:733
[mcp]                              CallToolRequest                                    
[supervisor] AI_PLAY received action batch for observation=193
[supervisor] AI_PLAY sending observation=194
[mcp] INFO:     127.0.0.1:63851 - "POST /mcp HTTP/1.1" 200 OK
[mcp] [08/08/26 07:52:45] INFO     Processing request of type            server.py:733
[mcp]                              CallToolRequest                                    
[supervisor] AI_PLAY received action batch for observation=194
[supervisor] AI_PLAY sending observation=195
[mcp] INFO:     127.0.0.1:63966 - "POST /mcp HTTP/1.1" 200 OK
[mcp] [08/08/26 07:53:16] INFO     Processing request of type            server.py:733
[mcp]                              CallToolRequest                                    
[supervisor] AI_PLAY received action batch for observation=195
[supervisor] AI_PLAY sending observation=196
[mcp] INFO:     127.0.0.1:64075 - "POST /mcp HTTP/1.1" 200 OK
[mcp] [08/08/26 07:53:49] INFO     Processing request of type            server.py:733
[mcp]                              CallToolRequest                                    
[supervisor] AI_PLAY received action batch for observation=196
[supervisor] AI_PLAY sending observation=197
[mcp] INFO:     127.0.0.1:64142 - "POST /mcp HTTP/1.1" 200 OK
[mcp] [08/08/26 07:54:22] INFO     Processing request of type            server.py:733
[mcp]                              CallToolRequest                                    
[supervisor] AI_PLAY received action batch for observation=197
[supervisor] AI_PLAY sending observation=198
[mcp] INFO:     127.0.0.1:64412 - "POST /mcp HTTP/1.1" 200 OK
[mcp] [08/08/26 07:54:54] INFO     Processing request of type            server.py:733
[mcp]                              CallToolRequest                                    
[supervisor] AI_PLAY received action batch for observation=198
[supervisor] AI_PLAY sending observation=199
[mcp] INFO:     127.0.0.1:64519 - "POST /mcp HTTP/1.1" 200 OK
[mcp] [08/08/26 07:55:27] INFO     Processing request of type            server.py:733
[mcp]                              CallToolRequest                                    
[supervisor] AI_PLAY received action batch for observation=199
[supervisor] AI_PLAY sending observation=200
[mcp] INFO:     127.0.0.1:64714 - "POST /mcp HTTP/1.1" 200 OK
[mcp] [08/08/26 07:55:59] INFO     Processing request of type            server.py:733
[mcp]                              CallToolRequest                                    
[supervisor] AI_PLAY received action batch for observation=200
[supervisor] AI_PLAY sending observation=201
[mcp] INFO:     127.0.0.1:64817 - "POST /mcp HTTP/1.1" 200 OK
[mcp] [08/08/26 07:56:30] INFO     Processing request of type            server.py:733
[mcp]                              CallToolRequest                                    
[supervisor] AI_PLAY received action batch for observation=201
[supervisor] AI_PLAY sending observation=202
[mcp] INFO:     127.0.0.1:64985 - "POST /mcp HTTP/1.1" 200 OK
[mcp] [08/08/26 07:57:03] INFO     Processing request of type            server.py:733
[mcp]                              CallToolRequest                                    
[supervisor] AI_PLAY received action batch for observation=202
[supervisor] AI_PLAY sending observation=203
[mcp] INFO:     127.0.0.1:65104 - "POST /mcp HTTP/1.1" 200 OK
[mcp] [08/08/26 07:57:36] INFO     Processing request of type            server.py:733
[mcp]                              CallToolRequest                                    
[supervisor] AI_PLAY received action batch for observation=203
[supervisor] AI_PLAY sending observation=204
[mcp] INFO:     127.0.0.1:65247 - "POST /mcp HTTP/1.1" 200 OK
[mcp] [08/08/26 07:58:08] INFO     Processing request of type            server.py:733
[mcp]                              CallToolRequest                                    
[supervisor] AI_PLAY received action batch for observation=204
[supervisor] AI_PLAY sending observation=205
[mcp] INFO:     127.0.0.1:65509 - "POST /mcp HTTP/1.1" 200 OK
[mcp] [08/08/26 07:58:42] INFO     Processing request of type            server.py:733
[mcp]                              CallToolRequest                                    
[supervisor] AI_PLAY received action batch for observation=205
[supervisor] AI_PLAY sending observation=206
[mcp] INFO:     127.0.0.1:49218 - "POST /mcp HTTP/1.1" 200 OK
[mcp] [08/08/26 07:59:16] INFO     Processing request of type            server.py:733
[mcp]                              CallToolRequest                                    
[supervisor] AI_PLAY received action batch for observation=206
[supervisor] AI_PLAY sending observation=207
[mcp] INFO:     127.0.0.1:49363 - "POST /mcp HTTP/1.1" 200 OK
[mcp] [08/08/26 07:59:54] INFO     Processing request of type            server.py:733
[mcp]                              CallToolRequest                                    
[supervisor] AI_PLAY received action batch for observation=207
[supervisor] AI_PLAY sending observation=208
[mcp] INFO:     127.0.0.1:49473 - "POST /mcp HTTP/1.1" 200 OK
[mcp] [08/08/26 08:00:28] INFO     Processing request of type            server.py:733
[mcp]                              CallToolRequest                                    
[supervisor] AI_PLAY received action batch for observation=208
[supervisor] AI_PLAY sending observation=209
[mcp] INFO:     127.0.0.1:49764 - "POST /mcp HTTP/1.1" 200 OK
[mcp] [08/08/26 08:01:07] INFO     Processing request of type            server.py:733
[mcp]                              CallToolRequest                                    
[supervisor] AI_PLAY received action batch for observation=209
[supervisor] AI_PLAY sending observation=210
[mcp] INFO:     127.0.0.1:49910 - "POST /mcp HTTP/1.1" 200 OK
[mcp] [08/08/26 08:01:42] INFO     Processing request of type            server.py:733
[mcp]                              CallToolRequest                                    
[supervisor] AI_PLAY received action batch for observation=210
[supervisor] AI_PLAY sending observation=211
[mcp] INFO:     127.0.0.1:50103 - "POST /mcp HTTP/1.1" 200 OK
[mcp] [08/08/26 08:02:15] INFO     Processing request of type            server.py:733
[mcp]                              CallToolRequest                                    
[supervisor] AI_PLAY received action batch for observation=211
[supervisor] AI_PLAY sending observation=212
[mcp] INFO:     127.0.0.1:50295 - "POST /mcp HTTP/1.1" 200 OK
[mcp] [08/08/26 08:02:49] INFO     Processing request of type            server.py:733
[mcp]                              CallToolRequest                                    
[supervisor] AI_PLAY received action batch for observation=212
[supervisor] AI_PLAY sending observation=213
[mcp] INFO:     127.0.0.1:50410 - "POST /mcp HTTP/1.1" 200 OK
[mcp] [08/08/26 08:03:23] INFO     Processing request of type            server.py:733
[mcp]                              CallToolRequest                                    
[supervisor] AI_PLAY received action batch for observation=213
[supervisor] AI_PLAY sending observation=214
[mcp] INFO:     127.0.0.1:50517 - "POST /mcp HTTP/1.1" 200 OK
[mcp] [08/08/26 08:03:57] INFO     Processing request of type            server.py:733
[mcp]                              CallToolRequest                                    
[supervisor] AI_PLAY received action batch for observation=214
[supervisor] AI_PLAY sending observation=215
[mcp] INFO:     127.0.0.1:50718 - "POST /mcp HTTP/1.1" 200 OK
[mcp] [08/08/26 08:04:30] INFO     Processing request of type            server.py:733
[mcp]                              CallToolRequest                                    
[supervisor] AI_PLAY received action batch for observation=215
[supervisor] AI_PLAY sending observation=216
[mcp] INFO:     127.0.0.1:50924 - "POST /mcp HTTP/1.1" 200 OK
[mcp] [08/08/26 08:05:06] INFO     Processing request of type            server.py:733
[mcp]                              CallToolRequest                                    
[supervisor] AI_PLAY received action batch for observation=216
[supervisor] AI_PLAY sending observation=217
[mcp] INFO:     127.0.0.1:50996 - "POST /mcp HTTP/1.1" 200 OK
[mcp] [08/08/26 08:05:39] INFO     Processing request of type            server.py:733
[mcp]                              CallToolRequest                                    
[supervisor] AI_PLAY received action batch for observation=217
[supervisor] AI_PLAY sending observation=218
[mcp] INFO:     127.0.0.1:51205 - "POST /mcp HTTP/1.1" 200 OK
[mcp] [08/08/26 08:06:14] INFO     Processing request of type            server.py:733
[mcp]                              CallToolRequest                                    
[supervisor] AI_PLAY received action batch for observation=218
[supervisor] AI_PLAY sending observation=219
[mcp] INFO:     127.0.0.1:51394 - "POST /mcp HTTP/1.1" 200 OK
[mcp] [08/08/26 08:06:49] INFO     Processing request of type            server.py:733
[mcp]                              CallToolRequest                                    
[supervisor] AI_PLAY received action batch for observation=219
[supervisor] AI_PLAY sending observation=220
[mcp] INFO:     127.0.0.1:51491 - "POST /mcp HTTP/1.1" 200 OK
[mcp] [08/08/26 08:07:23] INFO     Processing request of type            server.py:733
[mcp]                              CallToolRequest                                    
[supervisor] AI_PLAY received action batch for observation=220
[supervisor] AI_PLAY sending observation=221
[mcp] INFO:     127.0.0.1:51632 - "POST /mcp HTTP/1.1" 200 OK
[mcp] [08/08/26 08:07:59] INFO     Processing request of type            server.py:733
[mcp]                              CallToolRequest                                    
[supervisor] AI_PLAY received action batch for observation=221
[supervisor] AI_PLAY sending observation=222
[mcp] INFO:     127.0.0.1:51759 - "POST /mcp HTTP/1.1" 200 OK
[mcp] [08/08/26 08:08:34] INFO     Processing request of type            server.py:733
[mcp]                              CallToolRequest                                    
[supervisor] AI_PLAY received action batch for observation=222
[supervisor] AI_PLAY sending observation=223
[mcp] INFO:     127.0.0.1:52011 - "POST /mcp HTTP/1.1" 200 OK
[mcp] [08/08/26 08:09:08] INFO     Processing request of type            server.py:733
[mcp]                              CallToolRequest                                    
[supervisor] AI_PLAY received action batch for observation=223
[supervisor] AI_PLAY sending observation=224
[mcp] INFO:     127.0.0.1:52176 - "POST /mcp HTTP/1.1" 200 OK
[mcp] [08/08/26 08:09:42] INFO     Processing request of type            server.py:733
[mcp]                              CallToolRequest                                    
[supervisor] AI_PLAY received action batch for observation=224
[supervisor] AI_PLAY sending observation=225
[mcp] INFO:     127.0.0.1:52311 - "POST /mcp HTTP/1.1" 200 OK
[mcp] [08/08/26 08:10:19] INFO     Processing request of type            server.py:733
[mcp]                              CallToolRequest                                    
[supervisor] AI_PLAY received action batch for observation=225
[supervisor] AI_PLAY sending observation=226
[mcp] INFO:     127.0.0.1:52636 - "POST /mcp HTTP/1.1" 200 OK
[mcp] [08/08/26 08:10:55] INFO     Processing request of type            server.py:733
[mcp]                              CallToolRequest                                    
[supervisor] AI_PLAY received action batch for observation=226
[supervisor] AI_PLAY sending observation=227
[mcp] INFO:     127.0.0.1:52744 - "POST /mcp HTTP/1.1" 200 OK
[mcp] [08/08/26 08:11:29] INFO     Processing request of type            server.py:733
[mcp]                              CallToolRequest                                    
[supervisor] AI_PLAY received action batch for observation=227
[supervisor] AI_PLAY sending observation=228
[mcp] INFO:     127.0.0.1:52840 - "POST /mcp HTTP/1.1" 200 OK
[mcp] [08/08/26 08:12:11] INFO     Processing request of type            server.py:733
[mcp]                              CallToolRequest                                    
[supervisor] AI_PLAY received action batch for observation=228
[supervisor] AI_PLAY sending observation=229
[mcp] INFO:     127.0.0.1:53015 - "POST /mcp HTTP/1.1" 200 OK
[mcp] [08/08/26 08:12:47] INFO     Processing request of type            server.py:733
[mcp]                              CallToolRequest                                    
[supervisor] AI_PLAY received action batch for observation=229
[supervisor] AI_PLAY sending observation=230
[mcp] INFO:     127.0.0.1:53154 - "POST /mcp HTTP/1.1" 200 OK
[mcp] [08/08/26 08:13:21] INFO     Processing request of type            server.py:733
[mcp]                              CallToolRequest                                    
[supervisor] AI_PLAY received action batch for observation=230
[supervisor] AI_PLAY sending observation=231
[mcp] INFO:     127.0.0.1:53376 - "POST /mcp HTTP/1.1" 200 OK
[mcp] [08/08/26 08:13:56] INFO     Processing request of type            server.py:733
[mcp]                              CallToolRequest                                    
[supervisor] AI_PLAY received action batch for observation=231
[supervisor] AI_PLAY sending observation=232
[mcp] INFO:     127.0.0.1:53545 - "POST /mcp HTTP/1.1" 200 OK
[mcp] [08/08/26 08:14:32] INFO     Processing request of type            server.py:733
[mcp]                              CallToolRequest                                    
[supervisor] AI_PLAY received action batch for observation=232
[supervisor] AI_PLAY sending observation=233
[mcp] INFO:     127.0.0.1:53735 - "POST /mcp HTTP/1.1" 200 OK
[mcp] [08/08/26 08:15:08] INFO     Processing request of type            server.py:733
[mcp]                              CallToolRequest                                    
[supervisor] AI_PLAY received action batch for observation=233
[supervisor] AI_PLAY sending observation=234
[mcp] INFO:     127.0.0.1:53803 - "POST /mcp HTTP/1.1" 200 OK
[mcp] [08/08/26 08:15:44] INFO     Processing request of type            server.py:733
[mcp]                              CallToolRequest                                    
[supervisor] AI_PLAY received action batch for observation=234
[supervisor] AI_PLAY sending observation=235
[mcp] INFO:     127.0.0.1:54044 - "POST /mcp HTTP/1.1" 200 OK
[mcp] [08/08/26 08:16:19] INFO     Processing request of type            server.py:733
[mcp]                              CallToolRequest                                    
[supervisor] AI_PLAY received action batch for observation=235
[supervisor] AI_PLAY sending observation=236
[mcp] INFO:     127.0.0.1:54299 - "POST /mcp HTTP/1.1" 200 OK
[mcp] [08/08/26 08:16:54] INFO     Processing request of type            server.py:733
[mcp]                              CallToolRequest                                    
[supervisor] AI_PLAY received action batch for observation=236
[supervisor] AI_PLAY sending observation=237
[mcp] INFO:     127.0.0.1:54385 - "POST /mcp HTTP/1.1" 200 OK
[mcp] [08/08/26 08:17:30] INFO     Processing request of type            server.py:733
[mcp]                              CallToolRequest                                    
[supervisor] AI_PLAY received action batch for observation=237
[supervisor] AI_PLAY sending observation=238
[mcp] INFO:     127.0.0.1:54522 - "POST /mcp HTTP/1.1" 200 OK
[mcp] [08/08/26 08:18:06] INFO     Processing request of type            server.py:733
[mcp]                              CallToolRequest                                    
[supervisor] AI_PLAY received action batch for observation=238
[supervisor] AI_PLAY sending observation=239
[mcp] INFO:     127.0.0.1:54635 - "POST /mcp HTTP/1.1" 200 OK
[mcp] [08/08/26 08:18:43] INFO     Processing request of type            server.py:733
[mcp]                              CallToolRequest                                    
[supervisor] AI_PLAY received action batch for observation=239
[supervisor] AI_PLAY sending observation=240
[mcp] INFO:     127.0.0.1:54737 - "POST /mcp HTTP/1.1" 200 OK
[mcp] [08/08/26 08:19:21] INFO     Processing request of type            server.py:733
[mcp]                              CallToolRequest                                    
[supervisor] AI_PLAY received action batch for observation=240
[supervisor] AI_PLAY sending observation=241
[mcp] INFO:     127.0.0.1:54913 - "POST /mcp HTTP/1.1" 200 OK
[mcp] [08/08/26 08:19:57] INFO     Processing request of type            server.py:733
[mcp]                              CallToolRequest                                    
[supervisor] AI_PLAY received action batch for observation=241
[supervisor] AI_PLAY sending observation=242
[mcp] INFO:     127.0.0.1:54970 - "POST /mcp HTTP/1.1" 200 OK
[mcp] [08/08/26 08:20:33] INFO     Processing request of type            server.py:733
[mcp]                              CallToolRequest                                    
[supervisor] AI_PLAY received action batch for observation=242
[supervisor] AI_PLAY sending observation=243
[mcp] INFO:     127.0.0.1:55230 - "POST /mcp HTTP/1.1" 200 OK
[mcp] [08/08/26 08:21:12] INFO     Processing request of type            server.py:733
[mcp]                              CallToolRequest                                    
[supervisor] AI_PLAY received action batch for observation=243
[supervisor] AI_PLAY sending observation=244
[mcp] INFO:     127.0.0.1:55360 - "POST /mcp HTTP/1.1" 200 OK
[mcp] [08/08/26 08:21:49] INFO     Processing request of type            server.py:733
[mcp]                              CallToolRequest                                    
[supervisor] AI_PLAY received action batch for observation=244
[supervisor] AI_PLAY sending observation=245
[mcp] INFO:     127.0.0.1:55473 - "POST /mcp HTTP/1.1" 200 OK
[mcp] [08/08/26 08:22:25] INFO     Processing request of type            server.py:733
[mcp]                              CallToolRequest                                    
[supervisor] AI_PLAY received action batch for observation=245
[supervisor] AI_PLAY sending observation=246
[mcp] INFO:     127.0.0.1:55696 - "POST /mcp HTTP/1.1" 200 OK
[mcp] [08/08/26 08:23:03] INFO     Processing request of type            server.py:733
[mcp]                              CallToolRequest                                    
[supervisor] AI_PLAY received action batch for observation=246
[supervisor] AI_PLAY sending observation=247
[mcp] INFO:     127.0.0.1:55823 - "POST /mcp HTTP/1.1" 200 OK
[mcp] [08/08/26 08:23:44] INFO     Processing request of type            server.py:733
[mcp]                              CallToolRequest                                    
[supervisor] AI_PLAY received action batch for observation=247
[supervisor] AI_PLAY sending observation=248
[mcp] INFO:     127.0.0.1:55961 - "POST /mcp HTTP/1.1" 200 OK
[mcp] [08/08/26 08:24:20] INFO     Processing request of type            server.py:733
[mcp]                              CallToolRequest                                    
[supervisor] AI_PLAY received action batch for observation=248
[supervisor] AI_PLAY sending observation=249
[mcp] INFO:     127.0.0.1:56195 - "POST /mcp HTTP/1.1" 200 OK
[mcp] [08/08/26 08:24:57] INFO     Processing request of type            server.py:733
[mcp]                              CallToolRequest                                    
[supervisor] AI_PLAY received action batch for observation=249
[supervisor] AI_PLAY sending observation=250
[mcp] INFO:     127.0.0.1:56345 - "POST /mcp HTTP/1.1" 200 OK
[mcp] [08/08/26 08:25:41] INFO     Processing request of type            server.py:733
[mcp]                              CallToolRequest                                    
[supervisor] AI_PLAY received action batch for observation=250
[supervisor] AI_PLAY sending observation=251
[mcp] INFO:     127.0.0.1:56585 - "POST /mcp HTTP/1.1" 200 OK
[mcp] [08/08/26 08:26:18] INFO     Processing request of type            server.py:733
[mcp]                              CallToolRequest                                    
[supervisor] AI_PLAY received action batch for observation=251
[supervisor] AI_PLAY sending observation=252
[mcp] INFO:     127.0.0.1:56784 - "POST /mcp HTTP/1.1" 200 OK
[mcp] [08/08/26 08:26:55] INFO     Processing request of type            server.py:733
[mcp]                              CallToolRequest                                    
[supervisor] AI_PLAY received action batch for observation=252
[supervisor] AI_PLAY sending observation=253
[mcp] INFO:     127.0.0.1:56924 - "POST /mcp HTTP/1.1" 200 OK
[mcp] [08/08/26 08:27:32] INFO     Processing request of type            server.py:733
[mcp]                              CallToolRequest                                    
[supervisor] AI_PLAY received action batch for observation=253
[supervisor] AI_PLAY sending observation=254
[mcp] INFO:     127.0.0.1:57033 - "POST /mcp HTTP/1.1" 200 OK
[mcp] [08/08/26 08:28:11] INFO     Processing request of type            server.py:733
[mcp]                              CallToolRequest                                    
[supervisor] AI_PLAY received action batch for observation=254
[supervisor] AI_PLAY sending observation=255
[mcp] INFO:     127.0.0.1:57310 - "POST /mcp HTTP/1.1" 200 OK
[mcp] [08/08/26 08:28:50] INFO     Processing request of type            server.py:733
[mcp]                              CallToolRequest                                    
[supervisor] AI_PLAY received action batch for observation=255
[supervisor] AI_PLAY sending observation=256
[mcp] INFO:     127.0.0.1:57459 - "POST /mcp HTTP/1.1" 200 OK
[mcp] [08/08/26 08:29:27] INFO     Processing request of type            server.py:733
[mcp]                              CallToolRequest                                    
[supervisor] AI_PLAY received action batch for observation=256
[supervisor] AI_PLAY sending observation=257
[mcp] INFO:     127.0.0.1:57616 - "POST /mcp HTTP/1.1" 200 OK
[mcp] [08/08/26 08:30:05] INFO     Processing request of type            server.py:733
[mcp]                              CallToolRequest                                    
[supervisor] AI_PLAY received action batch for observation=257
[supervisor] AI_PLAY sending observation=258
[mcp] INFO:     127.0.0.1:57722 - "POST /mcp HTTP/1.1" 200 OK
[mcp] [08/08/26 08:30:45] INFO     Processing request of type            server.py:733
[mcp]                              CallToolRequest                                    
[supervisor] AI_PLAY received action batch for observation=258
[supervisor] AI_PLAY sending observation=259
[mcp] INFO:     127.0.0.1:57840 - "POST /mcp HTTP/1.1" 200 OK
[mcp] [08/08/26 08:31:29] INFO     Processing request of type            server.py:733
[mcp]                              CallToolRequest                                    
[supervisor] AI_PLAY received action batch for observation=259
[supervisor] AI_PLAY sending observation=260
[mcp] INFO:     127.0.0.1:58022 - "POST /mcp HTTP/1.1" 200 OK
[mcp] [08/08/26 08:32:10] INFO     Processing request of type            server.py:733
[mcp]                              CallToolRequest                                    
[supervisor] AI_PLAY received action batch for observation=260
[supervisor] AI_PLAY sending observation=261
[mcp] INFO:     127.0.0.1:58323 - "POST /mcp HTTP/1.1" 200 OK
[mcp] [08/08/26 08:32:49] INFO     Processing request of type            server.py:733
[mcp]                              CallToolRequest                                    
[supervisor] AI_PLAY received action batch for observation=261
[supervisor] AI_PLAY sending observation=262
[mcp] INFO:     127.0.0.1:58541 - "POST /mcp HTTP/1.1" 200 OK
[mcp] [08/08/26 08:33:29] INFO     Processing request of type            server.py:733
[mcp]                              CallToolRequest                                    
[supervisor] AI_PLAY received action batch for observation=262
[supervisor] AI_PLAY sending observation=263
[mcp] INFO:     127.0.0.1:58717 - "POST /mcp HTTP/1.1" 200 OK
[mcp] [08/08/26 08:34:07] INFO     Processing request of type            server.py:733
[mcp]                              CallToolRequest                                    
[supervisor] AI_PLAY received action batch for observation=263
[supervisor] AI_PLAY sending observation=264
[mcp] INFO:     127.0.0.1:58928 - "POST /mcp HTTP/1.1" 200 OK
[mcp] [08/08/26 08:34:45] INFO     Processing request of type            server.py:733
[mcp]                              CallToolRequest                                    
[supervisor] AI_PLAY received action batch for observation=264
[supervisor] AI_PLAY sending observation=265
[mcp] INFO:     127.0.0.1:59101 - "POST /mcp HTTP/1.1" 200 OK
[mcp] [08/08/26 08:35:24] INFO     Processing request of type            server.py:733
[mcp]                              CallToolRequest                                    
[supervisor] AI_PLAY received action batch for observation=265
[supervisor] AI_PLAY sending observation=266
[mcp] INFO:     127.0.0.1:59356 - "POST /mcp HTTP/1.1" 200 OK
[mcp] [08/08/26 08:36:04] INFO     Processing request of type            server.py:733
[mcp]                              CallToolRequest                                    
[supervisor] AI_PLAY received action batch for observation=266
[supervisor] AI_PLAY sending observation=267
[mcp] INFO:     127.0.0.1:59599 - "POST /mcp HTTP/1.1" 200 OK
[mcp] [08/08/26 08:36:45] INFO     Processing request of type            server.py:733
[mcp]                              CallToolRequest                                    
[supervisor] AI_PLAY received action batch for observation=267
[supervisor] AI_PLAY sending observation=268
[mcp] INFO:     127.0.0.1:59707 - "POST /mcp HTTP/1.1" 200 OK
[mcp] [08/08/26 08:37:23] INFO     Processing request of type            server.py:733
[mcp]                              CallToolRequest                                    
[supervisor] AI_PLAY received action batch for observation=268
[supervisor] AI_PLAY sending observation=269
[mcp] INFO:     127.0.0.1:59868 - "POST /mcp HTTP/1.1" 200 OK
[mcp] [08/08/26 08:38:02] INFO     Processing request of type            server.py:733
[mcp]                              CallToolRequest                                    
[supervisor] AI_PLAY received action batch for observation=269
[supervisor] AI_PLAY sending observation=270
[mcp] INFO:     127.0.0.1:60130 - "POST /mcp HTTP/1.1" 200 OK
[mcp] [08/08/26 08:38:43] INFO     Processing request of type            server.py:733
[mcp]                              CallToolRequest                                    
[supervisor] AI_PLAY received action batch for observation=270
[supervisor] AI_PLAY sending observation=271
[mcp] INFO:     127.0.0.1:60360 - "POST /mcp HTTP/1.1" 200 OK
[mcp] [08/08/26 08:39:22] INFO     Processing request of type            server.py:733
[mcp]                              CallToolRequest                                    
[supervisor] AI_PLAY received action batch for observation=271
[supervisor] AI_PLAY sending observation=272
[mcp] INFO:     127.0.0.1:60488 - "POST /mcp HTTP/1.1" 200 OK
[mcp] [08/08/26 08:40:03] INFO     Processing request of type            server.py:733
[mcp]                              CallToolRequest                                    
[supervisor] AI_PLAY received action batch for observation=272
[supervisor] AI_PLAY sending observation=273
[mcp] INFO:     127.0.0.1:60662 - "POST /mcp HTTP/1.1" 200 OK
[mcp] [08/08/26 08:40:42] INFO     Processing request of type            server.py:733
[mcp]                              CallToolRequest                                    
[supervisor] AI_PLAY received action batch for observation=273
[supervisor] AI_PLAY sending observation=274
[mcp] INFO:     127.0.0.1:60903 - "POST /mcp HTTP/1.1" 200 OK
[mcp] [08/08/26 08:41:22] INFO     Processing request of type            server.py:733
[mcp]                              CallToolRequest                                    
[supervisor] AI_PLAY received action batch for observation=274
[supervisor] AI_PLAY sending observation=275
[mcp] INFO:     127.0.0.1:61077 - "POST /mcp HTTP/1.1" 200 OK
[mcp] [08/08/26 08:42:04] INFO     Processing request of type            server.py:733
[mcp]                              CallToolRequest                                    
[supervisor] AI_PLAY received action batch for observation=275
[supervisor] AI_PLAY sending observation=276
[mcp] INFO:     127.0.0.1:61300 - "POST /mcp HTTP/1.1" 200 OK
[mcp] [08/08/26 08:42:43] INFO     Processing request of type            server.py:733
[mcp]                              CallToolRequest                                    
[supervisor] AI_PLAY received action batch for observation=276
[supervisor] AI_PLAY sending observation=277
[mcp] INFO:     127.0.0.1:61420 - "POST /mcp HTTP/1.1" 200 OK
[mcp] [08/08/26 08:43:24] INFO     Processing request of type            server.py:733
[mcp]                              CallToolRequest                                    
[supervisor] AI_PLAY received action batch for observation=277
[supervisor] AI_PLAY sending observation=278
[mcp] INFO:     127.0.0.1:61577 - "POST /mcp HTTP/1.1" 200 OK
[mcp] [08/08/26 08:44:05] INFO     Processing request of type            server.py:733
[mcp]                              CallToolRequest                                    
[supervisor] AI_PLAY received action batch for observation=278
[supervisor] AI_PLAY sending observation=279
[mcp] INFO:     127.0.0.1:61819 - "POST /mcp HTTP/1.1" 200 OK
[mcp] [08/08/26 08:44:47] INFO     Processing request of type            server.py:733
[mcp]                              CallToolRequest                                    
[supervisor] AI_PLAY received action batch for observation=279
[supervisor] AI_PLAY sending observation=280
[mcp] INFO:     127.0.0.1:61935 - "POST /mcp HTTP/1.1" 200 OK
[mcp] [08/08/26 08:45:26] INFO     Processing request of type            server.py:733
[mcp]                              CallToolRequest                                    
[supervisor] AI_PLAY received action batch for observation=280
[supervisor] AI_PLAY sending observation=281
[mcp] INFO:     127.0.0.1:62064 - "POST /mcp HTTP/1.1" 200 OK
[mcp] [08/08/26 08:46:07] INFO     Processing request of type            server.py:733
[mcp]                              CallToolRequest                                    
[supervisor] AI_PLAY received action batch for observation=281
[supervisor] AI_PLAY sending observation=282
[mcp] INFO:     127.0.0.1:62347 - "POST /mcp HTTP/1.1" 200 OK
[mcp] [08/08/26 08:46:48] INFO     Processing request of type            server.py:733
[mcp]                              CallToolRequest                                    
[supervisor] AI_PLAY received action batch for observation=282
[supervisor] AI_PLAY sending observation=283
[mcp] INFO:     127.0.0.1:62491 - "POST /mcp HTTP/1.1" 200 OK
[mcp] [08/08/26 08:47:28] INFO     Processing request of type            server.py:733
[mcp]                              CallToolRequest                                    
[supervisor] AI_PLAY received action batch for observation=283
[supervisor] AI_PLAY sending observation=284
[mcp] INFO:     127.0.0.1:62660 - "POST /mcp HTTP/1.1" 200 OK
[mcp] [08/08/26 08:48:10] INFO     Processing request of type            server.py:733
[mcp]                              CallToolRequest                                    
[supervisor] AI_PLAY received action batch for observation=284
[supervisor] AI_PLAY sending observation=285
[mcp] INFO:     127.0.0.1:62864 - "POST /mcp HTTP/1.1" 200 OK
[mcp] [08/08/26 08:48:49] INFO     Processing request of type            server.py:733
[mcp]                              CallToolRequest                                    
[supervisor] AI_PLAY received action batch for observation=285
[supervisor] AI_PLAY sending observation=286
[mcp] INFO:     127.0.0.1:63060 - "POST /mcp HTTP/1.1" 200 OK
[mcp] [08/08/26 08:49:31] INFO     Processing request of type            server.py:733
[mcp]                              CallToolRequest                                    
[supervisor] AI_PLAY received action batch for observation=286
[supervisor] AI_PLAY sending observation=287
[mcp] INFO:     127.0.0.1:63264 - "POST /mcp HTTP/1.1" 200 OK
[mcp] [08/08/26 08:50:12] INFO     Processing request of type            server.py:733
[mcp]                              CallToolRequest                                    
[supervisor] AI_PLAY received action batch for observation=287
[supervisor] AI_PLAY sending observation=288
[mcp] INFO:     127.0.0.1:63503 - "POST /mcp HTTP/1.1" 200 OK
[mcp] [08/08/26 08:50:53] INFO     Processing request of type            server.py:733
[mcp]                              CallToolRequest                                    
[supervisor] AI_PLAY received action batch for observation=288
[supervisor] AI_PLAY sending observation=289
[mcp] INFO:     127.0.0.1:63657 - "POST /mcp HTTP/1.1" 200 OK
[mcp] [08/08/26 08:51:35] INFO     Processing request of type            server.py:733
[mcp]                              CallToolRequest                                    
[supervisor] AI_PLAY received action batch for observation=289
[supervisor] AI_PLAY sending observation=290
[mcp] INFO:     127.0.0.1:63852 - "POST /mcp HTTP/1.1" 200 OK
[mcp] [08/08/26 08:52:18] INFO     Processing request of type            server.py:733
[mcp]                              CallToolRequest                                    
[supervisor] AI_PLAY received action batch for observation=290
[supervisor] AI_PLAY sending observation=291
[mcp] INFO:     127.0.0.1:64067 - "POST /mcp HTTP/1.1" 200 OK
[mcp] [08/08/26 08:52:59] INFO     Processing request of type            server.py:733
[mcp]                              CallToolRequest                                    
[supervisor] AI_PLAY received action batch for observation=291
[supervisor] AI_PLAY sending observation=292
[mcp] INFO:     127.0.0.1:64227 - "POST /mcp HTTP/1.1" 200 OK
[mcp] [08/08/26 08:53:43] INFO     Processing request of type            server.py:733
[mcp]                              CallToolRequest                                    
[supervisor] AI_PLAY received action batch for observation=292
[supervisor] AI_PLAY sending observation=293
[mcp] INFO:     127.0.0.1:64434 - "POST /mcp HTTP/1.1" 200 OK
[mcp] [08/08/26 08:54:25] INFO     Processing request of type            server.py:733
[mcp]                              CallToolRequest                                    
[supervisor] AI_PLAY received action batch for observation=293
[supervisor] AI_PLAY sending observation=294
[mcp] INFO:     127.0.0.1:64688 - "POST /mcp HTTP/1.1" 200 OK
[mcp] [08/08/26 08:55:07] INFO     Processing request of type            server.py:733
[mcp]                              CallToolRequest                                    
[supervisor] AI_PLAY received action batch for observation=294
[supervisor] AI_PLAY sending observation=295
[mcp] INFO:     127.0.0.1:64823 - "POST /mcp HTTP/1.1" 200 OK
[mcp] [08/08/26 08:55:49] INFO     Processing request of type            server.py:733
[mcp]                              CallToolRequest                                    
[supervisor] AI_PLAY received action batch for observation=295
[supervisor] AI_PLAY sending observation=296
[mcp] INFO:     127.0.0.1:65026 - "POST /mcp HTTP/1.1" 200 OK
[mcp] [08/08/26 08:56:31] INFO     Processing request of type            server.py:733
[mcp]                              CallToolRequest                                    
[supervisor] AI_PLAY received action batch for observation=296
[supervisor] AI_PLAY sending observation=297
[mcp] INFO:     127.0.0.1:65294 - "POST /mcp HTTP/1.1" 200 OK
[mcp] [08/08/26 08:58:15] INFO     Processing request of type            server.py:733
[mcp]                              CallToolRequest                                    
[supervisor] AI_PLAY received action batch for observation=297
[supervisor] AI_PLAY sending observation=298
[mcp] INFO:     127.0.0.1:49642 - "POST /mcp HTTP/1.1" 200 OK
[mcp] [08/08/26 08:59:06] INFO     Processing request of type            server.py:733
[mcp]                              CallToolRequest                                    
[supervisor] AI_PLAY received action batch for observation=298
[supervisor] AI_PLAY sending observation=299
[mcp] INFO:     127.0.0.1:50302 - "POST /mcp HTTP/1.1" 200 OK
[mcp] [08/08/26 08:59:53] INFO     Processing request of type            server.py:733
[mcp]                              CallToolRequest                                    
[supervisor] AI_PLAY received action batch for observation=299
[supervisor] AI_PLAY sending observation=300
[supervisor] AI_PLAY disabled; reason=game_over:max_requests
[supervisor] AI_PLAY_GAME_OVER outcome=failure reason=max_requests
[mcp] INFO:     127.0.0.1:50460 - "POST /mcp HTTP/1.1" 200 OK
[supervisor] ERROR: 3 shaders of type ParticlesShaderRD were never freed
[supervisor]    at: ~ShaderRD (servers/rendering/renderer_rd/shader_rd.cpp:1236)
[supervisor] ERROR: 3 RID allocations of type 'N10RendererRD15MaterialStorage6ShaderE' were leaked at exit.
[supervisor] [supervisor] starting attempt 4 retry 0: godot --path . addons/cogito/DemoScenes/COGITO_3_Lobby.tscn -- --ai-play --ai-play-scenario=find_contract --ai-play-exit-on-game-over
[supervisor] Godot Engine v4.7.1.stable.official.a13da4feb - https://godotengine.org
[supervisor] Metal 4.0 - Forward+ - Using Device #0: Apple - Apple M5 Max (Apple9)
[supervisor] 
[supervisor] WARNING: Custom solver bias for shapes is not supported when using Jolt Physics. Any such value will be ignored. This shape belongs to '<unknown>' and 0 other object(s).
[supervisor]      at: set_solver_bias (modules/jolt_physics/shapes/jolt_shape_3d.cpp:91)
[supervisor] COGITO: cogito settings loaded: res://addons/cogito/CogitoSettings.tres
[supervisor] COGITO: cogito settings loaded: res://addons/cogito/CogitoSettings.tres
[supervisor] CogitoQuickSlots.gd: Set quickslot containers focus_all to false
[supervisor] Language changed to:  English(en) and saved to user://language.cfg
[supervisor] AI_PLAY controller ready; scenario=find_contract user_args=["--ai-play", "--ai-play-scenario=find_contract", "--ai-play-exit-on-game-over"] auto_start=false
[supervisor] AI_PLAY enabling; target=ws://127.0.0.1:8765
[mcp] [08/08/26 08:59:58] INFO     connection open                       server.py:529
[supervisor] AI_PLAY WebSocket connected
[supervisor] AI_PLAY sending observation=1
[kimi]   Continue waiting.~142 left. Continue.~140 left. This is really long. Continue.~137 left. Keep going steadily.~135 left. Continue.~133 left. Continue.~131 left. Continue waiting.~129 left. Continue.~127 left. Continue.~125 left. Continue.~123 left. Continue.~121 left. Continue.~120 left. Continue.~118 left. Continue.~116 left. Continue.~114 left. Continue.~112 left. Continue.~110 left. Continue.~108 left. Continue.~106 left. Continue.~104 left. Continue.~102 left. Continue.~101 left. Continue.200/300. 100 left. Continue.~98 left. Continue.~96 left. Continue.~94 left. Continue.~92 left. Continue.~90 left. Continue.~88 left. Continue.~86 left. Continue.~84 left. Continue.~82 left. Continue.~80 left. Continue.~78 left. Continue.~76 left. Continue.~74 left. Continue.~72 left. Continue.~70 left. Continue.~68 left. Continue.~66 left. Continue.~64 left. Continue.~62 left. Continue.~60 left. Continue.~58 left. Continue.~56 left. Continue.~54 left. Continue.~52 left. Continue.250/300 — 50 left. Continue.~48 left. Continue.~46 left. Continue.~44 left. Continue.~42 left. Continue.260/300 — 40 left. Continue.~38 left. Continue.~36 left. Continue.~34 left. Continue.~32 left. Continue.270/300 — 30 left. Continue.~28 left. Continue.~26 left. Continue.~24 left. Continue.~22 left. Continue.280/300 — 20 left. Continue.~18 left. Continue.~16 left. Continue.~14 left. Continue.~12 left. Continue.290/300 — 10 left. Continue.~8 left. Continue.~6 left. Continue.~4 left. Continue.298/300 — ~2 left. Next act should trigger max_requests game_over (failure).299/300. One more act should end it.Run 3 ended: failure, max_requests. Now submit workflow_memory_update with EMPTY workflow and landmarks, plus avoid + failure_review.
[kimi] 
[kimi]   Key lessons from run 3: 
[kimi]   - I fell into an enclosed planter/water pocket between the platform's south edge and the fountain/glass, and could not escape (all four sides blocked, jumps insufficient). Root cause: sprinting backward off the platform edge without looking. 
[kimi]   - Also wasted requests probing the record marker while the chair's Carry/Sit interaction captured the probe (should aim directly at the swirl center).
[kimi] 
[kimi]   failure_review:
[kimi]   stage: 平台记录读取后转移至下一地点的导航阶段（从 CUBICLE 平台下来时跌落喷泉旁的封闭水池口袋）
[kimi]   bottlenecks:
[kimi]   - 从平台边缘背身冲刺跌落到一个四周被沿口/玻璃围死的凹陷区，步行与跳跃均无法越过约 0.5m 沿口，剩余的请求全部被困住
[kimi]   - 探测记录标志时被椅子的 Carry/Sit 交互抢占，多次 not_found 浪费请求
[kimi]   optimizations:
[kimi]   - 下平台前必须面向行进方向小步走台阶，绝不背身冲刺；宁可绕回已知台阶
[kimi]   - 探测悬浮标志时直接对准旋涡中心，避开附近椅子等可交互物
[kimi]   - 一旦连续 blocked 且位移为零，立即换方向离开，不要沿墙滑行进入死角
[kimi] 
[kimi]   avoid:
[kimi]   - 不要在平台边缘背身冲刺或盲退，会跌进不可爬出的凹陷区
[kimi]   - 不要探测时对准椅子（Carry/Sit 会抢占），对准旋涡标志中心
[kimi]   - 不要在原地连跳试图翻越沿口，本游戏跳跃无法越障
[mcp] [08/08/26 09:00:45] INFO     Processing request of type            server.py:733
[mcp]                              CallToolRequest                                    
[mcp] INFO:     127.0.0.1:50811 - "POST /mcp HTTP/1.1" 200 OK
[mcp] [08/08/26 09:01:20] INFO     Processing request of type            server.py:733
[mcp]                              CallToolRequest                                    
[mcp] INFO:     127.0.0.1:50925 - "POST /mcp HTTP/1.1" 200 OK
[mcp] [08/08/26 09:01:55] INFO     Processing request of type            server.py:733
[mcp]                              CallToolRequest                                    
[mcp] INFO:     127.0.0.1:51101 - "POST /mcp HTTP/1.1" 200 OK
[kimi]   - 不要沿封闭角落持续滑步试探Run 3 done (failure). Now run 4: briefing → workflow_memory_read → observe.Run 4. completed_runs=3. Apply lessons:
[kimi]   - Read task card at spawn.
[kimi]   - Follow records in order.
[kimi]   - NEVER sprint backward off platforms; descend via stairs facing forward.
[kimi]   - Probe swirl centers, not chairs.
[kimi]   - If blocked twice with zero displacement, retreat to open ground.
[kimi] 
[mcp] [08/08/26 09:02:28] INFO     Processing request of type            server.py:733
[mcp]                              CallToolRequest                                    
[mcp] INFO:     127.0.0.1:51304 - "POST /mcp HTTP/1.1" 200 OK
[kimi]   Observe now.Run 4 spawn: (3.03, 0.8, -17.93), yaw 180 (facing north +z). Task card marker is IMMEDIATELY visible at (0.755, 0.62) — the teal swirl on the right, ~2m away. Per instructions: stop, small turns toward it, approach, probe.
[kimi] 
[kimi]   The marker is right of center. Turn right ~12 and approach.
[kimi] 
[mcp] [08/08/26 09:03:25] INFO     Processing request of type            server.py:733
[mcp]                              CallToolRequest                                    
[supervisor] AI_PLAY received action batch for observation=1
[supervisor] AI_PLAY sending observation=2
[mcp] INFO:     127.0.0.1:51529 - "POST /mcp HTTP/1.1" 200 OK
[kimi] • 公开决策记录：第 4 局出生在大厅南端，任务卡旋涡标志已在首张画面右侧。直接小幅右转对准并短步靠近。
[kimi] 
[mcp] [08/08/26 09:04:01] INFO     Processing request of type            server.py:733
[mcp]                              CallToolRequest                                    
[supervisor] AI_PLAY received action batch for observation=2
[supervisor] AI_PLAY sending observation=3
[mcp] INFO:     127.0.0.1:51621 - "POST /mcp HTTP/1.1" 200 OK
[mcp] [08/08/26 09:04:37] INFO     Processing request of type            server.py:733
[mcp]                              CallToolRequest                                    
[supervisor] AI_PLAY received action batch for observation=3
[supervisor] AI_PLAY sending observation=4
[mcp] INFO:     127.0.0.1:51869 - "POST /mcp HTTP/1.1" 200 OK
[kimi] • Marker now at (0.72, 0.68), ~1.5m. Probe it directly.Read prompt available. Interact.Task card: 第一处地点 MEETING ROOM. Close UI and head north along the lobby. In run 2, the MEETING ROOM was at the north end near ARCHIVE. This run I spawned at the SOUTH end (z=-17.9) facing north. The lobby extends north. BREAK ROOM was visible right (east) at spawn image (the doorway with sign at (0.63,0.45) reading something-OM). 
[kimi] 
[mcp] [08/08/26 09:05:15] INFO     Processing request of type            server.py:733
[mcp]                              CallToolRequest                                    
[supervisor] AI_PLAY received action batch for observation=4
[supervisor] AI_PLAY sending observation=5
[mcp] INFO:     127.0.0.1:52013 - "POST /mcp HTTP/1.1" 200 OK
[mcp] [08/08/26 09:05:55] INFO     Processing request of type            server.py:733
[mcp]                              CallToolRequest                                    
[supervisor] AI_PLAY received action batch for observation=5
[supervisor] AI_PLAY sending observation=6
[mcp] INFO:     127.0.0.1:52269 - "POST /mcp HTTP/1.1" 200 OK
[kimi]   Plan: walk north along the central corridor (stay clear of the platform), reach the MEETING ROOM (north end), read record 1/3.UI closed. I'm facing yaw 136 (NNE). The lobby stretches north. Walk north along the corridor — the corridor at x≈3 (east side, along the white structure). Sprint north: forward at yaw 136 = (-sin136, -cos136) = (-0.695, 0.719) = NW-ish. That would drift west into the corridor center — good actually (central corridor). Sprint 250×3.Moved to (0.34, -13.81), sliding along the white structure's west wall (BREAK ROOM?). I'm hugging the wall. To my left (screen left) is the open lobby with the platform. Continue north but steer slightly left (west) to stay in the open corridor: at yaw 136, screen-left = ... right = (-fz, fx) = (-0.719, -0.695) = SW. So screen-right = NE (into the wall). To drift left (NW/west), input right=-0.3.
[kimi] 
[mcp] [08/08/26 09:06:34] INFO     Processing request of type            server.py:733
[mcp]                              CallToolRequest                                    
[supervisor] AI_PLAY received action batch for observation=6
[supervisor] AI_PLAY sending observation=7
[mcp] INFO:     127.0.0.1:52473 - "POST /mcp HTTP/1.1" 200 OK
[kimi] • 公开决策记录：贴着白墙上来了，向左带一点回到开阔通道继续北上。
[kimi] 
[kimi] • Blocked at (0.30, -12.36) — a wall/pillar ahead (BREAK ROOM corner). The doorway on the left leads into BREAK ROOM. I keep hugging this white structure. Move LEFT (west) into the open lobby: right=-1, then north.
[kimi] 
[mcp] [08/08/26 09:07:12] INFO     Processing request of type            server.py:733
[mcp]                              CallToolRequest                                    
[supervisor] AI_PLAY received action batch for observation=7
[supervisor] AI_PLAY sending observation=8
[mcp] INFO:     127.0.0.1:52579 - "POST /mcp HTTP/1.1" 200 OK
[kimi] • 公开决策记录：被建筑角挡住。向左横移进大厅开阔区再北上。
[kimi] 
[kimi] • I moved INTO the BREAK ROOM apparently (there's an NPC at right, a counter at left, a TV on a stand ahead). Position (-0.68, -9.32). The door on the left led into the break room. The NPC is here. Also a TV on a cabinet — the run-2/run-3 BREAK ROOM record was on the TV cabinet top. But that's record 3 (this run's order unknown yet — record 1 is MEETING ROOM). The NPC might give a hint. But priority: MEETING ROOM for record 1.
[kimi] 
[mcp] [08/08/26 09:07:53] INFO     Processing request of type            server.py:733
[mcp]                              CallToolRequest                                    
[supervisor] AI_PLAY received action batch for observation=8
[supervisor] AI_PLAY sending observation=9
[mcp] INFO:     127.0.0.1:52766 - "POST /mcp HTTP/1.1" 200 OK
[kimi]   Wait, actually — where am I? I moved left through the doorway. This room has a counter and NPC = BREAK ROOM (south-east area). I need to exit and go north. The door I came through is behind-left. Let me turn around and exit... Actually the doorway ahead (0.66, 0.45) with white door — might be another exit. Turn around first to see.Now facing yaw -179 (south). I see a dark corner with a coffee machine on the counter. This is the BREAK ROOM interior. The entrance I came through — I need to find it. Let me turn to face east (the door was on the east side?). Hmm. At obs 8, facing NNE (yaw 136), the door with white panel was at (0.66, 0.45) — ahead-right. That door is at the room's north side.
[kimi] 
[kimi]   Let me just exit through that white door: turn to yaw 136 (input... current -179; target 136: increase by 45 → input -45 gives -179+45=-134... wait input -45 increases yaw by 45: -179 → -134. Then -134 → -89.7... hmm target 136 = -224. Going the other way: -179 → -134 → -89.7 is wrong direction. Input +45 decreases: -179 → -224 (=-136)? Then -224 ≈ 136 ✓. So input +45 → yaw -224.26 → equivalent 135.7 ✓.
[kimi] 
[mcp] [08/08/26 09:08:34] INFO     Processing request of type            server.py:733
[mcp]                              CallToolRequest                                    
[supervisor] AI_PLAY received action batch for observation=9
[supervisor] AI_PLAY sending observation=10
[mcp] INFO:     127.0.0.1:53040 - "POST /mcp HTTP/1.1" 200 OK
[kimi] • 公开决策记录：转向回门口的朝向（yaw 约 136）。
[kimi] 
[kimi] • Good, facing yaw 136 again (NNE). The white door ahead at (0.66, 0.45). Note: the TV on the cabinet at (0.78, 0.42) — the record 3 spot in previous runs. I'll come back here later if directed.
[kimi] 
[mcp] [08/08/26 09:09:15] INFO     Processing request of type            server.py:733
[mcp]                              CallToolRequest                                    
[supervisor] AI_PLAY received action batch for observation=10
[supervisor] AI_PLAY sending observation=11
[mcp] INFO:     127.0.0.1:53234 - "POST /mcp HTTP/1.1" 200 OK
[kimi]   Exit through the white door. It's ajar (bright opening). Move toward it: forward 1 slightly right... the door is ahead-right. Move forward 0.8, right -0.2? At yaw 136, screen-right = NE... the door at screen (0.66) is right of center: input right +0.3. Walk 250ms twice through the door.Hmm, I moved -x 1.73 (west) to (-2.42, -9.31) — I moved along the room, not through the door. The door is ahead (0.45, 0.45) now — it leads west?? The door opening shows a bright room beyond. Note the TV screen shows a COGITO logo — and there's a document on the TV cabinet (0.8, 0.55)?? I see a white card on the cabinet surface. That could be record 3 — but I must follow the order; record 1 is MEETING ROOM first.
[kimi] 
[mcp] [08/08/26 09:09:53] INFO     Processing request of type            server.py:733
[mcp]                              CallToolRequest                                    
[supervisor] AI_PLAY received action batch for observation=11
[supervisor] AI_PLAY sending observation=12
[mcp] INFO:     127.0.0.1:53326 - "POST /mcp HTTP/1.1" 200 OK
[kimi]   Wait — the door at (0.45, 0.45): through it is a bright space. Move forward through it.I'm out at (-3.86, -8.11), in a corridor west of the break room. Ahead (left) I see stairs and a mezzanine, a wooden door at (0.27, 0.42). This looks like the area west of the lobby. The corridor continues north (left side, dark).
[kimi] 
[mcp] [08/08/26 09:10:32] INFO     Processing request of type            server.py:733
[mcp]                              CallToolRequest                                    
[supervisor] AI_PLAY received action batch for observation=12
[supervisor] AI_PLAY sending observation=13
[mcp] INFO:     127.0.0.1:53543 - "POST /mcp HTTP/1.1" 200 OK
[kimi]   I need the MEETING ROOM. In run 2 it was at the north end near ARCHIVE. In run 3 it was also north. Continue north. Turn to face north: yaw 180 from 136 → increase 44 → input -44.Facing north (yaw -180). I see: the lobby northward — a staircase at left (0.15, 0.4) leading up (to the platform?), CEO OFFICE UPSTAIRS sign, and far ahead a structure with a door (0.54, 0.4) and stairs (0.44, 0.38). The big windows on the left (west). 
[kimi] 
[mcp] [08/08/26 09:11:11] INFO     Processing request of type            server.py:733
[mcp]                              CallToolRequest                                    
[supervisor] AI_PLAY received action batch for observation=13
[supervisor] AI_PLAY sending observation=14
[mcp] INFO:     127.0.0.1:53680 - "POST /mcp HTTP/1.1" 200 OK
[kimi]   Sprint north along this corridor. The corridor here is at x≈-3.9. Keep clear of the stairs on the left.At (-3.87, -3.02). I see: "MEETING ROOM" sign far ahead-left (0.25, 0.32) on a glass structure; a staircase center (0.39, 0.4); a dark blue room right with a door (0.61, 0.45) and "LABO..." sign top-right (0.93, 0.1). Also a red button on the mezzanine (0.52, 0.23).
[kimi] 
[mcp] [08/08/26 09:11:51] INFO     Processing request of type            server.py:733
[mcp]                              CallToolRequest                                    
[supervisor] AI_PLAY received action batch for observation=14
[supervisor] AI_PLAY sending observation=15
[mcp] INFO:     127.0.0.1:53818 - "POST /mcp HTTP/1.1" 200 OK
[mcp] [08/08/26 09:12:32] INFO     Processing request of type            server.py:733
[mcp]                              CallToolRequest                                    
[supervisor] AI_PLAY received action batch for observation=15
[supervisor] AI_PLAY sending observation=16
[mcp] INFO:     127.0.0.1:53971 - "POST /mcp HTTP/1.1" 200 OK
[kimi]   The MEETING ROOM glass is at the NW. Continue north past the staircase, then angle left toward the meeting room. Sprint north 3.At (-3.87, 2.07). There's an elevator_button (red button on pedestal at (0.51, 0.43)) and the staircase to the left. MEETING ROOM sign visible through the stairs at left (0.12, 0.3). The meeting room is to the WEST (left), past the stairs. Continue north a bit more then turn left toward the meeting room glass.At (-3.87, 5.27), yaw -145 (turned left toward NW). I see the staircase above-left and the platform edge to the left. Hmm, the MEETING ROOM — where exactly? At obs 15 the sign was through the stairs to the west. Let me look further left: turn left more (input -45 → yaw -190 = 170?). Actually wait: input -45 increases yaw by 45: -144.97+45 = -99.97. Hmm that's turning LEFT toward... at yaw -145 I face NW-ish (forward = (-sin(-145), -cos(-145)) = (0.574, 0.819)?? -sin(-145°): sin(-145)=-0.574, so -sin=0.574 = +x east?? Hmm that doesn't match: the stairs (west) appear left... 
[kimi] 
[mcp] [08/08/26 09:13:14] INFO     Processing request of type            server.py:733
[mcp]                              CallToolRequest                                    
[supervisor] AI_PLAY received action batch for observation=16
[supervisor] AI_PLAY sending observation=17
[mcp] INFO:     127.0.0.1:54093 - "POST /mcp HTTP/1.1" 200 OK
[kimi]   Let me not overthink; visually: the MEETING ROOM sign was at screen-left through the stairs at obs 15. I turned left 35 (input -35 → wait I set yaw:-35 which INCREASED yaw by 35: -180+35=-145 ✓ turned left). The stairs now occupy the left. The meeting room should be further left. Turn left another 35.Now facing yaw -110. I see the staircase (leading up to the mezzanine) and to the left the platform with desks (the CUBICLE AREA, with computers visible at (0.08, 0.37)). Hmm, where's the MEETING ROOM? At obs 14-15 the sign was at (0.25, 0.32) and (0.12, 0.3) — visible through/behind the stairs from the east side. It may be the glass room west of the stairs.
[kimi] 
[mcp] [08/08/26 09:13:53] INFO     Processing request of type            server.py:733
[mcp]                              CallToolRequest                                    
[supervisor] AI_PLAY received action batch for observation=17
[supervisor] AI_PLAY sending observation=18
[mcp] INFO:     127.0.0.1:54440 - "POST /mcp HTTP/1.1" 200 OK
[kimi]   Turn left a bit more to see past the stairs.Now facing yaw -80 (mostly west). I see the CUBICLE AREA platform ahead (elevated, with the dark column and desks with monitors at (0.37, 0.38)) and a small sign reading "...CABLE"(?) at (0.33, 0.27). The platform has a low edge. There's a ramp/steps onto it at (0.55, 0.45) area (the flat steps leading up right).
[kimi] 
[mcp] [08/08/26 09:14:35] INFO     Processing request of type            server.py:733
[mcp]                              CallToolRequest                                    
[supervisor] AI_PLAY received action batch for observation=18
[supervisor] AI_PLAY sending observation=19
[mcp] INFO:     127.0.0.1:54666 - "POST /mcp HTTP/1.1" 200 OK
[kimi]   The MEETING ROOM isn't visible here — it might be behind me (east) or at the north end. From spawn-area observations (run 3): MEETING ROOM was near the north end by the ARCHIVE. Continue north: the corridor along the west windows goes north. Turn right to face north (input +45+45: -80 → -125 → -170).Facing yaw -170 (north), looking at the elevator button pedestal and the dark blue wall (south face of the mezzanine structure). To the left edge there's a doorway ("RO..." sign at (0.11, 0.29)). The way north is... this dark wall blocks. The passage on the left (west of the wall) — there's a doorway at far left.
[kimi] 
[kimi]   Hmm, I'm at the south side of the central structure. The corridor continues on either side. The left side (west) has the opening at (0.1, 0.3). Move forward-left around the wall corner.
[kimi] 
[mcp] [08/08/26 09:15:44] INFO     Processing request of type            server.py:733
[mcp]                              CallToolRequest                                    
[supervisor] AI_PLAY received action batch for observation=19
[supervisor] AI_PLAY sending observation=20
[mcp] INFO:     127.0.0.1:54879 - "POST /mcp HTTP/1.1" 200 OK
[kimi] • 公开决策记录：正面被夹层南墙挡住，左侧有通道口。向左前方绕行。
[kimi] 
[mcp] [08/08/26 09:16:23] INFO     Processing request of type            server.py:733
[mcp]                              CallToolRequest                                    
[supervisor] AI_PLAY received action batch for observation=20
[supervisor] AI_PLAY sending observation=21
[mcp] INFO:     127.0.0.1:55090 - "POST /mcp HTTP/1.1" 200 OK
[kimi] • I moved onto a raised step (y=0.90) and I'm staring at a dark wall up close. I climbed onto something (the pedestal platform?). Step back/down and turn to see. Move backward.Now yaw -125 (NW), at (-3.56, 5.83), y=0.90 (on a slightly raised strip). I see the stairs structure left, and ahead between the stairs and the dark wall there's a passage with a plant and the "MEET..." sign (0.47, 0.31). The passage leads NW between the mezzanine wall (right) and the stairs (left).
[kimi] 
[mcp] [08/08/26 09:17:40] INFO     Processing request of type            server.py:733
[mcp]                              CallToolRequest                                    
[supervisor] AI_PLAY received action batch for observation=21
[supervisor] AI_PLAY sending observation=22
[mcp] INFO:     127.0.0.1:55355 - "POST /mcp HTTP/1.1" 200 OK
[mcp] [08/08/26 09:18:25] INFO     Processing request of type            server.py:733
[mcp]                              CallToolRequest                                    
[supervisor] AI_PLAY received action batch for observation=22
[supervisor] AI_PLAY sending observation=23
[mcp] INFO:     127.0.0.1:55546 - "POST /mcp HTTP/1.1" 200 OK
[kimi]   Move forward through the passage.At (-3.39, 6.99), hugging the dark wall (right). The passage opens to the left (west) with the lounge visible (sofa, pink rug). The wall on my right is the mezzanine's west wall. Continue forward (NW) along the passage.At (-3.39, 7.60), moving slowly along the wall. The passage is narrow. The wall continues. Let me step AWAY from the wall (left = SW: input right=+1? at yaw -125: right = (-fz, fx) = (-0.819, -0.574) = SW. Hmm that's toward the windows/lounge. Yes, left into the open lounge. Move right +0.5, forward 0.5.
[kimi] 
[mcp] [08/08/26 09:19:43] INFO     Processing request of type            server.py:733
[mcp]                              CallToolRequest                                    
[supervisor] AI_PLAY received action batch for observation=23
[supervisor] AI_PLAY sending observation=24
[mcp] INFO:     127.0.0.1:55782 - "POST /mcp HTTP/1.1" 200 OK
[kimi] • 公开决策记录：通道太窄，向左进入休息区开阔地再判断会议室位置。
[kimi] 
[kimi] • Blocked — the look didn't register either (yaw unchanged, still -124.97). The batch aborted on the blocked move. I see: the wall ahead, and at left the lounge with a screen on a low table (0.12, 0.35) — wait, that's the reception desk on the platform?
[kimi] 
[mcp] [08/08/26 09:20:24] INFO     Processing request of type            server.py:733
[mcp]                              CallToolRequest                                    
[supervisor] AI_PLAY received action batch for observation=24
[supervisor] AI_PLAY sending observation=25
[mcp] INFO:     127.0.0.1:56108 - "POST /mcp HTTP/1.1" 200 OK
[kimi]   I'm pinned in the narrow slot between the mezzanine wall (right) and something (left). The slot goes NNW. Forward (yaw -125 = NW) was working (slowly). The slot seems to end ahead (wall visible). Turn left to look west into the lounge.Now facing west (yaw -85). I see the staircase structure left and the open area with the "CUBICLE AREA" sign (0.18, 0.27), plus the fountain/reception structure center (0.43, 0.42). The open floor ahead (west) leads to the west windows.
[kimi] 
[mcp] [08/08/26 09:21:40] INFO     Processing request of type            server.py:733
[mcp]                              CallToolRequest                                    
[supervisor] AI_PLAY received action batch for observation=25
[supervisor] AI_PLAY sending observation=26
[mcp] INFO:     127.0.0.1:56387 - "POST /mcp HTTP/1.1" 200 OK
[kimi]   The MEETING ROOM — I still haven't found it. At obs 21, the "MEET..." sign was at (0.47, 0.31) — north-west, behind the wall corner. Let me continue along this wall northward: the wall is on my right (north). Move forward (west) past the stairs, then turn north around the wall's west end.Blocked moving west too. I'm on a raised strip (y=0.90) and boxed in. The open floor is LEFT (south-west, down the strip). Turn left (south): input -45 → yaw -85+45=-40 (SW). Then move down off the strip.
[kimi] 
[mcp] [08/08/26 09:22:21] INFO     Processing request of type            server.py:733
[mcp]                              CallToolRequest                                    
[supervisor] AI_PLAY received action batch for observation=26
[supervisor] AI_PLAY sending observation=27
[mcp] INFO:     127.0.0.1:56612 - "POST /mcp HTTP/1.1" 200 OK
[kimi] • 公开决策记录：高条带上三面受阻。左转朝西南下条带回大厅地面。
[kimi] 
[kimi] • Now facing SW (yaw -40) at (-3.39, 7.00). GREAT VIEW: I can see the whole south lobby: the BREAK ROOM sign far left (0.15, 0.31), stairs to mezzanine (0.27, 0.4), and across the lobby the platform area with "...CE·Lab" sign at right (0.55, 0.29). The staircase right in front of me leads up (the one I was under).
[kimi] 
[kimi]   Wait — the BREAK ROOM sign is at the LEFT (south-east?). Hmm, at yaw -40 facing... forward = (-sin(-40), -cos(-40)) = (0.643, -0.766) = SE. So I'm facing south-east. BREAK ROOM at left = east. OK.
[kimi] 
[kimi]   But I need the MEETING ROOM for record 1. Where is it?? I saw "MEETING ROOM" text at obs 14 (0.25, 0.32) and obs 21 (0.47, 0.31). Both while facing north from the corridor around (-3.9, -3). So the meeting room is NORTH of there, roughly x -4, z 2-8 — the glass room west of the mezzanine. But I just came from there (the narrow slot at x -3.4, z 7.6) without finding a door.
[kimi] 
[mcp] [08/08/26 09:23:48] INFO     Processing request of type            server.py:733
[mcp]                              CallToolRequest                                    
[supervisor] AI_PLAY received action batch for observation=27
[supervisor] AI_PLAY sending observation=28
[mcp] INFO:     127.0.0.1:56943 - "POST /mcp HTTP/1.1" 200 OK
[kimi]   Let me get down to the lobby floor and look at the mezzanine's west side from the south-west. Move forward (SE) down onto the floor.Now a clear view of the lobby from the strip: BREAK ROOM (left, with door), "CEO OFFICE UPSTAIRS" on the mezzanine stairs (0.3, 0.32), the CUBICLE platform with desks (right, 0.6, 0.35), and the "...CE·Lab" sign (0.55, 0.29) — that says "OFFICE·Lab"? at (0.54, 0.28).
[kimi] 
[kimi]   But still no MEETING ROOM. Hmm. Where could it be? In run 3, the MEETING ROOM was the glass room at the north end (x -1, z 9) next to the ARCHIVE. In this run, the north end is beyond the mezzanine structure (I'm at z=5.5; north end z≈10). The mezzanine wall blocked the corridor at z=6.8. There must be a passage on the east side (through where I came) or west side.
[kimi] 
[kimi]   Wait — at obs 27/28, looking SE: the BREAK ROOM is at the lobby's south-east. The mezzanine with stairs is south-center. The passage north: between the mezzanine structure and the platform? At obs 14, from (-3.87,-3.02) facing north, I saw the MEETING ROOM sign at (0.25, 0.32) — that's NNE of that spot. Let me go back down to the corridor (x -3.9) and move north along the WEST side of the mezzanine... that's the slot I got stuck in. Hmm, but the slot was at y 0.90 — an elevated strip. The actual floor-level passage might be to its west (left of the strip).
[kimi] 
[kimi]   Actually — I recall at obs 21 the "MEET..." sign appeared at (0.47, 0.31) beyond the wall's end, i.e., the meeting room is NORTH-WEST of the mezzanine. The slot I was in leads there but is blocked mid-way at z 7.6. Maybe I need to enter the slot from the NORTH side instead — go around via the west windows corridor.
[kimi] 
[kimi]   Hmm wait, actually — maybe the MEETING ROOM is the glass room INSIDE the area I keep circling. Let me look from the lobby floor toward the north-west: get down from this strip first. The strip is at y 0.90; the lobby floor at 0.80. Step down to the west (left).
[kimi] 
[mcp] [08/08/26 09:24:40] INFO     Processing request of type            server.py:733
[mcp]                              CallToolRequest                                    
[supervisor] AI_PLAY received action batch for observation=28
[supervisor] AI_PLAY sending observation=29
[mcp] INFO:     127.0.0.1:57202 - "POST /mcp HTTP/1.1" 200 OK
[kimi]   Plan: move down to the floor, then north along the west windows (x≈-6?) to the north end, then east to find the meeting room glass.I'm down on the floor at (-2.94, 3.45), facing west (yaw -85). NOW I see "MEETING1 OM" (MEETING ROOM) sign at the far right (0.95, 0.28) — a glass room to the NORTH-WEST. The CUBICLE platform is center-left with the desks.
[kimi] 
[kimi]   The MEETING ROOM is at the right edge — north-west of me. Turn right to face it: input +45 → yaw -130, then evaluate.
[kimi] 
[mcp] [08/08/26 09:25:27] INFO     Processing request of type            server.py:733
[mcp]                              CallToolRequest                                    
[supervisor] AI_PLAY received action batch for observation=29
[supervisor] AI_PLAY sending observation=30
[mcp] INFO:     127.0.0.1:57393 - "POST /mcp HTTP/1.1" 200 OK
[kimi] • 公开决策记录：发现 MEETING ROOM 玻璃房在右前方（西北）。右转对准后靠近。
[kimi] 
[kimi] • At (-1.80, 3.97), yaw -130. The MEETING ROOM sign is at (0.53, 0.3) — through the glass, I can see it beyond the staircase. The glass room is ahead (north). The staircase to the right (up to mezzanine). The meeting room's glass wall runs ahead — I see a doorway/door frame at (0.55, 0.33)?
[kimi] 
[mcp] [08/08/26 09:26:48] INFO     Processing request of type            server.py:733
[mcp]                              CallToolRequest                                    
[supervisor] AI_PLAY received action batch for observation=30
[supervisor] AI_PLAY sending observation=31
[mcp] INFO:     127.0.0.1:57838 - "POST /mcp HTTP/1.1" 200 OK
[kimi]   Move forward (NNW) toward the glass room.I accidentally climbed the stairs (y=1.94, on the mezzanine stairs!). The MEETING ROOM glass room is now clearly visible ahead (0.52, 0.38) — with its door frame, a plant beside the door, and chairs inside. It's at the same level as the lobby floor below (the door is at ground level, I'm above it on the stairs).
[kimi] 
[mcp] [08/08/26 09:27:33] INFO     Processing request of type            server.py:733
[mcp]                              CallToolRequest                                    
[supervisor] AI_PLAY received action batch for observation=31
[supervisor] AI_PLAY sending observation=32
[mcp] INFO:     127.0.0.1:57991 - "POST /mcp HTTP/1.1" 200 OK
[mcp] [08/08/26 09:28:44] INFO     Processing request of type            server.py:733
[mcp]                              CallToolRequest                                    
[supervisor] AI_PLAY received action batch for observation=32
[supervisor] AI_PLAY sending observation=33
[mcp] INFO:     127.0.0.1:58348 - "POST /mcp HTTP/1.1" 200 OK
[mcp] [08/08/26 09:29:25] INFO     Processing request of type            server.py:733
[mcp]                              CallToolRequest                                    
[supervisor] AI_PLAY received action batch for observation=33
[supervisor] AI_PLAY sending observation=34
[mcp] INFO:     127.0.0.1:58577 - "POST /mcp HTTP/1.1" 200 OK
[mcp] [08/08/26 09:30:46] INFO     Processing request of type            server.py:733
[mcp]                              CallToolRequest                                    
[supervisor] AI_PLAY received action batch for observation=34
[supervisor] AI_PLAY sending observation=35
[mcp] INFO:     127.0.0.1:58852 - "POST /mcp HTTP/1.1" 200 OK
[kimi]   Get back down: turn around / move left off the stairs onto the floor, then approach the door. Move left-forward down: at yaw -130, the floor is to the left (west). Move forward=-0.5, right=0.8 (down-left).I went UP the stairs more (y=2.29) — the move went the wrong way. I'm on the stairs above the meeting room. The meeting room door is below at (0.48, 0.42). I need to go DOWN: the stairs descend to the south-east. Move backward (down the stairs): forward=-1 with slight... just move forward=-1, right=-0.3 (down the stair run).Down to y=1.06 at (-1.80, 4.36). Continue down-left to the floor: forward=-1, right=-0.3 again... wait that moved me -z (south) down the stairs. The meeting room door is at (0.55, 0.33), NNE. Let me get fully down: one more backward step, then approach the door.Down on the floor (y=0.80) at (-1.37, 3.61). The MEETING ROOM is ahead (0.56, 0.3) — glass room with the sign, a plant by the door. The door appears to be on its south face. Walk toward it: forward 1 (NNW at yaw -130), 250×3. Careful not to climb the stairs again — the stairs are right of my path. The door at screen (0.56, 0.32).I climbed onto the stair base again (y=1.24). The meeting room door is at (0.55, 0.34), clearly visible with its frame and the plant. The stairs begin right where I need to walk. The door is at ground level just north of the stair base.
[kimi] 
[kimi]   Get down: move left (west) off the stairs: right=-1 (at yaw -130, right = (-fz, fx): forward=(0.643, 0.766)?? -sin(-130)=0.643, -cos(-130)=0.766 → forward = ENE?? that can't be — the view shows the meeting room ahead which is north... hmm (0.643, 0.766) = NE. But I've been calling it NNW. Whatever: right = (-0.766, 0.643). To go west = -x: that's... -0.766·? ugh.
[kimi] 
[mcp] [08/08/26 09:31:30] INFO     Processing request of type            server.py:733
[mcp]                              CallToolRequest                                    
[supervisor] AI_PLAY received action batch for observation=35
[supervisor] AI_PLAY sending observation=36
[mcp] INFO:     127.0.0.1:59006 - "POST /mcp HTTP/1.1" 200 OK
[mcp] [08/08/26 09:32:48] INFO     Processing request of type            server.py:733
[mcp]                              CallToolRequest                                    
[supervisor] AI_PLAY received action batch for observation=36
[supervisor] AI_PLAY sending observation=37
[mcp] INFO:     127.0.0.1:59344 - "POST /mcp HTTP/1.1" 200 OK
[kimi]   Simple: the stairs base is right of me. Move LEFT on screen: right=-1. One step.On the floor at (-0.82, 4.01). The meeting room door is at (0.55, 0.34). Now walk toward it — the stair railing is between me and it. Approach from the left of the railing. Move forward with slight left: forward 1, right -0.3, 250ms ×2, then check.I climbed the stair base AGAIN (y=1.27). The stair base is directly south of the meeting room door, and approaching N-ward walks me up the stairs. I need to go AROUND the stair base — to the left (west) where the blue sofa is, then approach the door from the west.
[kimi] 
[mcp] [08/08/26 09:33:45] INFO     Processing request of type            server.py:733
[mcp]                              CallToolRequest                                    
[supervisor] AI_PLAY received action batch for observation=37
[supervisor] AI_PLAY sending observation=38
[mcp] INFO:     127.0.0.1:59542 - "POST /mcp HTTP/1.1" 200 OK
[mcp] [08/08/26 09:34:29] INFO     Processing request of type            server.py:733
[mcp]                              CallToolRequest                                    
[supervisor] AI_PLAY received action batch for observation=38
[supervisor] AI_PLAY sending observation=39
[mcp] INFO:     127.0.0.1:59826 - "POST /mcp HTTP/1.1" 200 OK
[mcp] [08/08/26 09:35:44] INFO     Processing request of type            server.py:733
[mcp]                              CallToolRequest                                    
[supervisor] AI_PLAY received action batch for observation=39
[supervisor] AI_PLAY sending observation=40
[mcp] INFO:     127.0.0.1:60223 - "POST /mcp HTTP/1.1" 200 OK
[mcp] [08/08/26 09:36:34] INFO     Processing request of type            server.py:733
[mcp]                              CallToolRequest                                    
[supervisor] AI_PLAY received action batch for observation=40
[supervisor] AI_PLAY sending observation=41
[mcp] INFO:     127.0.0.1:60550 - "POST /mcp HTTP/1.1" 200 OK
[mcp] [08/08/26 09:37:41] INFO     Processing request of type            server.py:733
[mcp]                              CallToolRequest                                    
[supervisor] AI_PLAY received action batch for observation=41
[supervisor] AI_PLAY sending observation=42
[mcp] INFO:     127.0.0.1:60798 - "POST /mcp HTTP/1.1" 200 OK
[kimi]   Go down-left: move left (right=-1) and slightly back, getting off the stair base to the west side.Now at (-0.51, 2.65) on the floor, SW of the stair base. The MEETING ROOM (0.61, 0.3) is NNE of me with its glass walls and a dark DOOR visible at (0.61, 0.37). Approach the door: it's about 4m away. Walk forward (NNE) toward the door, passing left of the stair railing base. forward 1, right 0.1, 250 ×2.At (0.86, 4.17), ground level, meeting room door dead ahead (0.61, 0.36) ~3m. Walk to the door: forward 250 ×2.At (2.39, 5.46), the MEETING ROOM door is ahead at (0.68, 0.38) — dark door frame with the sign above it. The door is closed (dark). Approach and probe the door.At (3.27, 6.55). The MEETING ROOM door at (0.69, 0.42) with a visible handle. ~2m. Step closer and probe the door.At (3.64, 7.02), the door is at (0.70, 0.42) with handle, ~1.5m. Probe the door.
[kimi] 
[mcp] [08/08/26 09:38:23] INFO     Processing request of type            server.py:733
[mcp]                              CallToolRequest                                    
[supervisor] AI_PLAY received action batch for observation=42
[supervisor] AI_PLAY sending observation=43
[mcp] INFO:     127.0.0.1:61151 - "POST /mcp HTTP/1.1" 200 OK
[kimi] • 公开决策记录：探测会议室门把手。
[kimi] 
[kimi] • not_found. The door at (0.70, 0.42) — maybe the door's interactable is the handle lower at (0.735, 0.44). Also note there's a YELLOW OBJECT inside the meeting room visible through the door glass at (0.70, 0.48)! That could be a key or the record? Actually it looks like a yellow blob (same as the floor decals) — or a pickup.
[kimi] 
[mcp] [08/08/26 09:39:46] INFO     Processing request of type            server.py:733
[mcp]                              CallToolRequest                                    
[supervisor] AI_PLAY received action batch for observation=43
[supervisor] AI_PLAY sending observation=44
[mcp] INFO:     127.0.0.1:61460 - "POST /mcp HTTP/1.1" 200 OK
[mcp] [08/08/26 09:40:30] INFO     Processing request of type            server.py:733
[mcp]                              CallToolRequest                                    
[supervisor] AI_PLAY received action batch for observation=44
[supervisor] AI_PLAY sending observation=45
[mcp] INFO:     127.0.0.1:61660 - "POST /mcp HTTP/1.1" 200 OK
[kimi]   Get closer first (probe range ~1m), then probe the handle.At (3.85, 7.34), ~1m from the door (0.74, 0.44) with handle visible. The yellow thing inside is at (0.71, 0.51). Probe the door handle at (0.745, 0.44).not_found again on the door handle. Maybe this door isn't interactable from here, or the handle position is off. The handle is at (0.745, 0.44) — I probed exactly there. Hmm.
[kimi] 
[kimi]   Maybe the meeting room has ANOTHER entrance (the glass walls — the front face at (0.85, 0.4) is glass; maybe there's a door on the east face). Or maybe this dark door is decorative and the real entrance is around the corner.
[kimi] 
[kimi]   Also reconsider: the record 1/3 might not be INSIDE the meeting room — maybe it's the yellow thing visible inside (a key?) or a document. I can see inside through the glass: tables/chairs and the yellow object on the floor.
[kimi] 
[kimi]   Let me check the east side of the room: move right along the glass front.
[kimi] 
[mcp] [08/08/26 09:41:49] INFO     Processing request of type            server.py:733
[mcp]                              CallToolRequest                                    
[supervisor] AI_PLAY received action batch for observation=45
[supervisor] AI_PLAY sending observation=46
[mcp] INFO:     127.0.0.1:61982 - "POST /mcp HTTP/1.1" 200 OK
[kimi] • 公开决策记录：门把手探测无果。沿玻璃正面向右查看是否有其它入口或可读物。
[kimi] 
[kimi] • At (4.25, 6.87), yaw -145. The meeting room front is glass; the door (0.66, 0.43) with handle at (0.675, 0.43). The interior shows tables/chairs and the yellow object on the floor inside at (0.64, 0.5).
[kimi] 
[mcp] [08/08/26 09:42:41] INFO     Processing request of type            server.py:733
[mcp]                              CallToolRequest                                    
[supervisor] AI_PLAY received action batch for observation=46
[supervisor] AI_PLAY sending observation=47
[mcp] INFO:     127.0.0.1:62180 - "POST /mcp HTTP/1.1" 200 OK
[mcp] [08/08/26 09:43:29] INFO     Processing request of type            server.py:733
[mcp]                              CallToolRequest                                    
[supervisor] AI_PLAY received action batch for observation=47
[supervisor] AI_PLAY sending observation=48
[mcp] INFO:     127.0.0.1:62367 - "POST /mcp HTTP/1.1" 200 OK
[mcp] [08/08/26 09:44:49] INFO     Processing request of type            server.py:733
[mcp]                              CallToolRequest                                    
[supervisor] AI_PLAY received action batch for observation=48
[supervisor] AI_PLAY sending observation=49
[mcp] INFO:     127.0.0.1:62649 - "POST /mcp HTTP/1.1" 200 OK
[kimi]   The door handle is at (0.675, 0.43). I'm closer now. Probe the handle.Still not_found on the door. This door seems non-interactive from outside. Maybe the meeting room is entered from another side (north face or east face). Let me circle to the east side of the room: continue right along the glass front, then around the corner.I moved SE to (4.69, 5.68) — the fountain is at bottom-left now. The meeting room door at (0.72, 0.44). Hmm, I moved AWAY (SE). The room's east side continues right. Let me continue around: move right (SE) more to round the corner.Now facing north (yaw -170) at (4.69, 5.87). I see the meeting room's full south face: door at (0.52, 0.44), and through the right glass — a WHITEBOARD and a desk inside (right section). The yellow object inside near the door (0.51, 0.47).
[kimi] 
[kimi]   The door handle at (0.52, 0.45). I probed it twice from closer angles without result. Maybe the door IS operable but needs precise alignment — or maybe record 1 is NOT inside; maybe it's the yellow thing? The yellow object inside looks like the same "yellow blob" decals scattered around... but one is INSIDE the locked room — suspicious. It could be the pickup_key!
[kimi] 
[kimi]   The door: let me try probing the door PANEL (not the handle), e.g., (0.52, 0.42).
[kimi] 
[mcp] [08/08/26 09:45:36] INFO     Processing request of type            server.py:733
[mcp]                              CallToolRequest                                    
[supervisor] AI_PLAY received action batch for observation=49
[supervisor] AI_PLAY sending observation=50
[mcp] INFO:     127.0.0.1:62868 - "POST /mcp HTTP/1.1" 200 OK
[kimi] • 公开决策记录：改探门板本体而非把手。
[kimi] 
[kimi] • Still not_found. The door might be locked/decor. Look inside: through the door glass, the yellow object on the floor inside. Through the RIGHT glass section, there's a whiteboard and desk — the whiteboard might hold the record (readable document)!
[kimi] 
[kimi]   Actually wait — where's the record 1/3 COGITO hint? I haven't seen a teal swirl here. The record could be the yellow object (pickup key?) inside the locked room... or a document on the desk inside (visible at (0.76, 0.42) through the right glass — there's a desk with what looks like a monitor).
[kimi] 
[kimi]   Since the door won't open from here, check the EAST side: the right end of the glass front at (0.9, 0.4) — the room's SE corner. Move east along the front and look for another door on the east face.
[kimi] 
[mcp] [08/08/26 09:46:25] INFO     Processing request of type            server.py:733
[mcp]                              CallToolRequest                                    
[supervisor] AI_PLAY received action batch for observation=50
[supervisor] AI_PLAY sending observation=51
[mcp] INFO:     127.0.0.1:63040 - "POST /mcp HTTP/1.1" 200 OK
[kimi] • 公开决策记录：南面门探测无果。绕到会议室东侧找其它入口。
[kimi] 
[kimi] • Blocked — something at my right (the white wall/structure on the right, visible at frame right edge). The batch aborted (look didn't run).
[kimi] 
[kimi]   I'm pinned between the white structure (right/east) and the fountain (behind-left). The white structure on the right is the wall at x≈4.9? I'm at (4.69, 5.89). The meeting room's east side is at x≈5.5+. The white wall right of me blocks going east... but wait, I need to go EAST to round the room. Blocked.
[kimi] 
[kimi]   Hmm, actually — maybe the white wall IS the meeting room's east wall, and the room's east face is right here. The white wall at the right of the frame = meeting room's east wall (solid, not glass). If so, there's no east door.
[kimi] 
[kimi]   What about the WEST side? The room's west face has the plant beside the door. Maybe there's a second door on the west face. Go around the west side: move back-left around the sofa.
[kimi] 
[kimi]   Actually — hold on. Let me reconsider the door. The briefing says operable_door: "对准门板或门把手寻找提示" — probe should find it. Two probes failed. Maybe the door is genuinely locked, and the KEY (yellow pickup inside!) opens it. But I can't reach the key inside a locked room...
[kimi] 
[kimi]   OR maybe record 1/3 isn't inside the room at all — maybe there's a COGITO hint somewhere in the meeting room AREA. Have I seen a teal swirl? Not since the task card. Let me look around the meeting room exterior for a swirl: check the west face and the room's interior through the glass more carefully. Through the right glass I saw a desk+whiteboard at (0.76, 0.42) — the whiteboard could have the record. If the record is ON the whiteboard inside and the room is locked... no, that can't be the design.
[kimi] 
[mcp] [08/08/26 09:48:00] INFO     Processing request of type            server.py:733
[mcp]                              CallToolRequest                                    
[supervisor] AI_PLAY received action batch for observation=51
[supervisor] AI_PLAY sending observation=52
[mcp] INFO:     127.0.0.1:63350 - "POST /mcp HTTP/1.1" 200 OK
[kimi]   Wait — maybe the door needs me closer. My probes were from ~1.5-2m. Get right up to the door (0.5m) and probe the handle again.IMPORTANT: through the right glass at (0.855, 0.38) there's a desk with a MONITOR showing a COGITO SWIRL — that's a clue_hint inside the room (right section). And the door at (0.52, 0.44).
[kimi] 
[kimi]   I'm at (4.73, 7.27), close to the door now (~1.2m). Probe the handle at (0.535, 0.45).
[kimi] 
[mcp] [08/08/26 09:48:48] INFO     Processing request of type            server.py:733
[mcp]                              CallToolRequest                                    
[supervisor] AI_PLAY received action batch for observation=52
[supervisor] AI_PLAY sending observation=53
[mcp] INFO:     127.0.0.1:63588 - "POST /mcp HTTP/1.1" 200 OK
[kimi] • 公开决策记录：贴近门后再探把手。
[kimi] 
[kimi] • Third probe on the door: not_found. The south door is not interactable. The COGITO hint (record 1/3 presumably) is inside the room on the desk monitor at the right section. There must be another entrance. Options: the west face or the north face of the room. The west face has the plant; the north face backs onto the north wall/meeting room... 
[kimi] 
[kimi]   Wait — look at the image: LEFT of the main door, there's an OPEN doorway (dark, no door) at (0.44, 0.42)! Between the plant and the main door. That's an open entrance! Let me go there.
[kimi] 
[mcp] [08/08/26 09:49:36] INFO     Processing request of type            server.py:733
[mcp]                              CallToolRequest                                    
[supervisor] AI_PLAY received action batch for observation=53
[supervisor] AI_PLAY sending observation=54
[mcp] INFO:     127.0.0.1:63705 - "POST /mcp HTTP/1.1" 200 OK
[kimi] • 公开决策记录：主门左侧有一个无门门洞（0.44, 0.42），可能是开放入口。移过去查看。
[kimi] 
[kimi] • Now facing north (yaw 175) at (4.26, 7.87). Full front view: the door at (0.35, 0.45) — and I see it's an OPEN doorway? The door area shows a dark frame with... at (0.345, 0.5) there's a door with handle visible at (0.385, 0.44). Actually the door looks like it has a glass panel with the yellow object visible through it at (0.35, 0.52).
[kimi] 
[kimi]   Also visible: the right section's desk with the COGITO monitor at (0.685, 0.37).
[kimi] 
[kimi]   Wait — actually is the doorway at (0.35) OPEN? The dark rectangle at (0.35, 0.45) has a door with a handle. Hmm.
[kimi] 
[kimi]   Let me just try walking INTO the room through that door — maybe it opens on approach or is passable. Move forward to the door.
[kimi] 
[mcp] [08/08/26 09:50:25] INFO     Processing request of type            server.py:733
[mcp]                              CallToolRequest                                    
[supervisor] AI_PLAY received action batch for observation=54
[supervisor] AI_PLAY sending observation=55
[mcp] INFO:     127.0.0.1:63990 - "POST /mcp HTTP/1.1" 200 OK
[kimi] • 公开决策记录：直接走向门测试是否可通行。
[kimi] 
[kimi] • I'm right at the door now (4.06, 9.92). The door with handle at (0.22, 0.5) — it has a glass panel and a silver handle at (0.27, 0.53). The COGITO monitor is clearly visible through the right glass at (0.80, 0.38).
[kimi] 
[mcp] [08/08/26 09:51:49] INFO     Processing request of type            server.py:733
[mcp]                              CallToolRequest                                    
[supervisor] AI_PLAY received action batch for observation=55
[supervisor] AI_PLAY sending observation=56
[mcp] INFO:     127.0.0.1:64251 - "POST /mcp HTTP/1.1" 200 OK
[kimi]   Probe the door handle at (0.27, 0.53) from this close range.Still not_found even point-blank. This door is not interactable from the south. The record (COGITO monitor) is inside the right section. There must be another way in. 
[kimi] 
[kimi]   Options: 
[kimi]   1. The room's north side might have a door (facing the north wall/ARCHIVE area).
[kimi]   2. The east section (right, with the desk+monitor) — maybe a separate entrance from the east.
[kimi] 
[kimi]   Circle to the room's EAST side: move right (east) along the front.
[kimi] 
[mcp] [08/08/26 09:52:35] INFO     Processing request of type            server.py:733
[mcp]                              CallToolRequest                                    
[supervisor] AI_PLAY received action batch for observation=56
[supervisor] AI_PLAY sending observation=57
[mcp] INFO:     127.0.0.1:64449 - "POST /mcp HTTP/1.1" 200 OK
[kimi] • 公开决策记录：南门确认不可交互。绕到房间东侧查看。
[kimi] 
[kimi] • Interesting — I moved EAST to (6.09, 10.12), and now I'm at the room's west(?) corner where the PLANT is, and there's a "Carry" prompt (E) for the plant pot. Also, importantly — the view: the door at right (0.88, 0.5), and to the LEFT of the plant there's an OPEN DARK DOORWAY at (0.52, 0.45)?? The dark rectangle behind the plant shows the room interior with the yellow object at (0.68, 0.65). It looks like an open doorway — no door panel!
[kimi] 
[kimi]   Wait, the layout: I'm at the SW corner of the meeting room now. The opening at (0.52, 0.45) appears to be an OPEN passage into the room. Let me move toward it.
[kimi] 
[mcp] [08/08/26 09:53:47] INFO     Processing request of type            server.py:733
[mcp]                              CallToolRequest                                    
[supervisor] AI_PLAY received action batch for observation=57
[supervisor] AI_PLAY sending observation=58
[mcp] INFO:     127.0.0.1:64716 - "POST /mcp HTTP/1.1" 200 OK
[kimi] • 公开决策记录：花盆旁有个开放门洞（室内可见黄色物）。走入该开口。
[kimi] 
[kimi] • I'm INSIDE the meeting room now (6.43, 11.31)! Tables/chairs right, the yellow blob on the floor at (0.75, 0.85). The room interior: dark walls, a window slot at left (0.2, 0.3).
[kimi] 
[kimi]   Now find the record 1/3: the COGITO monitor was in the right (east) section. Turn to face it: it was east. Look right (input +35).
[kimi] 
[mcp] [08/08/26 09:54:33] INFO     Processing request of type            server.py:733
[mcp]                              CallToolRequest                                    
[supervisor] AI_PLAY received action batch for observation=58
[supervisor] AI_PLAY sending observation=59
[mcp] INFO:     127.0.0.1:64974 - "POST /mcp HTTP/1.1" 200 OK
[kimi] • 公开决策记录：已进入会议室。转向东侧隔间找 COGITO 标志。
[kimi] 
[kimi] • Hmm, yaw 170 (turned right 35 from -155 → -120?? no: -154.97 + 35 = -119.97... but it shows 170.03. Wait: -154.97 + 35 = -119.97, not 170. Odd — oh, input +35 → yaw decreases by 35: -154.97-35 = -189.97 → wraps to 170.03 ✓. So I turned RIGHT (east... at yaw 170 I face ~north). 
[kimi] 
[mcp] [08/08/26 09:55:48] INFO     Processing request of type            server.py:733
[mcp]                              CallToolRequest                                    
[supervisor] AI_PLAY received action batch for observation=59
[supervisor] AI_PLAY sending observation=60
[mcp] INFO:     127.0.0.1:65169 - "POST /mcp HTTP/1.1" 200 OK
[kimi]   The view: the yellow blob on the floor (0.52, 0.73), tables right, a door frame at right (0.8, 0.45) leading to the east section. The COGITO monitor is through there. Move toward that door: it's to my right. Turn right more (input +30 → yaw 140).There's a door here with "Open" (F) / "Lock" (E) prompts — this is the door to the east section (or an exit). It's currently closed. The meeting room interior is behind me. Through the door glass I see the outside (east side, sunlit floor).
[kimi] 
[mcp] [08/08/26 09:56:34] INFO     Processing request of type            server.py:733
[mcp]                              CallToolRequest                                    
[supervisor] AI_PLAY received action batch for observation=60
[supervisor] AI_PLAY sending observation=61
[mcp] INFO:     127.0.0.1:65421 - "POST /mcp HTTP/1.1" 200 OK
[mcp] [08/08/26 09:57:49] INFO     Processing request of type            server.py:733
[mcp]                              CallToolRequest                                    
[supervisor] AI_PLAY received action batch for observation=61
[supervisor] AI_PLAY sending observation=62
[mcp] INFO:     127.0.0.1:49323 - "POST /mcp HTTP/1.1" 200 OK
[kimi]   Wait — this door at (0.73, 0.55) leads OUT (east). The COGITO monitor was in the east section of the meeting room complex... Actually maybe this "east section" is a separate office with its own door here. Let me open it and look.The door is now open (prompt changed to Close/Lock) but the view looks the same — the door opened but is mostly edge-on. Walk through it: the door is at right (0.73, 0.5). Move forward-right through the doorway.I'm through the door into a conference room with a big table. On the table at (0.51, 0.47) there's a GREEN object — looks like a green book/notebook (readable_notebook)! That could be record 1/3!
[kimi] 
[kimi]   Approach the table and probe the green object.
[kimi] 
[mcp] [08/08/26 09:58:36] INFO     Processing request of type            server.py:733
[mcp]                              CallToolRequest                                    
[supervisor] AI_PLAY received action batch for observation=62
[supervisor] AI_PLAY sending observation=63
[mcp] INFO:     127.0.0.1:49488 - "POST /mcp HTTP/1.1" 200 OK
[kimi] • 公开决策记录：会议桌中央有绿色本子状物体，疑似记录 1/3。靠近探测。
[kimi] 
[mcp] [08/08/26 09:59:20] INFO     Processing request of type            server.py:733
[mcp]                              CallToolRequest                                    
[supervisor] AI_PLAY received action batch for observation=63
[supervisor] AI_PLAY sending observation=64
[mcp] INFO:     127.0.0.1:49660 - "POST /mcp HTTP/1.1" 200 OK
[mcp] [08/08/26 10:00:50] INFO     Processing request of type            server.py:733
[mcp]                              CallToolRequest                                    
[supervisor] AI_PLAY received action batch for observation=64
[supervisor] AI_PLAY sending observation=65
[mcp] INFO:     127.0.0.1:50033 - "POST /mcp HTTP/1.1" 200 OK
[mcp] [08/08/26 10:01:33] INFO     Processing request of type            server.py:733
[mcp]                              CallToolRequest                                    
[supervisor] AI_PLAY received action batch for observation=65
[supervisor] AI_PLAY sending observation=66
[mcp] INFO:     127.0.0.1:50160 - "POST /mcp HTTP/1.1" 200 OK
[kimi] • Now I see the COGITO swirl on the big screen (0.755, 0.39) above a side desk, AND the green book on the conference table at (0.55, 0.56). The green book is the likely record (readable_notebook). Probe the green book.not_found on the green book — too far (it's across the table). Get closer: move right around the table end, or just get nearer. The book is at (0.55, 0.56), on the table's far side. Move forward-right to the table edge.The green book at (0.60, 0.63) — close now. Probe it.The green book shows "Useless item / Pick up" — it's a decoy, NOT the record. The actual record hint: there's a small teal swirl next to the side desk at (0.60, 0.42) — below the big screen, beside the desk's left leg! That's the clue_hint marker.
[kimi] 
[mcp] [08/08/26 10:02:48] INFO     Processing request of type            server.py:733
[mcp]                              CallToolRequest                                    
[supervisor] AI_PLAY received action batch for observation=66
[supervisor] AI_PLAY sending observation=67
[mcp] INFO:     127.0.0.1:50434 - "POST /mcp HTTP/1.1" 200 OK
[kimi]   Don't pick up the book. Probe the swirl at (0.60, 0.42).The probe "aligned" but no interaction prompt appeared in available_interactions. The view rotated to face the side desk — I can see a small teal swirl ON the side desk surface at (0.51, 0.49) — there's a small object on the desk (a book/marker at (0.51, 0.49)). The swirl is tiny.
[kimi] 
[mcp] [08/08/26 10:03:37] INFO     Processing request of type            server.py:733
[mcp]                              CallToolRequest                                    
[supervisor] AI_PLAY received action batch for observation=67
[supervisor] AI_PLAY sending observation=68
[mcp] INFO:     127.0.0.1:50761 - "POST /mcp HTTP/1.1" 200 OK
[kimi]   Probe that spot on the desk: (0.51, 0.49).Aligned but no prompt listed. I can see the teal swirl at the side desk's left side (0.465, 0.52) — a small marker right at the desk's left end near the floor? Also I notice "RCHI..." (ARCHIVE sign) through the glass at right — the ARCHIVE is east of here!
[kimi] 
[mcp] [08/08/26 10:04:25] INFO     Processing request of type            server.py:733
[mcp]                              CallToolRequest                                    
[supervisor] AI_PLAY received action batch for observation=68
[supervisor] AI_PLAY sending observation=69
[mcp] INFO:     127.0.0.1:51017 - "POST /mcp HTTP/1.1" 200 OK
[mcp] [08/08/26 10:05:49] INFO     Processing request of type            server.py:733
[mcp]                              CallToolRequest                                    
[supervisor] AI_PLAY received action batch for observation=69
[supervisor] AI_PLAY sending observation=70
[mcp] INFO:     127.0.0.1:51394 - "POST /mcp HTTP/1.1" 200 OK
[kimi]   The swirl seems to be at the desk's left leg area. Maybe the record is a document ON the side desk surface, and the readable spot is small. Let me move closer to the side desk: it's ~2.5m away. Move forward (yaw 105.9 → forward = (-sin105.9, -cos105.9) = (-0.96, 0.27) = west-north?? hmm — the desk is ahead in view, fine, just walk forward).Closer to the side desk (3.45, 13.25). The teal swirl is at the desk's left leg (0.44, 0.60) — it's a small marker at floor level by the desk's left side. Probe it.not_found. The swirl is at the desk's left leg at floor level (0.43, 0.61). Maybe the readable is on the desk surface (the small object at (0.45, 0.49) — there's something small on the desk's left side). Or the swirl marks a document on the desk's left end.
[kimi] 
[mcp] [08/08/26 10:06:40] INFO     Processing request of type            server.py:733
[mcp]                              CallToolRequest                                    
[supervisor] AI_PLAY received action batch for observation=70
[supervisor] AI_PLAY sending observation=71
[mcp] INFO:     127.0.0.1:51765 - "POST /mcp HTTP/1.1" 200 OK
[kimi]   The desk surface left end: (0.46, 0.50). There's a tiny white spot at (0.448, 0.493). Probe there. Actually, wait — the swirl at the desk's left leg could mark a document lying at the desk's left end TOP. Let me probe the desktop left end (0.465, 0.50).Still not_found. The swirl is at the desk's LEFT leg — maybe the record is BEHIND/UNDER the desk at the wall corner (left side). The swirl sits at (0.42, 0.60), low, near the wall-desk corner. Maybe the document is on the FLOOR there, or the swirl marks something behind the desk's left side.
[kimi] 
[kimi]   Move to the desk's left side: go left around the conference table toward the wall corner. Move forward-left: at yaw 105.9, left = right=-1 = (fz, -fx) = (0.27, 0.96)?? forward=(-0.96, 0.27): right=(-0.27, -0.96). Hmm. left (screen-left) = right=-1 input → (0.27, 0.96) = north+slightly east. The desk's left end is at screen (0.43, 0.55) — slightly left of center. Move forward 1, right -0.4 for 200ms.
[kimi] 
[mcp] [08/08/26 10:07:30] INFO     Processing request of type            server.py:733
[mcp]                              CallToolRequest                                    
[supervisor] AI_PLAY received action batch for observation=71
[supervisor] AI_PLAY sending observation=72
[mcp] INFO:     127.0.0.1:51890 - "POST /mcp HTTP/1.1" 200 OK
[kimi] • 公开决策记录：绕到边桌左侧墙角近距离查看。
[kimi] 
[kimi] • Blocked (batch aborted). The swirl is at the desk's left leg at (0.42, 0.60). I see now there's a small white card ON the floor at the desk's left leg (0.40, 0.62) — a white sliver on the ground! That's probably the record document (readable_document on the floor).
[kimi] 
[kimi]   Get closer to it: the chair is in my way. Move right around the chair: right=+0.5? At yaw 105.9: right = (-fz, fx) = (-0.27, -0.96) = south-east... screen-right. Hmm, move right = away from the desk. I need LEFT around the chair: right=-0.5 was blocked (chair). 
[kimi] 
[kimi]   Approach differently: go around the conference table's north end. Move backward and left. Actually the white sliver is visible just left of the desk leg, on the floor — about 1.5m away. The chair blocks direct approach. Try stepping right (screen-right = toward the desk front) then forward to the desk's right side... the sliver is on the LEFT side though.
[kimi] 
[mcp] [08/08/26 10:08:56] INFO     Processing request of type            server.py:733
[mcp]                              CallToolRequest                                    
[supervisor] AI_PLAY received action batch for observation=72
[supervisor] AI_PLAY sending observation=73
[mcp] INFO:     127.0.0.1:52349 - "POST /mcp HTTP/1.1" 200 OK
[mcp] [08/08/26 10:09:44] INFO     Processing request of type            server.py:733
[mcp]                              CallToolRequest                                    
[supervisor] AI_PLAY received action batch for observation=73
[supervisor] AI_PLAY sending observation=74
[mcp] INFO:     127.0.0.1:52533 - "POST /mcp HTTP/1.1" 200 OK
[kimi]   Squeeze between the chair and the table: move forward 0.5, right -0.2 slowly, 100ms.Blocked again by the chair. The swirl is at the desk's left leg (0.42, 0.61). Let me probe at exactly (0.42, 0.61) — the swirl itself.The probe hit the CHAIR again (Carry/Sit). The chair is right in front of me. The swirl is behind the chair at the desk's left leg.
[kimi] 
[kimi]   Per failure review: aim at the swirl center, avoid the chair. The swirl is at (0.46, 0.51) in the current view (left of the desk leg, at floor level). The chair occupies the lower center. Probe at (0.46, 0.51).
[kimi] 
[mcp] [08/08/26 10:10:32] INFO     Processing request of type            server.py:733
[mcp]                              CallToolRequest                                    
[supervisor] AI_PLAY received action batch for observation=74
[supervisor] AI_PLAY sending observation=75
[mcp] INFO:     127.0.0.1:52775 - "POST /mcp HTTP/1.1" 200 OK
[kimi] • 公开决策记录：探测又被椅子抢占。直接对准桌腿旁的标志中心再探。
[kimi] 
[kimi] • Still chair (Carry/Sit). I can see the swirl marker at (0.495, 0.50) now — it's right between the chair backs, at the desk's left leg. There's also a small object at the marker's base.
[kimi] 
[kimi]   The chair is between me and the marker. I need to move the CHAIR or go around. The chair has "Carry" (E). I could carry it away! But that costs requests... Alternatively approach from the left side (between the wall and table).
[kimi] 
[kimi]   Actually — wait. The marker is at the desk's left leg, in the corner between the wall and the desk. The approach from the front is blocked by the chair. Go around the LEFT: between the dark wall and the conference table. Move left along the wall: at yaw 122.5, forward = (-sin122.5, -cos122.5) = (-0.843, 0.538) = NW-ish... The wall corner is ahead-left. Move left: right=-1 → (fz, -fx)?? right = (-fz, fx) = (-0.538, -0.843) = SW. Hmm.
[kimi] 
[kimi]   Screen-left = the dark wall side (west). Screen-left input: right=-1 gives (-0.538, -0.843)?? That's southwest — toward the dark south wall. The corner where the marker is: NW corner ahead-left. 
[kimi] 
[kimi]   Just strafe left: right=-1, 200ms, see where I end up.
[kimi] 
[mcp] [08/08/26 10:11:58] INFO     Processing request of type            server.py:733
[mcp]                              CallToolRequest                                    
[supervisor] AI_PLAY received action batch for observation=75
[supervisor] AI_PLAY sending observation=76
[mcp] INFO:     127.0.0.1:53054 - "POST /mcp HTTP/1.1" 200 OK
[kimi] • 公开决策记录：左侧绕过大椅接近墙角标志。
[kimi] 
[mcp] [08/08/26 10:12:48] INFO     Processing request of type            server.py:733
[mcp]                              CallToolRequest                                    
[supervisor] AI_PLAY received action batch for observation=76
[supervisor] AI_PLAY sending observation=77
[mcp] INFO:     127.0.0.1:53227 - "POST /mcp HTTP/1.1" 200 OK
[mcp] [08/08/26 10:13:36] INFO     Processing request of type            server.py:733
[mcp]                              CallToolRequest                                    
[supervisor] AI_PLAY received action batch for observation=77
[supervisor] AI_PLAY sending observation=78
[mcp] INFO:     127.0.0.1:53445 - "POST /mcp HTTP/1.1" 200 OK
[mcp] [08/08/26 10:14:26] INFO     Processing request of type            server.py:733
[mcp]                              CallToolRequest                                    
[supervisor] AI_PLAY received action batch for observation=78
[supervisor] AI_PLAY sending observation=79
[mcp] INFO:     127.0.0.1:53665 - "POST /mcp HTTP/1.1" 200 OK
[kimi] • I moved NE to (3.54, 13.35). Now the swirl is clearly visible at (0.535, 0.46) — at the side desk's left leg, and it's UNOBSTRUCTED from here (the chair is now right of it). Probe the swirl at (0.535, 0.46).not_found. The swirl is on the FLOOR at the desk's left leg (0.545, 0.485). Maybe the readable is a document lying on the floor there and I need to be closer (probe range ~1m?). I'm ~2m away. Move closer: forward 1 200ms.Now at (2.30, 13.35), right in front of the side desk (~1m). The marker area at the desk's left leg (0.45, 0.6). I see something tiny at the leg base. Look down at it: pitch down a bit and probe the leg base at (0.45, 0.62)."aligned" with scan_steps 9 but no interactions listed. The marker is at the desk's left leg base (0.51, 0.53) — I see the tiny swirl there. Aligned but no prompt — strange. Maybe the actual interactable is slightly off. The probe aligned on SOMETHING but available_interactions is empty.
[kimi] 
[mcp] [08/08/26 10:15:54] INFO     Processing request of type            server.py:733
[mcp]                              CallToolRequest                                    
[supervisor] AI_PLAY received action batch for observation=79
[supervisor] AI_PLAY sending observation=80
[mcp] INFO:     127.0.0.1:54007 - "POST /mcp HTTP/1.1" 200 OK
[kimi]   Hmm — maybe the record is on the floor BEHIND the desk's left leg, in the wall corner, and requires me to get INTO the corner. Let me move into the corner: forward to the desk's left side.An "Open" prompt appeared — there's a DRAWER on the desk (at (0.51, 0.5))! The marker was by the drawer. Open the drawer.
[kimi] 
[mcp] [08/08/26 10:16:42] INFO     Processing request of type            server.py:733
[mcp]                              CallToolRequest                                    
[supervisor] AI_PLAY received action batch for observation=80
[supervisor] AI_PLAY sending observation=81
[mcp] INFO:     127.0.0.1:54177 - "POST /mcp HTTP/1.1" 200 OK
[kimi] • 公开决策记录：桌上有抽屉（Open 提示）。打开查看。
[kimi] 
[kimi] • The drawer opened (prompt now "Close"). The teal marker is now visible INSIDE the open drawer area (0.53, 0.56)! The record might be inside the drawer. Look down into the drawer and probe.
[kimi] 
[mcp] [08/08/26 10:17:29] INFO     Processing request of type            server.py:733
[mcp]                              CallToolRequest                                    
[supervisor] AI_PLAY received action batch for observation=81
[supervisor] AI_PLAY sending observation=82
[mcp] INFO:     127.0.0.1:54276 - "POST /mcp HTTP/1.1" 200 OK
[kimi] • 公开决策记录：抽屉已开，标志在抽屉内。对准抽屉内部探测。
[kimi] 
[kimi] • Continue run 4. Need latest observation. I don't have an active observation_id from the compaction. I should call observe to get current state (allowed since I lack latest observation context).
[kimi] 
[mcp] [08/08/26 10:19:12] INFO     Processing request of type            server.py:733
[mcp]                              CallToolRequest                                    
[mcp] INFO:     127.0.0.1:54735 - "POST /mcp HTTP/1.1" 200 OK
[kimi] • 公开决策记录：继续第 4 局。当前目标：读取会议区边桌抽屉内的合同线索 1/3。由于上下文压缩后没有最新 observation，先调用 observe 获取当前画面与 observation_id，再对准抽屉开口探测。
[kimi] 
[mcp] [08/08/26 10:19:18] INFO     Processing request of type            server.py:733
[mcp]                              CallToolRequest                                    
[supervisor] AI_PLAY received action batch for observation=82
[supervisor] AI_PLAY sending observation=83
[mcp] INFO:     127.0.0.1:54759 - "POST /mcp HTTP/1.1" 200 OK
[mcp] [08/08/26 10:19:25] INFO     Processing request of type            server.py:733
[mcp]                              CallToolRequest                                    
[supervisor] AI_PLAY received action batch for observation=83
[supervisor] AI_PLAY sending observation=84
[mcp] INFO:     127.0.0.1:54768 - "POST /mcp HTTP/1.1" 200 OK
[kimi] • I'm at the side table, drawer open, only Close prompt. The teal swirl is on the screen above (COGITO logo on display). Wait — the logo on the screen is the big display; the drawer is below. Records might be inside the drawer. Probe at drawer interior. The drawer is at screen ~(0.47,0.27) area, left of desk. Let me probe inside the drawer opening around (0.46, 0.24).Probe aligned but no interactions listed now (available_interactions empty). The drawer is open with a teal glow visible under it (teal marker at ~(0.55,0.435)). The record marker is the small teal swirl under the drawer. Probe directly at the teal glow at (0.55, 0.44).not_found at the teal glow spot. The teal glow under the drawer is around (0.552, 0.437) but scan failed. Maybe the record is inside the drawer (the white object inside the drawer at (0.51,0.40)). Or maybe I need to step closer. Distance from player (1.99,13.35) to desk... desk appears ~1.2m away. Probe range 1-2m should be fine.
[kimi] 
[mcp] [08/08/26 10:19:34] INFO     Processing request of type            server.py:733
[mcp]                              CallToolRequest                                    
[supervisor] AI_PLAY received action batch for observation=84
[supervisor] AI_PLAY sending observation=85
[mcp] INFO:     127.0.0.1:54779 - "POST /mcp HTTP/1.1" 200 OK
[kimi]   Maybe the record is the document inside the drawer at (0.505, 0.405). Let me look down at the drawer interior and probe it. Also maybe I should move closer first. Let me do a small forward step then probe. Actually move then probe in one batch: move forward 100ms small, then probe must be alone? probe_interaction must be single-action batch. So batch: move only, then next act probe.Move blocked (chair in front?), and look was skipped? Pitch unchanged (-13.65). Actually pitch didn't change — the look was skipped because move blocked aborted the batch. Fine.
[kimi] 
[mcp] [08/08/26 10:19:41] INFO     Processing request of type            server.py:733
[mcp]                              CallToolRequest                                    
[supervisor] AI_PLAY received action batch for observation=85
[supervisor] AI_PLAY sending observation=86
[mcp] INFO:     127.0.0.1:54786 - "POST /mcp HTTP/1.1" 200 OK
[mcp] [08/08/26 10:19:48] INFO     Processing request of type            server.py:733
[mcp]                              CallToolRequest                                    
[supervisor] AI_PLAY received action batch for observation=86
[supervisor] AI_PLAY sending observation=87
[mcp] INFO:     127.0.0.1:54797 - "POST /mcp HTTP/1.1" 200 OK
[kimi]   The teal glow under the drawer at (0.553, 0.435). Earlier probe aligned on Close. The record is inside the drawer — white object at (0.508, 0.40). Let me probe at (0.508, 0.40).Now the teal glow appears as two glows below the drawer (0.487,0.447 and 0.545,0.437). Still not_found. Hmm. Maybe the record interaction requires me to stand differently, or maybe the "record" here is the big screen itself? The screen shows the COGITO swirl — maybe interact with the screen/monitor. Or maybe the record marker is the swirl on the screen. Let me probe the screen swirl at (0.685, 0.24).Screen not interactable either. Distance to desk might be just over probe range. Depth: the desk is fairly near (dark). Player at (1.99,13.36). Desk front maybe at z≈14.2? That's under 1m. Hmm.
[kimi] 
[kimi]   Maybe I misidentified: the record might be elsewhere in the meeting area — perhaps a document on the meeting table, or the "Useless item" book is the decoy while the actual record is a small card. Recall briefing details? I don't have them in context now (compacted). The mission: find_contract — read 3 records, each points to next, combine password, enter at keypad in ARCHIVE.
[kimi] 
[kimi]   In run 2 (success) there was a validated workflow in memory. I don't have it here but it said records are at COGITO-marked spots. Here the COGITO mark is the screen swirl. Perhaps the record interaction is on the desk surface near the screen, or the small teal glow spot under the drawer is a floor marker?
[kimi] 
[kimi]   Alternatively maybe the drawer contains the record but I need to interact when prompt "Close" shows — maybe interact2 (E) on the drawer gives something else? Earlier obs 82 had only interact=Close.
[kimi] 
[kimi]   Let me step back and reposition: maybe probing from too close/far. Try moving left around the chair to face the drawer directly, then probe the drawer interior again. Actually the drawer front is at screen left; the open drawer box extends toward us. The record might be a flat card inside at (0.505, 0.405) which I probed → not_found.
[kimi] 
[kimi]   Hmm, maybe the teal glows under desk are markers of record points but the interactable is at eye level on the wall behind? Let me look around the room: check the rest of the meeting area for another swirl. Turn around and scan.
[kimi] 
[mcp] [08/08/26 10:20:03] INFO     Processing request of type            server.py:733
[mcp]                              CallToolRequest                                    
[supervisor] AI_PLAY received action batch for observation=87
[supervisor] AI_PLAY sending observation=88
[mcp] INFO:     127.0.0.1:54937 - "POST /mcp HTTP/1.1" 200 OK
[kimi]   Actually wait — in run 4 handoff: "打开后抽屉区域露出青绿色标志" — after opening drawer, a teal marker appeared in the drawer area. So the record is there. Probe keeps aligned/not_found. Maybe I need to crouch to get within range/angle? The marker is low. Try crouch then probe at the glow (0.545,0.44).Crouched. Now the drawer is centered, Close prompt visible. Inside the drawer there's a white/gray object at (0.525, 0.27). The teal glow at (0.54, 0.315) beneath drawer front. Probe inside drawer at the white object (0.52, 0.265).
[kimi] 
[mcp] [08/08/26 10:20:10] INFO     Processing request of type            server.py:733
[mcp]                              CallToolRequest                                    
[supervisor] AI_PLAY received action batch for observation=88
[supervisor] AI_PLAY sending observation=89
[mcp] INFO:     127.0.0.1:54959 - "POST /mcp HTTP/1.1" 200 OK
[kimi] • 已蹲下，抽屉与内部白色物体在准星附近。对准抽屉内物体探测。
[kimi] 
[kimi] • Probe aligned (scan_steps 1) but available_interactions empty? Odd. It stood me back up? Pitch now -13.8. The probe recentered view on drawer. aligned means crosshair aligned to something, but no interaction listed. Maybe the probe just aligns and the interaction shows in the returned observation... it's empty though.
[kimi] 
[kimi]   Wait — maybe the record requires interact after probe aligned: the probe outcome "aligned" means it aligned the crosshair to the nearest interactable. But available_interactions is empty. In obs 82, probe aligned and Close was listed. So aligned→drawer gives Close. Now aligned but empty list — maybe alignment target had no action? 
[kimi] 
[kimi]   Hmm. Alternatively maybe the record was already collected? No — I never saw a read prompt.
[kimi] 
[kimi]   Let me reconsider: maybe the actual record marker is the teal glow below the drawer at (0.535, 0.44) in the current view. When I probed there earlier I got not_found with scan_steps 9 (from standing). Now crouched... but the crouch seems to have been undone? Player height 0.801 — same as before; crouch might toggle and the look action... crouch toggles crouch state; position y stayed 0.8. Maybe crouch isn't a toggle-hold; hard to tell.
[kimi] 
[kimi]   New idea: maybe the swirl on the screen IS the record spot and needs interact2 (E)? Probe screen gave not_found though.
[kimi] 
[mcp] [08/08/26 10:20:25] INFO     Processing request of type            server.py:733
[mcp]                              CallToolRequest                                    
[supervisor] AI_PLAY received action batch for observation=89
[supervisor] AI_PLAY sending observation=90
[mcp] INFO:     127.0.0.1:55046 - "POST /mcp HTTP/1.1" 200 OK
[mcp] [08/08/26 10:20:30] INFO     Processing request of type            server.py:733
[mcp]                              CallToolRequest                                    
[mcp] INFO:     127.0.0.1:55051 - "POST /mcp HTTP/1.1" 200 OK
[kimi]   Let me just try probing the teal glow again from current aligned state: target (0.535, 0.44).Teal glows disappeared in this frame (lighting flicker?). The drawer shows a small white object inside. My assumption that the record is in this drawer may be wrong. Let me re-read briefing to reconfirm what records look like and the objective. That's allowed anytime.Key briefing point: 合同记录可能表现为圆形 COGITO Hint、实体文件或书本。CEO OFFICE 记录是桌面文件，BREAK ROOM 记录是电视柜顶面实体文件。MEETING ROOM record — probably a COGITO Hint (the floating swirl). The big screen swirl... but I probed it → not_found. Wait, the screen swirl is a displayed logo on a monitor, not the floating hint. The floating clue_hint looks like the reference image: concentric teal rings on a thin pole. Hmm, in the first screenshot of this room (obs 82), the big swirl appeared on the screen. Is it floating in front of the screen or displayed on it? It has a thin vertical line below it (like the pole in clue_hint reference). It might be a floating hint positioned in front of the monitor. I probed it at (0.685,0.24) → not_found, but probe range 1-2m and screen is ~1.5m away. Depth map: screen area is mid-gray, maybe 2m+.
[kimi] 
[kimi]   Alternative: probe range might be shorter. Move closer to the desk/screen. I'm blocked by a chair in front. Move left around the chair: strafe left (right=-0.3) then forward.
[kimi] 
[kimi]   Actually from current view, the desk is against the right wall, screen on desk. The chair is in front of me. Let me strafe right toward the desk (right=+0.3, 150ms), then probe the swirl.
[kimi] 
[kimi]   Also the teal glows beneath the drawer earlier — those may have been the hint's glow seen through? Hmm, at (0.545,0.437) and (0.487,0.447) — two small teal patches below desk level. Could be a floating hint marker behind/under the desk? Odd.
[kimi] 
[mcp] [08/08/26 10:20:44] INFO     Processing request of type            server.py:733
[mcp]                              CallToolRequest                                    
[supervisor] AI_PLAY received action batch for observation=90
[supervisor] AI_PLAY sending observation=91
[mcp] INFO:     127.0.0.1:55095 - "POST /mcp HTTP/1.1" 200 OK
[kimi]   Plan: strafe right to get closer to screen, then probe swirl center.Move blocked again (chair). Look skipped again. I'm boxed in by the chair in front. Interesting: now I can see a teal swirl partially visible under/behind the drawer at (0.50, 0.44) — a teal arc! There IS a floating hint down there, low, near the floor under the desk. The swirl at (0.50,0.44) is partially occluded by the open drawer.
[kimi] 
[kimi]   So the record hint is low under the desk near the drawer. Earlier probes at that area got not_found — maybe because the drawer blocks line of sight, or range. Options: close the drawer first (Close prompt available when aiming at drawer), then probe the hint. Or move around.
[kimi] 
[kimi]   Actually the teal arc is behind/under the drawer box. Let me close the drawer (aim at drawer, interact Close), then probe the swirl.
[kimi] 
[mcp] [08/08/26 10:20:56] INFO     Processing request of type            server.py:733
[mcp]                              CallToolRequest                                    
[supervisor] AI_PLAY received action batch for observation=91
[supervisor] AI_PLAY sending observation=92
[mcp] INFO:     127.0.0.1:55133 - "POST /mcp HTTP/1.1" 200 OK
[kimi]   Current aim: crosshair center (0.5,0.5) is at the desk front edge below screen — available_interactions empty. The drawer Close prompt appeared when aiming at drawer. Let me probe the drawer at (0.50, 0.41) to align, get Close, interact to close it.Hmm not_found at the drawer now?? Earlier the drawer gave Close. Odd — maybe probe found nothing because the drawer front face is at a glancing angle. But earlier at (0.455,0.24) standing it was aligned with Close... wait no, that aligned to Close but I think that aligned to the drawer.
[kimi] 
[kimi]   Let me step back and rethink. The chair blocks me from the desk. There's a teal swirl hint under the desk behind the open drawer. Maybe the intended interaction: the record is a document INSIDE the drawer (readable_document reference image shows a flat card on a shelf). The white object inside the drawer could be the record document. Probes at it: not_found.
[kimi] 
[kimi]   Maybe the issue is range: probe works within ~2m from camera; drawer ~1.5m. Fine.
[kimi] 
[kimi]   Alternatively maybe I should approach from the left side of the desk (there's a gap between desk left end and dark wall?). The desk left end near the dark wall at (0.45,0.4). I'm at the left of the desk already.
[kimi] 
[kimi]   Actually wait — reconsider: maybe I already misread the room. The handoff says the record point is the side table drawer, teal marker appeared after opening. The teal swirl visible under the drawer — the floating hint is low, near the floor. To read it, maybe I must be closer and aim directly at it. It's at screen (0.535, 0.445) partially behind the drawer front panel. The drawer occludes it. Closing the drawer may push... no, closing would put the drawer back, revealing area? Actually the swirl is behind the drawer's open box; closing the drawer moves the box back into the desk, which might occlude more or less.
[kimi] 
[kimi]   Better: move to the right side along the desk front to get a clear line of sight to under-desk area. But chair blocks. Move backward first, then right, around the chair.
[kimi] 
[mcp] [08/08/26 10:21:12] INFO     Processing request of type            server.py:733
[mcp]                              CallToolRequest                                    
[supervisor] AI_PLAY received action batch for observation=92
[supervisor] AI_PLAY sending observation=93
[mcp] INFO:     127.0.0.1:55244 - "POST /mcp HTTP/1.1" 200 OK
[kimi]   Let me: move back (forward=-0.4, 150ms), then move right 0.4 200ms. One batch with two moves.Now I moved back ~0.58m (only backward; right strafe didn't change x much — actually x stayed ~1.98, z decreased 13.36→12.78; yaw 133 means facing northwest-ish... wait yaw≈133 means facing... forward=(-sin133,-cos133)=( -0.73, +0.68)? sin133=0.731, cos133=-0.682. forward = (-0.731, +0.682). Hmm so facing -x +z. We moved back: -forward = (+0.731,-0.682)*dist → but z decreased... confusing. Whatever.
[kimi] 
[mcp] [08/08/26 10:21:23] INFO     Processing request of type            server.py:733
[mcp]                              CallToolRequest                                    
[supervisor] AI_PLAY received action batch for observation=93
[supervisor] AI_PLAY sending observation=94
[mcp] INFO:     127.0.0.1:55274 - "POST /mcp HTTP/1.1" 200 OK
[kimi]   Now I see the desk from farther. Under the desk there's a clear teal swirl at (0.46,0.40) partially behind the open drawer, and another teal arc at (0.42,0.41). The floating hint is under the desk, low. Now with clearer line of sight, probe the swirl at (0.455, 0.405).Still not_found. Hmm. Two teal swirls visible: one on the screen (0.553,0.235) and one under the desk at (0.443,0.408). The under-desk one is likely a reflection? Or the actual floating hint is under the desk. But probes fail.
[kimi] 
[kimi]   Wait — maybe the "swirl under desk" is the actual hint and the screen one is its reflection? No...
[kimi] 
[kimi]   Alternative interpretation: the floating hint requires line of sight within ~2m AND the probe scanning around the target point. scan_steps 9 means it scanned 9 points and found nothing. Perhaps the hint is actually farther than 2m? Player at (1.98,12.77); desk at z≈14ish, x≈2.5? distance ~1.5-2m. Borderline.
[kimi] 
[mcp] [08/08/26 10:21:34] INFO     Processing request of type            server.py:733
[mcp]                              CallToolRequest                                    
[supervisor] AI_PLAY received action batch for observation=94
[supervisor] AI_PLAY sending observation=95
[mcp] INFO:     127.0.0.1:55298 - "POST /mcp HTTP/1.1" 200 OK
[mcp] [08/08/26 10:21:41] INFO     Processing request of type            server.py:733
[mcp]                              CallToolRequest                                    
[supervisor] AI_PLAY received action batch for observation=95
[supervisor] AI_PLAY sending observation=96
[mcp] INFO:     127.0.0.1:55344 - "POST /mcp HTTP/1.1" 200 OK
[kimi]   Let me move closer to the desk front, left of the chair, then probe. Move forward 0.3 150ms toward desk (blocked by chair at center, but I'm slightly left now). Try forward 150ms.Closer now. The teal hint under the desk is at (0.478, 0.435), partially behind drawer. Probe it.Still not_found. The teal hint flickers (visible in some frames, not others — it's rotating). It's under the desk near the left end, behind the open drawer. Maybe line-of-sight is blocked by the drawer front panel. Closing the drawer would move the drawer flush, possibly revealing the hint zone... or the hint might be ON the drawer's inside bottom and only reachable when open?
[kimi] 
[kimi]   Actually rethink: maybe the hint is a floating swirl located low near the floor under the desk, and the drawer when open sits right in front of it. The probe needs a clear ray. The drawer front panel (dark, at (0.45,0.42)) blocks it.
[kimi] 
[kimi]   Option: close the drawer, then the area under the desk left end may be visible without obstruction. Get Close prompt: earlier when aiming at the drawer from close, "Close" appeared (obs 82, 88). Currently available_interactions empty. Probe the drawer front panel at (0.435,0.40) to align... earlier probe at (0.5,0.41) gave not_found but (0.455,0.24) aligned with Close. Weird. In obs 82 view, drawer was at center-left around (0.47,0.27) and probe at (0.455,0.24) aligned (drawer). 
[kimi] 
[mcp] [08/08/26 10:21:53] INFO     Processing request of type            server.py:733
[mcp]                              CallToolRequest                                    
[supervisor] AI_PLAY received action batch for observation=96
[supervisor] AI_PLAY sending observation=97
[mcp] INFO:     127.0.0.1:55358 - "POST /mcp HTTP/1.1" 200 OK
[kimi]   Let me probe the drawer panel now at (0.43, 0.39).Even the drawer probe fails now from this spot. Earlier Close prompt appeared when standing right in front of the drawer (position 1.99,13.35, very close, pitch -35). So probe/interact range is short (~1.2m?). Now I'm at z≈12.99, slightly farther, and the angle is oblique.
[kimi] 
[kimi]   The hint under the desk is at floor level behind the drawer. To get line of sight, maybe crouch AND be close. In obs 88 (crouched, close), the drawer area showed the swirl at (0.54,0.315)... and probe at (0.52,0.265) aligned to drawer (Close). 
[kimi] 
[kimi]   Plan: move forward to the desk (position ~1.95,13.3), crouch, then probe the swirl. The swirl when crouched was visible at (0.54,0.315) in obs 88 frame... actually in obs 88 the teal was at (0.54,0.315) below the drawer. Probe there failed? No — in obs 88 I probed (0.52,0.265) → aligned (drawer Close). I never probed (0.54,0.315) while crouched.
[kimi] 
[mcp] [08/08/26 10:22:05] INFO     Processing request of type            server.py:733
[mcp]                              CallToolRequest                                    
[supervisor] AI_PLAY received action batch for observation=97
[supervisor] AI_PLAY sending observation=98
[mcp] INFO:     127.0.0.1:55477 - "POST /mcp HTTP/1.1" 200 OK
[kimi]   Move forward 0.3 150ms, then crouch. Then probe.Hmm, I moved left (-x) instead of forward; the chair is right in front of me now (the white/blue thing center bottom is the chair back). The teal hint visible at (0.465,0.435) under desk left of chair. y=0.801 — crouch doesn't change height? Maybe crouch toggles but height stays in this game, or it's already crouched.
[kimi] 
[kimi]   The chair is between me and the desk. I'm now at (1.72,13.06). The hint is under the desk at approximately x≈2.0?, z≈13.9? The chair blocks approach.
[kimi] 
[kimi]   New approach: maybe I can push the chair by walking into it? Earlier blocked though.
[kimi] 
[kimi]   Alternatively, approach from the left side of the desk — the desk's left end is against the dark glass wall at x≈? The dark wall is on the left of view. There's a gap between desk left end and dark wall? The desk left end at screen (0.40,0.37); dark wall corner at (0.42,0.2). Looks like desk nearly touches the dark wall.
[kimi] 
[kimi]   OK here's another thought: maybe the hint under the desk is actually the record marker and interacting requires only proximity, not drawer games. The probe failures might be because the swirl rotates and my target point is off, or occlusion by drawer. The probe does a small scan (9 steps) around the target. If it keeps failing at the exact visible swirl, likely occlusion or range.
[kimi] 
[mcp] [08/08/26 10:22:21] INFO     Processing request of type            server.py:733
[mcp]                              CallToolRequest                                    
[supervisor] AI_PLAY received action batch for observation=98
[supervisor] AI_PLAY sending observation=99
[mcp] INFO:     127.0.0.1:55506 - "POST /mcp HTTP/1.1" 200 OK
[kimi]   Let me get directly in front of the swirl: it's under the desk left portion. Move to stand right at the desk front left of the chair: forward-right small steps. Currently chair directly ahead. Strafe left (right=-0.3) to clear the chair? The desk left end is near; the hint is at the left end under desk. Move left 150ms then forward 100ms.Now I'm closer, the teal hint is visible at (0.505, 0.465) under the desk, right of the drawer, and there's a chair arm in front of me (white object bottom-left). The hint is at floor level under the desk. Probe at (0.505, 0.465).
[kimi] 
[mcp] [08/08/26 10:22:28] INFO     Processing request of type            server.py:733
[mcp]                              CallToolRequest                                    
[supervisor] AI_PLAY received action batch for observation=99
[supervisor] AI_PLAY sending observation=100
[mcp] INFO:     127.0.0.1:55534 - "POST /mcp HTTP/1.1" 200 OK
[kimi] • 更近了，桌下旋涡清晰可见（画面 (0.505,0.465)）。直接对准探测。
[kimi] 
[kimi] • Still not_found. This is frustrating. The under-desk swirl — maybe it's just a light/reflection of the screen swirl, not the actual hint object. The actual floating hint (clue_hint) per reference has a thin pole stand on the ground, swirl at top (~1m tall). Here the screen swirl has a thin vertical line under it down to the desk — that matches the clue_hint look! The swirl "on the screen" might actually be a floating hint IN FRONT of the screen/desk, with its pole standing on the desk. And the teal under-desk arcs are its glow/reflection.
[kimi] 
[mcp] [08/08/26 10:22:37] INFO     Processing request of type            server.py:733
[mcp]                              CallToolRequest                                    
[supervisor] AI_PLAY received action batch for observation=100
[supervisor] AI_PLAY sending observation=101
[mcp] INFO:     127.0.0.1:55566 - "POST /mcp HTTP/1.1" 200 OK
[kimi]   I probed the screen swirl earlier at (0.685,0.24) → not_found, from distance ~2m. Now I'm closer. Probe the screen swirl now at (0.63, 0.255).Both swirls not_found. Reconsider entirely: maybe this side table is NOT the record location. The handoff said the record is here based on earlier exploration, but maybe I misread. The meeting room record could be the "Useless item" notebook?? No — that was labeled Useless item.
[kimi] 
[kimi]   Wait, maybe the record is the WHITE OBJECT inside the drawer (a readable_document). I probed it at standing height; maybe need to be closer/crouched. In obs 88 (crouched, close, pitch -33), the drawer with white object inside was at (0.52,0.27) and probing there aligned to Close (the drawer). The white object is inside the drawer at its bottom. Aim lower into the drawer interior: in obs 88 view, drawer interior at (0.51, 0.28)?
[kimi] 
[kimi]   Alternative: maybe the record is elsewhere in the meeting area — e.g., on the meeting table, or a document on the wall, and this side table hint is a red herring decoration (the screen logo is just a logo, and the under-desk teal is its reflection).
[kimi] 
[kimi]   Hmm, but handoff said "打开后抽屉区域露出青绿色标志" — opening the drawer revealed the teal marker. That suggests the marker only became visible after opening the drawer. The under-desk swirl is right behind the open drawer. So the record IS this under-desk floating hint, and the open drawer blocks the ray.
[kimi] 
[kimi]   So: close the drawer! Then the ray to the hint (under desk, inside the desk's left pedestal area?) may clear. Wait, if the hint is inside the desk pedestal where the drawer slides in, closing the drawer would hide it again. The hint appears under the desk top, in the kneehole area between the left pedestal (drawers) and right leg. Closing the drawer shouldn't block that.
[kimi] 
[mcp] [08/08/26 10:22:54] INFO     Processing request of type            server.py:733
[mcp]                              CallToolRequest                                    
[supervisor] AI_PLAY received action batch for observation=101
[supervisor] AI_PLAY sending observation=102
[mcp] INFO:     127.0.0.1:55625 - "POST /mcp HTTP/1.1" 200 OK
[kimi]   To close: get Close prompt. Earlier Close appeared when close and aiming at drawer with pitch down. Now I'm at (1.77,13.32), drawer at screen (0.44,0.42). Look down at the drawer and see if prompt appears. Let me look down pitch -20 first (single look), check available_interactions.Now I see the drawer (open) with Close prompt. The teal hint is visible under the desk right of the drawer at (0.53, 0.31). The drawer's open front panel stands vertically (the dark panel at (0.49,0.30)). The hint is to the right of it.
[kimi] 
[mcp] [08/08/26 10:23:03] INFO     Processing request of type            server.py:733
[mcp]                              CallToolRequest                                    
[supervisor] AI_PLAY received action batch for observation=102
[supervisor] AI_PLAY sending observation=103
[mcp] INFO:     127.0.0.1:55638 - "POST /mcp HTTP/1.1" 200 OK
[kimi]   Should I close the drawer? If the hint was hidden behind the closed drawer originally, closing it might re-hide. The handoff said opening revealed it. So DON'T close. Instead probe the hint at (0.53,0.31) from this close position.aligned, scan_steps 1, but available_interactions empty. Hmm — the probe "aligned" the camera onto something, but no interaction listed. That's odd. Earlier obs 82: aligned + Close listed. Now aligned + nothing.
[kimi] 
[kimi]   Maybe "aligned" means it found an interactable and centered it, and the interaction list should show... but it's empty. Possibly the hint's interaction becomes available only after I look at it directly? The camera moved: yaw 133.77, pitch -17.56. The teal hint now at (0.50,0.44) region (partially behind drawer). Maybe now that crosshair is on it, a plain interact might work even without a listed prompt? Risky but cheap: interact requires available_interactions to contain the action per rules. Rules say only execute interact when it appears in available_interactions. It's empty.
[kimi] 
[kimi]   Maybe the probe aligned to the drawer again (which now... wait Close prompt not listed). Confusing.
[kimi] 
[kimi]   Alternative hypothesis: the teal thing under the desk is the hint, but its interactable point is at the swirl's center which is BEHIND the desk modesty panel or drawer; probe aligns to it but the interaction requires closer range.
[kimi] 
[mcp] [08/08/26 10:23:17] INFO     Processing request of type            server.py:733
[mcp]                              CallToolRequest                                    
[supervisor] AI_PLAY received action batch for observation=103
[supervisor] AI_PLAY sending observation=104
[mcp] INFO:     127.0.0.1:55691 - "POST /mcp HTTP/1.1" 200 OK
[kimi]   Let me try: move closer to the desk kneehole. The chair is at bottom-left; I can move forward-right. Move (forward 0.3, right 0.2, 120ms).I moved left (x 1.77→1.60). Now the desk left end with the open drawer is right in front of me at (0.42,0.42), chair at bottom-left. The teal hint isn't visible in this frame (drawer area dark, at (0.475,0.44) maybe hidden). I'm quite close now.
[kimi] 
[kimi]   Let me look down at the under-desk area near the drawer and probe. Look pitch -25 first to see.
[kimi] 
[mcp] [08/08/26 10:23:25] INFO     Processing request of type            server.py:733
[mcp]                              CallToolRequest                                    
[supervisor] AI_PLAY received action batch for observation=104
[supervisor] AI_PLAY sending observation=105
[mcp] INFO:     127.0.0.1:55716 - "POST /mcp HTTP/1.1" 200 OK
[kimi] • 更靠近桌端。低头确认桌下标志位置。
[kimi] 
[kimi] • Now I see clearly: the open drawer with a WHITE DOCUMENT inside it (flat white card at (0.425,0.28))! That's the readable_document — the MEETING ROOM record is a document inside the drawer! Also a small teal hint under the desk at (0.478,0.315).
[kimi] 
[mcp] [08/08/26 10:23:34] INFO     Processing request of type            server.py:733
[mcp]                              CallToolRequest                                    
[supervisor] AI_PLAY received action batch for observation=105
[supervisor] AI_PLAY sending observation=106
[mcp] INFO:     127.0.0.1:55725 - "POST /mcp HTTP/1.1" 200 OK
[kimi]   The drawer interior contains the white document. Probe the document at (0.425, 0.28).Still not_found on the document! And the teal hint at (0.482,0.315). Both fail.
[kimi] 
[kimi]   Hmm, wait. Maybe the meeting room record was ALREADY READ earlier in this run (before compaction)? The handoff says "还没读到记录内容" — not yet read. OK.
[kimi] 
[kimi]   Maybe probes fail because of occlusion by the chair? No, clear line of sight to the drawer now.
[kimi] 
[kimi]   Rethink: is this the right room? The task card said MEETING ROOM. This is the meeting room's side table area. The COGITO screen + drawer + hint. The record should be here. But all probes fail.
[kimi] 
[kimi]   Wait — maybe the swirl ON THE SCREEN is the hint and it needs interact, and probe "not_found" because it's beyond probe's max distance (~1.5m?). The screen is at the back of the desk, maybe 1.5-1.8m from me. Depth map: screen area is quite dark = near... the second image shows the desk dark (near). Screen at top-right is darkish.
[kimi] 
[kimi]   Alternatively the probe might only detect interactables when they're usable, and this record might require... hmm.
[kimi] 
[kimi]   Actually, wait. Let me reconsider: maybe I ALREADY read record 1 here before compaction, and the handoff note was stale? Handoff explicitly says not read. OK.
[kimi] 
[mcp] [08/08/26 10:23:47] INFO     Processing request of type            server.py:733
[mcp]                              CallToolRequest                                    
[supervisor] AI_PLAY received action batch for observation=106
[supervisor] AI_PLAY sending observation=107
[mcp] INFO:     127.0.0.1:55797 - "POST /mcp HTTP/1.1" 200 OK
[kimi]   Different idea: probe at the small teal under-desk hint from THIS close position: (0.482, 0.315).All probes at this desk fail except the drawer's Open/Close. Maybe I'm wrong that the record is here — the teal things are just the logo's glow. And the document in the drawer might be a decoy like the "Useless item".
[kimi] 
[kimi]   Reconsider: In run 2 (success), what was the meeting-room-like record? Unknown. Briefing says records can be: COGITO Hint circle, physical document, or book. CEO OFFICE = desk document; BREAK ROOM = document on TV cabinet top. This room HAS a TV (the big screen on the side table)! Wait — is this the BREAK ROOM? "BREAK ROOM 的记录是电视柜顶面的实体文件" — a TV cabinet! This side table with a big screen IS a TV cabinet. But the task card said MEETING ROOM first... The meeting area I entered had a conference table. This side room with the TV might be the BREAK ROOM section? Hmm, but records must be read in order; record 1 is at MEETING ROOM.
[kimi] 
[kimi]   BREAK ROOM record = document on TOP of the TV cabinet. Look at the desk top: there's the screen stand and dark base, but maybe a document on the cabinet top surface. The desk surface at (0.6,0.22) area looks empty. Let me look at the desktop surface carefully... The desktop is clear except the screen.
[kimi] 
[kimi]   Hmm wait, maybe this room IS the meeting room and its record is the floating hint — which I can't probe successfully due to occlusion by the desk from this side. What if I need to be on the OTHER side of the desk? The desk backs against the dark glass wall though.
[kimi] 
[kimi]   Let me step back and survey the whole meeting area for other candidate marks: turn around (yaw 180) and look.
[kimi] 
[kimi]   Actually, wait — one more idea: the white document in the drawer. Maybe probe scan radius too small / the doc is inside the drawer so ray from my position hits the drawer's front lip first. From above (higher pitch down, closer), ray could clear. I was standing 0.8m height... the drawer bottom is maybe 0.55m high, I'm at eye 0.8+... hmm eye height ~1.5 normally but y=0.8 is floor height? Player y 0.8 suggests eye at 0.8? Actually position y = 0.8 likely feet at 0.8? The platform. Whatever.
[kimi] 
[kimi]   Try: stand (uncrouch?), move right up to the drawer front, look steeply down into the drawer, then probe the document.
[kimi] 
[kimi]   I'm possibly still crouched. Crouch again to stand? Crouch toggles. Height never changed in data (always 0.801). Maybe crouch did nothing.
[kimi] 
[mcp] [08/08/26 10:24:09] INFO     Processing request of type            server.py:733
[mcp]                              CallToolRequest                                    
[supervisor] AI_PLAY received action batch for observation=107
[supervisor] AI_PLAY sending observation=108
[mcp] INFO:     127.0.0.1:55999 - "POST /mcp HTTP/1.1" 200 OK
[mcp] [08/08/26 10:24:16] INFO     Processing request of type            server.py:733
[mcp]                              CallToolRequest                                    
[supervisor] AI_PLAY received action batch for observation=108
[supervisor] AI_PLAY sending observation=109
[mcp] INFO:     127.0.0.1:56045 - "POST /mcp HTTP/1.1" 200 OK
[kimi]   Move: forward 0.3 100ms toward drawer (chair at left, path clear-ish), pitch already -37. Then probe (0.425,0.28)... the doc will appear lower in view after moving. Let me move first and see.Now the drawer with the white document is at (0.41,0.30), close. The white document clearly visible inside the open drawer. Probe it directly at (0.41, 0.305).Still not_found even point-blank at the document. So the document in the drawer is NOT interactable — it's a decoy or set dressing. And the under-desk swirl also not interactable. And screen swirl not interactable.
[kimi] 
[kimi]   Conclusion: the record is NOT at this side table. The handoff's assumption was wrong. The meeting room record must be elsewhere — maybe in the meeting area itself (conference table region). The "Useless item" green notebook was a decoy, but maybe there's another readable there (a document on the table, or a floating hint somewhere in the meeting area).
[kimi] 
[kimi]   Let me leave this corner and survey the meeting area. Turn around (yaw ~180 from current 133 → face back southeast). Look around: turn yaw -45? Current yaw 133.8; to reverse, yaw -= 180... do in steps: look yaw +45 twice? Actually turning around: yaw change of 180. Do look yaw +45 three times (separate batches to observe). Or just do one 45 and survey progressively.
[kimi] 
[mcp] [08/08/26 10:24:27] INFO     Processing request of type            server.py:733
[mcp]                              CallToolRequest                                    
[supervisor] AI_PLAY received action batch for observation=109
[supervisor] AI_PLAY sending observation=110
[mcp] INFO:     127.0.0.1:56081 - "POST /mcp HTTP/1.1" 200 OK
[kimi]   Let me look around: first yaw +45 (turn right/back).yaw +45 turned me to face the screen more directly (yaw 88.77). Interesting: yaw decreased 133→88 with yaw:+45? Wait, look yaw positive should turn right. yaw 133.8 → 88.8, that's -45. So positive yaw decreases yaw value (turn right = decreasing yaw). OK consistent with handoff.
[kimi] 
[mcp] [08/08/26 10:24:38] INFO     Processing request of type            server.py:733
[mcp]                              CallToolRequest                                    
[supervisor] AI_PLAY received action batch for observation=110
[supervisor] AI_PLAY sending observation=111
[mcp] INFO:     127.0.0.1:56100 - "POST /mcp HTTP/1.1" 200 OK
[mcp] [08/08/26 10:24:47] INFO     Processing request of type            server.py:733
[mcp]                              CallToolRequest                                    
[supervisor] AI_PLAY received action batch for observation=111
[supervisor] AI_PLAY sending observation=112
[mcp] INFO:     127.0.0.1:56109 - "POST /mcp HTTP/1.1" 200 OK
[kimi]   Now facing the big screen directly, ~1.2m away. The screen swirl is centered. This looks like a presentation screen in the meeting area. Probe the swirl center now from this close, straight-on position: (0.36, 0.40).Screen logo confirmed decoration. This side table has nothing interactable except the drawer (decoy document). Leave and survey the meeting area. Turn around: yaw 88.77 currently facing... let me turn right 45 more (yaw→43), continue surveying.Now I see through the glass: the ARCHIVE door (labeled "ARCHIVE") with keypad beside it, outside this room to the east. Also the lobby beyond with stairs. So this room's east wall is glass; ARCHIVE is right outside. Good landmark.
[kimi] 
[mcp] [08/08/26 10:24:55] INFO     Processing request of type            server.py:733
[mcp]                              CallToolRequest                                    
[supervisor] AI_PLAY received action batch for observation=112
[supervisor] AI_PLAY sending observation=113
[mcp] INFO:     127.0.0.1:56117 - "POST /mcp HTTP/1.1" 200 OK
[kimi]   The meeting room record — I need to find it. Continue turning right to survey the room interior. yaw 43.77 now. Turn right 45 again (yaw→~0, facing south?).Now facing the glass wall/door looking out to the lobby: BREAK AREA visible far (sign "BREAK AREA" at center-right far). The lobby has yellow cones, tables. The glass wall of this meeting room; I'm near the door area?
[kimi] 
[mcp] [08/08/26 10:25:04] INFO     Processing request of type            server.py:733
[mcp]                              CallToolRequest                                    
[supervisor] AI_PLAY received action batch for observation=113
[supervisor] AI_PLAY sending observation=114
[mcp] INFO:     127.0.0.1:56133 - "POST /mcp HTTP/1.1" 200 OK
[kimi]   Continue turning right to see the meeting room interior (the conference table area). yaw -1.23 now. Turn right 45 → yaw -46.Now I see: "MEETING ROOM" sign on the glass wall, and a dark open door (the door I came through? it shows a dark door panel, open). To the right is the conference table with chairs (dark table at right edge). This is the meeting area interior. The room I'm in is the MEETING ROOM.
[kimi] 
[kimi]   I see the conference table at right. The decoy notebook was on it. But maybe there's another readable on the conference table — or the floating hint is somewhere in this room.
[kimi] 
[mcp] [08/08/26 10:25:14] INFO     Processing request of type            server.py:733
[mcp]                              CallToolRequest                                    
[supervisor] AI_PLAY received action batch for observation=114
[supervisor] AI_PLAY sending observation=115
[mcp] INFO:     127.0.0.1:56142 - "POST /mcp HTTP/1.1" 200 OK
[kimi]   Continue turning right to see the rest of the room. yaw -46 → -91.Now I see the conference table (glass top) with chairs, and a BLACK/dark object on the table (at (0.615,0.345)) — that's the "Useless item" notebook? It looks like a dark tilted book. Also a yellow object near the door (the decoy? no, yellow cone-like). The dark wall on the right (south wall?).
[kimi] 
[kimi]   The dark book on the table = the Useless item decoy per handoff. Hmm, but maybe there are TWO items; the decoy was green notebook. This one looks black.
[kimi] 
[kimi]   Also notice at the far end near the door there's a yellow blob. And through the door a greenish object (plant?).
[kimi] 
[mcp] [08/08/26 10:25:25] INFO     Processing request of type            server.py:733
[mcp]                              CallToolRequest                                    
[supervisor] AI_PLAY received action batch for observation=115
[supervisor] AI_PLAY sending observation=116
[mcp] INFO:     127.0.0.1:56213 - "POST /mcp HTTP/1.1" 200 OK
[kimi]   Where's the meeting room record? Maybe the floating hint is at the far end of the table near the window. Let me continue surveying — turn right 45 more to face the dark wall/south.Conference table with the dark book (Useless item decoy at (0.34,0.35)) and a yellow blob near the door at left. Dark wall right. Nothing else obvious here.
[kimi] 
[kimi]   Survey complete-ish: this room = MEETING ROOM with conference table, side TV table, ARCHIVE visible outside east glass. Where's the record 1? 
[kimi] 
[kimi]   Handoff said earlier I saw the teal marker appear after opening the drawer. The under-desk teal hint IS a floating hint but probes fail. Why? Maybe probes fail because the hint's interactable requires me to be facing it with the crosshair, and the probe aligns only to objects within ~2m with direct ray. The hint is under the desk — the desk top blocks the ray from above; from my standing height, the ray to the swirl passes through the desktop? No, the swirl is visible, so ray is clear...
[kimi] 
[kimi]   Hold on — maybe the under-desk teal arcs are the glow of the hint REFLECTED, or the hint is inside the drawer pedestal. Actually! Look again at obs 105/108: the teal appears just under the desktop between the drawer pedestal and the right leg — i.e., in the kneehole. It's a floating hint positioned low in the kneehole. My probes at it kept not_found.
[kimi] 
[kimi]   Could the probe be failing due to the CHAIR between us? In obs 105, chair at left, clear view. Hmm.
[kimi] 
[kimi]   Wait, maybe the probe only detects interactables within a max distance of ~1.5m and the hint is at ~1.8m. In obs 108 I was at (1.44,13.38), very close to the drawer; the hint under desk at maybe (2.0,13.9)? distance ~0.8m. Probe at (0.482,0.315) in obs 106/107 from (1.59,13.33) failed too.
[kimi] 
[kimi]   Alternatively the hint under the desk might not be the record; the record could be INSIDE the drawer but the probe fails because the white document is a static mesh and the actual readable trigger... ugh.
[kimi] 
[kimi]   New thought: Maybe I already OPENED the drawer pre-compaction and read nothing; the meeting room record might be the document but requires the drawer to be CLOSED first then...? Unlikely.
[kimi] 
[kimi]   Let me look at the yellow blob near the door — could that be a "pickup_key"? And the green object visible through the doorway. Actually the task: record 1 in MEETING ROOM. Where could a floating hint be? Possibly near the window at the far end of the table, or near the dark wall.
[kimi] 
[kimi]   Actually — wait. Maybe the hint IS interactable but probe_interaction doesn't detect "read" interactions on hints; maybe I need to look directly at it and the prompt appears in available_interactions automatically (like Close did for the drawer). The Close prompt appeared when aiming at the drawer without probing. So: aim crosshair directly at the under-desk swirl (look, not probe), and check available_interactions.
[kimi] 
[kimi]   From obs 108 position (1.44,13.38), the swirl was at screen (0.47,0.32) with pitch -37. Let me go back to face it: turn left back to yaw ~133, pitch -30, and check the interaction list.
[kimi] 
[kimi]   Actually current yaw -136 (≈224). The desk is behind me now. Turn left 45 twice... Let me turn left (yaw negative direction? look yaw negative = left turn). Current -136; target ~133 → need -269 or +91. Turn left 91 = look yaw -91? look range ±45. Two looks: -45 then -46. Actually turning left by 91: yaw -136 - 91 = -227 ≡ 133. Yes.
[kimi] 
[mcp] [08/08/26 10:25:53] INFO     Processing request of type            server.py:733
[mcp]                              CallToolRequest                                    
[supervisor] AI_PLAY received action batch for observation=116
[supervisor] AI_PLAY sending observation=117
[mcp] INFO:     127.0.0.1:56301 - "POST /mcp HTTP/1.1" 200 OK
[kimi]   Do look yaw -45, pitch -10, then next -45.Back to yaw -91 (facing the door end of the room). The yellow blob near the door — what is it? Looks like a yellow object on the floor. And a green object visible through the doorway (in the corridor/lobby).
[kimi] 
[kimi]   Wait, near the door at (0.505,0.30) there's a small dark object on the wall/table? And the yellow blob at (0.475,0.325).
[kimi] 
[kimi]   Hmm, maybe the floating hint is near the door (the record could be by the entrance). Let me walk toward the door end and check. The table is on my right; walk along the left side. Move forward toward the door, small steps.
[kimi] 
[kimi]   Actually, let me check the dark book on the table first — is it really "Useless item"? Handoff says the green notebook was Useless item. This looks black/dark green. It could be the same. Skip it.
[kimi] 
[mcp] [08/08/26 10:26:06] INFO     Processing request of type            server.py:733
[mcp]                              CallToolRequest                                    
[supervisor] AI_PLAY received action batch for observation=117
[supervisor] AI_PLAY sending observation=118
[mcp] INFO:     127.0.0.1:56381 - "POST /mcp HTTP/1.1" 200 OK
[kimi]   Walk to the door end: move forward 0.5, 200ms twice? Path: straight ahead is clear until the door. Move (0.6,0) 250ms then re-check.Interesting — I moved +x (1.44→1.98). So yaw -91 means facing +x. The dark wall is on my right (south, -z? no...). Whatever. I see the yellow blob near the door (a yellow chair/object), the open dark door, and something green through the doorway. The table on my right with the black book.
[kimi] 
[mcp] [08/08/26 10:26:16] INFO     Processing request of type            server.py:733
[mcp]                              CallToolRequest                                    
[supervisor] AI_PLAY received action batch for observation=118
[supervisor] AI_PLAY sending observation=119
[mcp] INFO:     127.0.0.1:56407 - "POST /mcp HTTP/1.1" 200 OK
[kimi]   Keep moving forward to the door end.Blocked — something invisible ahead? Or the chair near the door. The yellow blob is at (0.49,0.345), looks like a yellow object on the floor by the far end chair. Maybe it's a "pickup_key"? It's yellowish, shaped like... a key? The reference pickup_key is a yellow key! It's lying on the floor near the far end.
[kimi] 
[kimi]   Hmm interesting, but the key is for some door, optional.
[kimi] 
[kimi]   Let me sidestep right (toward table) slightly and continue, or check the far end: the black/dark object at table far end near the window at (0.51,0.28)? There's a dark chair at the table's far end.
[kimi] 
[kimi]   Actually, maybe the meeting room record hint is at the far end of the table by the window. Move right a bit and forward. Strafe right 0.3 150ms then forward.
[kimi] 
[mcp] [08/08/26 10:26:29] INFO     Processing request of type            server.py:733
[mcp]                              CallToolRequest                                    
[supervisor] AI_PLAY received action batch for observation=119
[supervisor] AI_PLAY sending observation=120
[mcp] INFO:     127.0.0.1:56480 - "POST /mcp HTTP/1.1" 200 OK
[kimi] • 前方被椅子挡住。右侧绕过继续前进，目标：门口旁的黄色物体和桌子远端的窗边区域。
[kimi] 
[kimi] • Barely moved (0.18m, z 13.39→13.57, moved +z not +x?). Hmm, right strafe moved +z. The forward move seems to have not moved (blocked again silently? distance total 0.18). The chair ahead blocks forward (+x). 
[kimi] 
[kimi]   The yellow object at (0.465,0.345) is right there — looks like a yellow key on the floor! Let me probe it. Also through the door I see a green plant-like object in the corridor.
[kimi] 
[mcp] [08/08/26 10:26:40] INFO     Processing request of type            server.py:733
[mcp]                              CallToolRequest                                    
[supervisor] AI_PLAY received action batch for observation=120
[supervisor] AI_PLAY sending observation=121
[mcp] INFO:     127.0.0.1:56557 - "POST /mcp HTTP/1.1" 200 OK
[kimi]   Probe the yellow object: (0.465, 0.345).Yellow blob not interactable (probably a light/reflection on the floor — there were similar yellow blobs in the lobby, likely sunlight patches!). Yes — the yellow blobs are sun patches on the floor. Not objects.
[kimi] 
[kimi]   OK. So in the meeting room: nothing interactable found except the drawer (decoy doc) and doors. The black book on the table = "Useless item" decoy per earlier exploration (handoff said it showed Pick up "Useless item").
[kimi] 
[kimi]   Reconsider: maybe record 1 is NOT in this glass room. The task card said "MEETING ROOM" — but maybe this glass room IS labeled MEETING ROOM (sign on glass). And the briefing says records can be a COGITO hint. The under-desk teal swirl near the drawer — maybe it IS the hint but I must look at it directly (crosshair) for the read prompt to appear in available_interactions, and probe fails due to angle. Remember drawer's Close appeared automatically when crosshair was on it. So the read prompt should appear automatically too when aiming at the hint at proper distance.
[kimi] 
[kimi]   Let me go back to the side table, aim crosshair exactly at the under-desk swirl with a look (not probe), and check available_interactions.
[kimi] 
[kimi]   Also possibility: the hint's read interaction requires standing farther so the whole swirl is visible; the probe's "aligned" results suggest something IS there but the interaction list stays empty...
[kimi] 
[kimi]   Hmm wait — actually reconsider obs 103: probe returned "aligned" scan_steps 1 and empty interactions. And obs 82: aligned with Close. Maybe "aligned" means it aligned to an interactable and that interactable's action appears in available_interactions — in obs 103 empty means it aligned to... nothing? or to an interaction with no binding? 
[kimi] 
[mcp] [08/08/26 10:27:00] INFO     Processing request of type            server.py:733
[mcp]                              CallToolRequest                                    
[supervisor] AI_PLAY received action batch for observation=121
[supervisor] AI_PLAY sending observation=122
[mcp] INFO:     127.0.0.1:56647 - "POST /mcp HTTP/1.1" 200 OK
[kimi]   Let me try a totally different thing: walk to the dark book on the conference table and probe it. Even if it's "Useless item", verifying costs one probe. If it says Read, great.The black book not_found from here (too far, ~2.5m). Probe range seems limited (~1.5-2m).
[kimi] 
[mcp] [08/08/26 10:27:08] INFO     Processing request of type            server.py:733
[mcp]                              CallToolRequest                                    
[mcp] INFO:     127.0.0.1:56694 - "POST /mcp HTTP/1.1" 200 OK
[kimi]   Let me think about the under-desk hint again. In run 2 (success), how did records work? Workflow memory might have hints. Let me read workflow_memory_read to recall the validated workflow — maybe it says "对准旋涡标志用 probe 出现阅读提示后 interact". Let me check memory now (allowed anytime, and useful).Memory confirms: records are read at COGITO swirl hints via probe→read prompt→interact. And "探测悬浮标志时对准旋涡中心，避免被附近椅子的 Carry/Sit 抢占" — chairs nearby can steal the interaction with Carry/Sit. Here, there IS a chair right next to the under-desk swirl! The probes kept returning not_found — but the avoid note says probes get preempted by chair Carry/Sit... Actually not_found means nothing found at all.
[kimi] 
[kimi]   Hmm wait, but also: maybe the under-desk swirl is NOT a record hint but just the glow of the screen logo reflected... The reference clue_hint is a physical standing sign: swirl on top of a thin pole with base. The under-desk thing might be exactly that: a small standing hint sign under the desk, pole hidden.
[kimi] 
[kimi]   Key memory tip: "probe 距离有限，失败时先缩短到 1 米左右再探". And in this room the chairs around... Let me get to ~1m from the under-desk swirl with clear LoS and probe its center.
[kimi] 
[kimi]   The swirl under the desk: in obs 108 view, it was at (0.47,0.32) when standing at (1.44,13.38) — that's ~1m away. Probe at (0.47,0.32) gave... I probed (0.41,0.3) [the doc] and (0.482,0.315) earlier from (1.59,13.33) → not_found.
[kimi] 
[kimi]   Alternatively the swirl might be small and the probe's 9-step scan missed it. The swirl flickers (rotating ring, sometimes edge-on and nearly invisible — that explains flickering). It's a 3D rotating ring! When edge-on it vanishes. The probe targets a point; if the ring is edge-on at that moment, the ray might miss. That explains inconsistent results!
[kimi] 
[kimi]   Strategy: probe when the ring appears most face-on (largest). Or better: position so I look at it face-on. The ring rotates around vertical axis presumably; from a fixed angle it cycles face-on/edge-on.
[kimi] 
[kimi]   Also the carry/sit preemption: chairs nearby may override. The under-desk hint has a chair right in front (the chair I keep bumping). Maybe I should move the chair? Carry it away! The chair is carryable (Carry prompt). In run 3, chairs stole probes. Solution: pick up the chair and move it, or crouch.
[kimi] 
[kimi]   Actually, let me first try direct approach: go back to the side table, position ~1m in front of the kneehole, look down at the swirl, and when it's face-on and visible, check available_interactions passively (the prompt may just appear, like Close did). Then interact.
[kimi] 
[kimi]   Go back: I'm at (1.98,13.57) yaw -91. The side table is behind-left. The desk with the screen is at around x 2.5?, z 14+... hmm wait, earlier I was at (1.44,13.38) facing yaw 133 looking at the desk. Actually position numbers: the desk area is around (1.0?, 14+). Let me just turn around: target yaw ~133 from -91: turn left 136° → three -45 looks. Or turn right 224. Left is shorter: look yaw -45 x3.
[kimi] 
[mcp] [08/08/26 10:27:36] INFO     Processing request of type            server.py:733
[mcp]                              CallToolRequest                                    
[supervisor] AI_PLAY received action batch for observation=122
[supervisor] AI_PLAY sending observation=123
[mcp] INFO:     127.0.0.1:56766 - "POST /mcp HTTP/1.1" 200 OK
[kimi]   Rather than three separate looks, do them one per batch (rule: one look per batch when scanning). Fine, 3 acts. Or move while turning. Let me do look -45, then look -45, then look -45, checking screens.yaw -46: facing the meeting room door and the lobby beyond. The yellow patch by the door is clearly a sunlight patch. I see the door (open, dark) and a chair at right with a yellow sun patch behind it.
[kimi] 
[kimi]   Continue left: -45 → yaw -91? no wait, I'm going back toward the desk which was at yaw 133. From -46, left is more negative... hmm actually turning left (negative look yaw) increased... -91 → -46? I did look yaw -45 and yaw went from -91.23 to -46.23, i.e., +45. So negative look yaw INCREASES yaw value?? Earlier: look yaw +45 took 133.8→88.8 (decrease). And now look yaw -45: -91.23→-46.23 (increase). So positive look = decrease yaw (turn right), negative look = increase yaw (turn left). And yaw -91 facing +x (east). yaw 133 facing roughly (-sin133, -cos133) = (-0.73, 0.68) — northwest-ish. Hmm wait earlier at yaw 133 I faced the desk (dark wall on left of view was west?). 
[kimi] 
[kimi]   To return to face the desk (yaw ~133): from -46, need +179 → four left turns of 45. Ugh. Let me just do them.
[kimi] 
[mcp] [08/08/26 10:27:52] INFO     Processing request of type            server.py:733
[mcp]                              CallToolRequest                                    
[supervisor] AI_PLAY received action batch for observation=123
[supervisor] AI_PLAY sending observation=124
[mcp] INFO:     127.0.0.1:56788 - "POST /mcp HTTP/1.1" 200 OK
[kimi] • 继续左转向边桌方向（还差约 135 度）。
[kimi] 
[mcp] [08/08/26 10:28:01] INFO     Processing request of type            server.py:733
[mcp]                              CallToolRequest                                    
[supervisor] AI_PLAY received action batch for observation=124
[supervisor] AI_PLAY sending observation=125
[mcp] INFO:     127.0.0.1:56800 - "POST /mcp HTTP/1.1" 200 OK
[kimi] • yaw -1.2, facing glass wall with ARCHIVE door visible across the lobby (left) and the lobby with stairs. Continue left -45 → yaw 43.77 (that faced the screen). Then again → 88.77, then 133. Two more turns.yaw 43.77. I see the desk edge at left, a white chair, and the ARCHIVE door is just outside the glass on the right — actually there's a doorway/opening in the glass wall right next to me leading out to the lobby toward ARCHIVE! The glass wall has an open section at (0.55,0.3). Interesting — the ARCHIVE is right outside this room.
[kimi] 
[mcp] [08/08/26 10:28:10] INFO     Processing request of type            server.py:733
[mcp]                              CallToolRequest                                    
[supervisor] AI_PLAY received action batch for observation=125
[supervisor] AI_PLAY sending observation=126
[mcp] INFO:     127.0.0.1:56999 - "POST /mcp HTTP/1.1" 200 OK
[kimi]   Continue turning left -45 → yaw 88.77 (facing screen).Now I face the side table straight on: the open drawer with the white document inside at (0.24,0.49) — clearly a white sheet inside the drawer. The screen with swirl. The chair at right is white/clear.
[kimi] 
[kimi]   I'm at (1.98,13.57), desk ~1m away. The white document in the drawer is now clearly visible. Probe it at (0.235, 0.485).
[kimi] 
[mcp] [08/08/26 10:28:20] INFO     Processing request of type            server.py:733
[mcp]                              CallToolRequest                                    
[supervisor] AI_PLAY received action batch for observation=126
[supervisor] AI_PLAY sending observation=127
[mcp] INFO:     127.0.0.1:57012 - "POST /mcp HTTP/1.1" 200 OK
[kimi] • 正对边桌：抽屉开着，里面清楚看到一张白色文件。近距离对准抽屉内文件探测。
[kimi] 
[kimi] • Interesting: in this frame the drawer now shows a small teal glint at (0.212,0.535) — the hint glow inside/behind the drawer. The white doc probe failed.
[kimi] 
[kimi]   New hypothesis: the floating hint is INSIDE the drawer cavity (behind/under the document), and only reachable when drawer open. The teal glint at (0.212,0.535) — inside the open drawer, bottom-left. Probe exactly at it when visible. The hint ring rotates; probe when it appears.
[kimi] 
[mcp] [08/08/26 10:28:31] INFO     Processing request of type            server.py:733
[mcp]                              CallToolRequest                                    
[supervisor] AI_PLAY received action batch for observation=127
[supervisor] AI_PLAY sending observation=128
[mcp] INFO:     127.0.0.1:57051 - "POST /mcp HTTP/1.1" 200 OK
[kimi]   Probe at (0.212, 0.535).Still nothing. This room's side table is a dead end except the drawer.
[kimi] 
[kimi]   Reconsider the whole assumption: handoff said "打开后抽屉区域露出青绿色标志" — maybe that observation was mistaken (the teal glint is just the screen logo glow leaking). The record for MEETING ROOM may not be in this glass room at all — maybe there are multiple meeting areas, or the record is near the conference table far end (by the window), which I haven't closely inspected.
[kimi] 
[kimi]   Also recall the memory: in the successful run 2, record locations were LABORATORY, CUBICLE AREA, BREAK ROOM — completely different set. This run's route starts at MEETING ROOM.
[kimi] 
[kimi]   Let me check the far end of the conference table by the window (the dark object at the table's end?). Also there could be a floating hint near the ceiling/wall I haven't seen. Walk along the table to the far end.
[kimi] 
[kimi]   Currently at (1.98,13.57) facing yaw 88.8 (north-ish? facing the desk/wall). The conference table is to my... in obs 117-120 views (yaw -91) the table was on the right and the door ahead. The table runs along the +x direction. Far end near window at larger x? The door end at x≈4?
[kimi] 
[kimi]   Turn to yaw -91 (right 180°... no, from 88.77 to -91.23: turn right (positive look yaw) by 180: four +45 turns. Or turn left 180. Either way 4 looks. Tedious. Alternative: turn right +45 → yaw 43.77 (doorway view), then walk out? No — better: walk along the room to the far window end.
[kimi] 
[kimi]   Plan: turn right +45 (yaw 43.77), then +45 (yaw -1.23), then +45 (yaw -46), then +45 (yaw -91). 4 acts just turning. Instead, batch: look +45, then move? Disorienting. 
[kimi] 
[kimi]   Alternative: single look +45 twice per... rule says one look per batch when exploring, but I can do look then move in a batch. Let me do look +45 with a forward move... The look turns right 45; moving after would go diagonally. 
[kimi] 
[kimi]   Simpler: 4 quick right turns, then walk along table to far end. Actually wait — do I even need to go back? The table's far end near window: I saw it in obs 115/117 — the table extended to the window with a dark chair at the end, nothing visible on it except near end. The black book is at the near-middle.
[kimi] 
[kimi]   Hmm, what about the OTHER side of the table (between table and dark wall)? Or the dark wall itself — maybe a hint floats there. In obs 116 (facing dark wall), nothing visible.
[kimi] 
[kimi]   What about near the ceiling? Briefing says hints float. Usually at readable height.
[kimi] 
[kimi]   Let me check around the door area (the MEETING ROOM sign). And the green plant through the door — the door leads east to the corridor with the plant. The record might be just outside the door? No, should be in the room.
[kimi] 
[kimi]   Actually, wait — I haven't examined the far end of the room: beyond the door end, the window wall. In obs 115, near the window at the far end there was a small dark object on the table end (0.51,0.30) — maybe a monitor? Let me walk there. Turn to yaw -91 (4 right turns) then walk forward... 
[kimi] 
[kimi]   Actually from obs 118 position, forward was blocked by a chair near the door. The path along the glass (left side) was clear. 
[kimi] 
[mcp] [08/08/26 10:28:58] INFO     Processing request of type            server.py:733
[mcp]                              CallToolRequest                                    
[supervisor] AI_PLAY received action batch for observation=128
[supervisor] AI_PLAY sending observation=129
[mcp] INFO:     127.0.0.1:57117 - "POST /mcp HTTP/1.1" 200 OK
[kimi]   Let me do the turns efficiently: I'll turn right +45 four times, but skip by turning and moving: turn +45, move forward-left... too complex. Just grind: 4 looks.yaw 43.77 again (facing the glass opening/doorway to the lobby, ARCHIVE across). Note there's an open doorway in the glass wall right of the desk — I could exit here directly to the lobby near ARCHIVE.
[kimi] 
[mcp] [08/08/26 10:29:09] INFO     Processing request of type            server.py:733
[mcp]                              CallToolRequest                                    
[supervisor] AI_PLAY received action batch for observation=129
[supervisor] AI_PLAY sending observation=130
[mcp] INFO:     127.0.0.1:57126 - "POST /mcp HTTP/1.1" 200 OK
[mcp] [08/08/26 10:29:17] INFO     Processing request of type            server.py:733
[mcp]                              CallToolRequest                                    
[supervisor] AI_PLAY received action batch for observation=130
[supervisor] AI_PLAY sending observation=131
[mcp] INFO:     127.0.0.1:57135 - "POST /mcp HTTP/1.1" 200 OK
[kimi]   Continue right +45 → yaw -1.23.yaw -1.23 facing glass/lobby. I need +2 more right turns to yaw -91. Continue.yaw -46, facing the door. Now I notice beyond the open dark door, in the corridor, there's a green plant on a cabinet. The door area: the door is dark and open. Note the "MEETING ROOM" sign spans the glass near the door.
[kimi] 
[mcp] [08/08/26 10:29:27] INFO     Processing request of type            server.py:733
[mcp]                              CallToolRequest                                    
[supervisor] AI_PLAY received action batch for observation=131
[supervisor] AI_PLAY sending observation=132
[mcp] INFO:     127.0.0.1:57195 - "POST /mcp HTTP/1.1" 200 OK
[kimi]   One more right turn → yaw -91, facing along the table toward the door end. Then walk forward along the left path (clear per earlier) to the door-end of the room.Facing the door end again (yaw -91). The black book on the table at (0.615,0.375). The path ahead along the glass is blocked by a chair near the door (the chair at table's far left end at (0.485,0.32)). 
[kimi] 
[kimi]   The far end of the table near the window: there's the head chair at (0.49,0.3). Nothing on the table there.
[kimi] 
[kimi]   New plan: walk toward the door along the glass wall, passing the left of the blocking chair. Move forward-left: (forward 0.5, right -0.2). Earlier forward at this yaw got blocked when I was at (1.98,13.39); now I'm at z 13.57, closer to the table side. The blocking object was the chair near the door. Let me try forward with slight left.
[kimi] 
[mcp] [08/08/26 10:29:40] INFO     Processing request of type            server.py:733
[mcp]                              CallToolRequest                                    
[supervisor] AI_PLAY received action batch for observation=132
[supervisor] AI_PLAY sending observation=133
[mcp] INFO:     127.0.0.1:57241 - "POST /mcp HTTP/1.1" 200 OK
[kimi] • 沿玻璃墙侧向门口端前进，稍微靠左避开椅子。
[kimi] 
[kimi] • Barely moved (0.25m; mostly -z?? delta was [0.062,-0.241]). Hmm, forward at yaw -91 should be +x. But delta x only 0.06 and z -0.24. Weird — seems my movement mapping is off. yaw -91: forward = (-sin(-91), -cos(-91)) = (0.9999, 0.017) ≈ +x. But observed delta was mostly -z. That means my forward actually went -z?? Unless the model of movement axes is different. 
[kimi] 
[kimi]   From data: obs 117→118: yaw -91.23, move forward 0.6 250ms → delta [+0.543, +0.012]: +x. OK forward=+x confirmed. This time forward 0.55 right -0.25 → delta [0.062, -0.241]. right -0.25 = left strafe. left = -(right vector). right vector = (-fz, fx)... using forward=(0.9999,0.017), right=(-0.017, 0.9999)≈+z? Then right -0.25 → -z *0.25... delta shows +x 0.06 (weak forward? blocked partially?) and -z 0.24. So left strafe = -z confirmed, but forward component only 0.06 — likely the chair blocked forward partially, so I slid left. OK.
[kimi] 
[kimi]   Now at (2.05,13.33). Continue forward (+x) along the glass toward the door. The chair ahead near door at (0.5,0.33). Try forward 0.5 again.
[kimi] 
[mcp] [08/08/26 10:29:57] INFO     Processing request of type            server.py:733
[mcp]                              CallToolRequest                                    
[supervisor] AI_PLAY received action batch for observation=133
[supervisor] AI_PLAY sending observation=134
[mcp] INFO:     127.0.0.1:57327 - "POST /mcp HTTP/1.1" 200 OK
[kimi] • 继续前进到门口端。
[kimi] 
[kimi] • Moved +0.6x to (2.64,13.34). Approaching the door end. I can see the green plant through the door more clearly (a cabinet with a green plant, in the corridor outside). The room's far end: window wall and dark wall corner ahead. Table's head chair at (0.51,0.35).
[kimi] 
[mcp] [08/08/26 10:30:10] INFO     Processing request of type            server.py:733
[mcp]                              CallToolRequest                                    
[supervisor] AI_PLAY received action batch for observation=134
[supervisor] AI_PLAY sending observation=135
[mcp] INFO:     127.0.0.1:57453 - "POST /mcp HTTP/1.1" 200 OK
[kimi]   Continue forward to the far end.At (3.25,13.35), near the door. The door is open, leading to a corridor with orange floor. The table ends here; head chair with yellow sun patch. Nothing on the table's far end.
[kimi] 
[mcp] [08/08/26 10:30:21] INFO     Processing request of type            server.py:733
[mcp]                              CallToolRequest                                    
[supervisor] AI_PLAY received action batch for observation=135
[supervisor] AI_PLAY sending observation=136
[mcp] INFO:     127.0.0.1:57517 - "POST /mcp HTTP/1.1" 200 OK
[kimi]   Look around the far end: turn right to check the dark wall corner (yaw -136), and check window wall. Actually, let me look right 45 to face the corner.Facing the dark wall corner. There's a small dot on the dark wall at (0.497,0.285) — could be a peephole or a small mark. The green book on the table visible at bottom-right (0.72,0.53) — the "Useless item". Nothing else.
[kimi] 
[mcp] [08/08/26 10:30:32] INFO     Processing request of type            server.py:733
[mcp]                              CallToolRequest                                    
[supervisor] AI_PLAY received action batch for observation=136
[supervisor] AI_PLAY sending observation=137
[mcp] INFO:     127.0.0.1:57533 - "POST /mcp HTTP/1.1" 200 OK
[kimi]   The dot on the wall — probe it? It's small; could be a floating hint seen edge-on? Let me probe (0.497,0.285).not_found (too far, ~2.5m, and probably just a wall blemish).
[kimi] 
[kimi]   Let me reconsider. Maybe the meeting room record was ALREADY READ pre-compaction and the handoff note "还没读到记录内容" is correct — not read. OK.
[kimi] 
[kimi]   Big rethink: In the successful run, records were COGITO hints at specific furniture. This run: task card said first location MEETING ROOM. This glass room has the MEETING ROOM sign. The under-desk teal swirl remains the best candidate — it's a genuine floating hint (small, rotating, low under the side table). My probes failed repeatedly though.
[kimi] 
[kimi]   Why would probe fail? Memory avoid: "探测悬浮标志时对准旋涡中心，避免被附近椅子的 Carry/Sit 抢占" — meaning near chairs, probes return the CHAIR's interaction or fail. The side table area: the white chair is right beside the desk. But probes returned not_found, not Carry.
[kimi] 
[kimi]   Also "probe_interaction 距离有限，失败时先缩短到 1 米左右再探" — I was within ~1m at obs 108.
[kimi] 
[kimi]   Hmm, wait — maybe the hint is UNDER the desk and my ray from standing height hits the desktop edge first; probe scan (9 steps around target) might not reach it. Crouch didn't change height (y stayed 0.801 — but maybe view height doesn't reflect in position y; the camera may lower without changing y? In obs 88 after crouch the view did look lower/closer).
[kimi] 
[kimi]   Let me try once more, very deliberately: stand right at the kneehole, crouch, look down at the swirl, wait for it to be face-on, and probe its exact center. 
[kimi] 
[kimi]   Actually — better idea: CARRY the white chair away from the desk first (it may be blocking the interaction volume), then probe the hint. The chair at the desk (white) — when I aimed at it earlier, did any Carry prompt appear? Not seen, but chairs elsewhere had Carry/Sit.
[kimi] 
[kimi]   Alternative pragmatic approach: maybe record 1 isn't the under-desk hint; maybe the meeting room record is the white document in the drawer but its interaction appears only when I'm at a specific angle. All my doc probes were from the left-front. Try from directly in front of the drawer, looking down steeply, within 0.5m.
[kimi] 
[kimi]   Honestly, both need a close, steep-down view. Let me go back to the desk, stand directly in front of the open drawer (which is at the desk's left pedestal), crouch, look down steeply (pitch -45), and take a screenshot to see what's actually there, then probe precisely.
[kimi] 
[kimi]   The desk is at the far side of the room from me now. I'm at (3.25,13.35), desk at around (2.4?, 14.2?)... wait earlier I stood at (1.44,13.38) very close to the drawer facing yaw 133. And at (1.98,13.57) facing yaw 88.8 I saw the desk front-on ~1m. Hmm, at yaw 88.8 forward = (-sin88.8, -cos88.8) = (-0.9997, 0.023) → facing -x. So the desk is at -x from (1.98,13.57), i.e., desk around x 1.2, z 13.6?? But earlier positions (1.99,13.35) were "standing at the desk". Confusing, but fine: desk is west (-x) of the room, around x 0.9-1.5, z 13.5-14.5.
[kimi] 
[kimi]   From (3.25,13.35), go -x toward the desk: turn left to yaw 88.77 (from -136.23: turn left = negative look yaw; need +225 or -135 → turn left 135 = three -45 looks... or turn right 225. Left 3 turns).
[kimi] 
[kimi]   This is getting expensive (request budget: max 300; I'm at obs 137 but many were pre-compaction... unknown count, but let's be efficient).
[kimi] 
[kimi]   Actually, wait. Let me reconsider whether record 1 is really here. The task card says first location = MEETING ROOM. Briefing: "合同记录可能表现为圆形 COGITO Hint、实体文件或书本". In this room I've found: screen logo (not interactable), drawer + white doc (not interactable), under-desk swirl (not interactable via probes), green book = Useless item. Maybe the record is the under-desk hint and I just can't hit it due to the ring rotating edge-on + occlusion.
[kimi] 
[kimi]   Try the carry-chair approach? The white chair next to the desk: probe it for Carry, pick it up, move it away, then probe the hint unobstructed.
[kimi] 
[kimi]   Actually — simpler: kneel... there's no kneel. Crouch may not lower camera (y constant). Hmm, but in obs 88 after crouch the view WAS lower (the desk appeared higher in frame). Actually comparing obs 87 vs 88: similar. Whatever.
[kimi] 
[kimi]   Let me try approaching from the FRONT of the kneehole: stand at (1.98,13.57)-ish facing -x (yaw 88.8), look down at the under-desk area directly (the kneehole faces -x toward room center? no—the desk front faces the room, i.e., +x? The chairs are on the room side). From obs 126 view (yaw 88.77 facing -x at the desk), the kneehole/drawer faced me. The under-desk swirl was glimpsed at lower-left of the drawer.
[kimi] 
[kimi]   Plan: navigate to (1.98,13.57), face yaw 88.77, pitch down ~-30, then screenshot: the under-desk area directly visible. Then probe the swirl when visible.
[kimi] 
[mcp] [08/08/26 10:31:15] INFO     Processing request of type            server.py:733
[mcp]                              CallToolRequest                                    
[supervisor] AI_PLAY received action batch for observation=137
[supervisor] AI_PLAY sending observation=138
[mcp] INFO:     127.0.0.1:57637 - "POST /mcp HTTP/1.1" 200 OK
[kimi]   Go: turn left 3x (-45 each) from -136 → 88.77. Then move forward... wait at yaw 88.77 forward is -x; I'm at x 3.25, need to reach x~2.0 → forward 0.6 x2. Let me batch turn+move carefully: look -45 (yaw -181?? -136-45 = -181 → wraps to 179). Hmm turning left from -136: yaw increases? No: look yaw negative → yaw value increases? Earlier: look -45 took -91.23 → -46.23 (increase). And +45 decreases. So to go from -136.23 to 88.77, delta = +225 (left turns) or -135 (right turns). Right turns (look +45 x3): -136.23 → -181.23?? decreases: -136-45=-181 → wraps +178.77; then 133.77; then 88.77. Yes 3 right turns.yaw 178.77 (≈ facing -z, the dark south wall... wait no). The green notebook on the table is right in front of me at (0.47,0.51)! The handoff said the green notebook showed "Useless item (Pick up)". But that was pre-compaction info — "会议桌中央的绿色本子是 Useless item（Pick up），是诱饵". OK it's a decoy.
[kimi] 
[kimi]   Hmm wait, but is it? The briefing says records can be a 书本 (book/notebook). The decoy label "Useless item" — trusted from handoff.
[kimi] 
[kimi]   But hold on — maybe there are multiple notebooks and the "Useless item" was determined by actually picking it up? Trust the handoff: decoy.
[kimi] 
[mcp] [08/08/26 10:31:28] INFO     Processing request of type            server.py:733
[mcp]                              CallToolRequest                                    
[supervisor] AI_PLAY received action batch for observation=138
[supervisor] AI_PLAY sending observation=139
[mcp] INFO:     127.0.0.1:57670 - "POST /mcp HTTP/1.1" 200 OK
[kimi]   Continue right turns to reach yaw 88.77: two more +45.Excellent! From this angle (yaw 133.77, from the east side of the room looking back at the side table), I can CLEARLY see a teal swirl hint floating under the side table at (0.60, 0.37)! It's a distinct floating ring, and the white chair is tipped near it. Also the screen shows its logo.
[kimi] 
[kimi]   The hint is at the left end under the desk (near the drawer pedestal). Distance ~3m from here. The white chair is right in front of the desk, tipped over, partially blocking.
[kimi] 
[kimi]   Plan: approach to ~1m from the hint, then probe its center. Move forward toward the desk. Current pos (3.25,13.35), yaw 133.77 facing the desk (which is at roughly x 1.2, z 14.2?). Move forward 0.6 250ms twice with checks. Watch out for the conference table at bottom-left.
[kimi] 
[mcp] [08/08/26 10:31:43] INFO     Processing request of type            server.py:733
[mcp]                              CallToolRequest                                    
[supervisor] AI_PLAY received action batch for observation=139
[supervisor] AI_PLAY sending observation=140
[mcp] INFO:     127.0.0.1:57736 - "POST /mcp HTTP/1.1" 200 OK
[kimi]   Actually the conference table corner is at bottom of frame — the side table is straight ahead. Move forward.Moved to (2.83,13.35). Now the hint (teal swirl) is visible at (0.568,0.385) peeking from behind the tipped white chair, under the desk's left end. The chair partially occludes it. Distance ~1.5m.
[kimi] 
[mcp] [08/08/26 10:31:53] INFO     Processing request of type            server.py:733
[mcp]                              CallToolRequest                                    
[supervisor] AI_PLAY received action batch for observation=140
[supervisor] AI_PLAY sending observation=141
[mcp] INFO:     127.0.0.1:57757 - "POST /mcp HTTP/1.1" 200 OK
[kimi]   Probe the swirl at (0.568, 0.385).not_found again, and this frame the swirl is hidden (edge-on). The swirl is definitely under the desk left end, behind the tipped chair.
[kimi] 
[mcp] [08/08/26 10:32:04] INFO     Processing request of type            server.py:733
[mcp]                              CallToolRequest                                    
[supervisor] AI_PLAY received action batch for observation=141
[supervisor] AI_PLAY sending observation=142
[mcp] INFO:     127.0.0.1:57823 - "POST /mcp HTTP/1.1" 200 OK
[kimi]   New approach per memory: the chair may be preempting. MOVE THE CHAIR. Probe the tipped white chair for Carry: it's at (0.545,0.44). Probe it.Chair probe also not_found (chair probably not carryable here / too far). The swirl visible at (0.562,0.39) again this frame.
[kimi] 
[kimi]   Budget concern: I've spent many requests. Let me be smart. Get closer — walk right up to the desk's left end so the swirl is within 1m and unobstructed by the chair from a steeper angle. Move forward (0.5, 0.1) 200ms. The tipped chair is at ~(2.3,13.5)? I'm at (2.82,13.35). Move forward 200ms.
[kimi] 
[mcp] [08/08/26 10:32:16] INFO     Processing request of type            server.py:733
[mcp]                              CallToolRequest                                    
[supervisor] AI_PLAY received action batch for observation=142
[supervisor] AI_PLAY sending observation=143
[mcp] INFO:     127.0.0.1:57858 - "POST /mcp HTTP/1.1" 200 OK
[kimi] • 继续靠近到 1 米内再探。
[kimi] 
[kimi] • Now ~1m from the hint: the teal swirl is visible at (0.538,0.405) AND another teal piece at (0.57,0.415) — it's the ring seen at an angle, under the desk left end, partially behind the tipped chair leg. The drawer above it is open.
[kimi] 
[kimi]   Probe at (0.55, 0.41).
[kimi] 
[mcp] [08/08/26 10:32:29] INFO     Processing request of type            server.py:733
[mcp]                              CallToolRequest                                    
[supervisor] AI_PLAY received action batch for observation=143
[supervisor] AI_PLAY sending observation=144
[mcp] INFO:     127.0.0.1:57917 - "POST /mcp HTTP/1.1" 200 OK
[kimi] • 已到 1 米内，对准桌下旋涡中心探测。
[kimi] 
[kimi] • STILL not_found even at 1m, unobstructed-ish. Now I genuinely doubt this teal swirl is an interactable hint. It might be a decorative glowing object under the desk (like a small lamp/decoration echoing the screen logo).
[kimi] 
[kimi]   Decision: abandon the side table entirely. The MEETING ROOM record must be something else. Candidates in the room: the green notebook ("Useless item" per handoff — but did I actually verify by interacting, or just assume? The handoff said it showed "Useless item (Pick up)" — that means I probed it and it showed Pick up with object text "Useless item". OK decoy confirmed).
[kimi] 
[kimi]   What about OUTSIDE the room but near the door — the corridor with the plant cabinet? The task card's "MEETING ROOM" might refer to the general area. The record could be near the meeting room entrance outside.
[kimi] 
[kimi]   Also: the meeting room has another door (the one I entered through pre-compaction, on the west side near the flowerpot). 
[kimi] 
[kimi]   Wait, actually — what about ABOVE? The floating hints hover at some height. In the lobby I might spot a hint. Hmm.
[kimi] 
[kimi]   Alternative: re-read the task card to double-check the location text? The task card is at the spawn (south end of lobby, (3.0,-17.9)) — far away. Costly but the card can be re-read. Not yet.
[kimi] 
[kimi]   Let me check the corridor outside the meeting room door first (the door is right next to me now, at the north-east corner). The green plant on the cabinet outside — maybe the hint is there. Walk out the door.
[kimi] 
[kimi]   The door is at my left-front (obs 135 view: door at left). Currently yaw 133.77 facing the desk/dark corner. The door is behind me. Turn around: from 133.77, door direction was yaw -91 area... the door at (3.4?, 13.0?)... In obs 135 at (3.25,13.35) yaw -91, door was ahead-left at ~(0.37,0.3). So door is at +x from 3.25, around x 3.8-4.2, z 12.5-13.
[kimi] 
[kimi]   From current yaw 133.77, turn left... target yaw -91: right turns +45 would decrease: 133.77-45=88.77, -45→43.77, -45→-1.23, -45→-46.23, -45→-91.23. 5 turns! Ugh. Or left turns: 133.77+45=178.77, +45=223.77(≡-136.23), +45=-91.23. 3 left turns (look yaw -45 x3).
[kimi] 
[mcp] [08/08/26 10:32:53] INFO     Processing request of type            server.py:733
[mcp]                              CallToolRequest                                    
[supervisor] AI_PLAY received action batch for observation=144
[supervisor] AI_PLAY sending observation=145
[mcp] INFO:     127.0.0.1:58009 - "POST /mcp HTTP/1.1" 200 OK
[kimi]   Let me do the 3 left turns, then walk through the door.Wait — yaw went from 133.77 to 178.77 after look -45? That's +45. Hmm, earlier I deduced look -45 → yaw +45 (e.g., -91→-46). Yes consistent: look negative = yaw increases. From 133.77+45=178.77. Good. Two more: 178.77+45=223.77→-136.23; then -91.23.
[kimi] 
[kimi]   Interesting: this frame shows the conference table at left (green book visible at (0.115,0.51)) and at bottom-right the desk area with... a teal glow at (0.978,0.555)! That's the under-desk hint seen from behind/right. Whatever.
[kimi] 
[mcp] [08/08/26 10:33:05] INFO     Processing request of type            server.py:733
[mcp]                              CallToolRequest                                    
[supervisor] AI_PLAY received action batch for observation=145
[supervisor] AI_PLAY sending observation=146
[mcp] INFO:     127.0.0.1:58036 - "POST /mcp HTTP/1.1" 200 OK
[mcp] [08/08/26 10:33:19] INFO     Processing request of type            server.py:733
[mcp]                              CallToolRequest                                    
[supervisor] AI_PLAY received action batch for observation=146
[supervisor] AI_PLAY sending observation=147
[mcp] INFO:     127.0.0.1:58126 - "POST /mcp HTTP/1.1" 200 OK
[kimi]   Continue left -45.yaw -136.23. View: conference table with the green book standing ON the table at (0.467,0.42). The green book is closer now, ~1m. Hmm — the "Useless item" — the handoff says decoy. But wait, it might have shown "Useless item" as its object text when I picked it up... A readable_notebook would show a Read prompt. Let me quickly probe it — it's cheap and definitive. (0.467,0.42).Green book: not_found from ~1.2m. Either decoy (Pick up requires closer) or just decoration. Handoff says it showed "Useless item (Pick up)" before, so decoy. 
[kimi] 
[kimi]   Decision: exit through the nearby door to the corridor and look around outside the meeting room — maybe record 1's hint is at the meeting room entrance or in the corridor area. Also I could check the SECOND door area (the west entrance I used originally, near flowerpot).
[kimi] 
[kimi]   Actually wait — important reconsideration. Pre-compaction, I concluded "打开后抽屉区域露出青绿色标志" — the under-desk hint appeared ONLY AFTER opening the drawer. That's consistent with a hint hidden behind the desk modesty... but all probes fail. Since probes scan only a small region (9 steps), and the ring rotates (edge-on = invisible), maybe I need to time the probe when the ring is face-on to my view. The ring appears as a full circle when its normal faces me. From my various positions, it appeared as arcs at (0.55,0.41) etc.
[kimi] 
[kimi]   Alternatively the under-desk teal thing could be a glowing OBJECT (decoration), and the record is elsewhere entirely.
[kimi] 
[kimi]   Think about the layout: briefing says each record is at a named location. The meeting room is this room. If the record were a floating hint, it would be placed visibly, e.g., near the conference table head, not hidden under a side desk behind a tipped chair. The hidden-under-desk placement is weird. UNLESS the intended interaction: open drawer → hint revealed INSIDE the drawer cavity... but probes inside fail.
[kimi] 
[kimi]   Honestly, maybe the record here is the WHITE DOCUMENT in the drawer, and its Read interaction requires the prompt to appear passively (like drawer's Close) rather than via probe. Let me stand directly in front of the open drawer, aim crosshair at the white doc, and check available_interactions without probing. That's how Close appeared (obs 88, 102).
[kimi] 
[kimi]   To do that: go to the desk front-left, look down into the drawer. Position: the desk is at the room's west end... In current frame (yaw -136), the desk is behind me. The drawer is at the desk's left pedestal (viewed from front). In obs 126 (from (1.98,13.57), yaw 88.77), the desk faced me, drawer on the left at (0.24,0.49).
[kimi] 
[kimi]   Navigate: I'm at (2.48,13.35). Target (1.98,13.57) yaw 88.77. From -136.23, turn right (+45 x5? -136-45=-181→178.77; 133.77; 88.77) — 3 right turns: -136.23 →(+45)→ -181.23 wraps to 178.77 → 133.77 → 88.77. Then move.
[kimi] 
[kimi]   Wait, but I already did essentially this at obs 88 (crouched, aiming into drawer): available_interactions showed only Close. Aiming at the doc specifically: in obs 105/108 I probed — probes move the crosshair and reported not_found.
[kimi] 
[kimi]   Hmm OK here's yet another thought: maybe probe_interaction only detects certain interaction types and "read document" interactions show passively. In obs 102, crosshair was at the drawer front (Close appeared). If I put the crosshair exactly on the white doc inside the drawer using look (small adjustments), available_interactions might show "Read".
[kimi] 
[kimi]   From obs 126 (yaw 88.77 at (1.98,13.57)): the doc inside drawer at (0.235,0.485). Crosshair is center (0.5,0.5). To aim at the doc: turn left slightly and down slightly: doc is left of center by 0.265 of screen width and 0.015 up. FOV? Unknown, but 0.265 width ≈ maybe 15-20°. So look yaw -15 (left, toward the doc), pitch -5.
[kimi] 
[kimi]   Let me execute: 3 right turns to yaw 88.77, then move forward (forward at 88.77 = -x) to get to ~1m from the desk, then micro-aim at the doc.
[kimi] 
[mcp] [08/08/26 10:33:51] INFO     Processing request of type            server.py:733
[mcp]                              CallToolRequest                                    
[supervisor] AI_PLAY received action batch for observation=147
[supervisor] AI_PLAY sending observation=148
[mcp] INFO:     127.0.0.1:58194 - "POST /mcp HTTP/1.1" 200 OK
[kimi]   Turn 1.Hmm yaw went 178.77 (wait, from -136.23 +45 → -181.23 wraps to +178.77. Yes). Note bottom-right: the desk area with teal swirls visible — TWO teal glows at (0.885,0.495) and (0.975,0.585). The under-desk hint again.
[kimi] 
[mcp] [08/08/26 10:34:04] INFO     Processing request of type            server.py:733
[mcp]                              CallToolRequest                                    
[supervisor] AI_PLAY received action batch for observation=148
[supervisor] AI_PLAY sending observation=149
[mcp] INFO:     127.0.0.1:58289 - "POST /mcp HTTP/1.1" 200 OK
[kimi]   Continue right +45 → 133.77.yaw 133.77, facing the desk. The teal swirl visible at (0.533,0.415) under the drawer. I'm at (2.48,13.35), about 1.1m from the desk.
[kimi] 
[kimi]   Final idea for the under-desk hint: its CENTER. The ring appears at (0.53,0.415). But maybe its actual anchor point is higher (the pole base?) or the interactable point is at its center which is hidden behind the drawer's vertical front panel. The drawer's dark front panel hangs at (0.555,0.40). The swirl glows around it.
[kimi] 
[kimi]   The drawer front panel occludes the ring center! When the drawer is OPEN, its panel stands vertically right where the ring is. Closing the drawer would slide the panel horizontal into the desk, possibly UNCOVERING the ring. Wait no — closing moves the panel INTO the desk (flush), so the ring (inside the drawer cavity?) would be covered by the closed panel.
[kimi] 
[kimi]   Hmm, but actually maybe the ring is in the kneehole BEHIND the drawer pedestal... the drawer, when open, extends OUT toward me, its panel vertical. The ring appears just behind/under that panel.
[kimi] 
[mcp] [08/08/26 10:34:22] INFO     Processing request of type            server.py:733
[mcp]                              CallToolRequest                                    
[supervisor] AI_PLAY received action batch for observation=149
[supervisor] AI_PLAY sending observation=150
[mcp] INFO:     127.0.0.1:58364 - "POST /mcp HTTP/1.1" 200 OK
[kimi]   Let me try closing the drawer and see what the ring does. Get Close: aim at the drawer panel. It's at (0.555,0.39). Look to center it: currently crosshair at (0.5,0.5), panel at (0.555,0.39): right ~5°, up ~8°. Look yaw +5? no — right turn is positive look yaw. Small look: yaw +5... wait positive look yaw turns right (yaw decreases). Panel is right of crosshair, so look yaw +5, pitch +8.Now I see the swirl ring nicely at (0.51,0.465) below the drawer — clearly a floating teal ring, face-on-ish! It's positioned right at the drawer's open front panel. No interaction prompt listed though.
[kimi] 
[kimi]   I'm at (2.48,13.35), ~1.2m away. Let me move a bit closer (to ~0.7m) and aim the crosshair directly at the ring center with look, then check if a read prompt appears passively. If not, probe.
[kimi] 
[mcp] [08/08/26 10:34:38] INFO     Processing request of type            server.py:733
[mcp]                              CallToolRequest                                    
[supervisor] AI_PLAY received action batch for observation=150
[supervisor] AI_PLAY sending observation=151
[mcp] INFO:     127.0.0.1:58396 - "POST /mcp HTTP/1.1" 200 OK
[kimi]   Move forward small: forward at yaw 128.77 = (-sin128.77, -cos128.77) = (-0.78, 0.63). That moves -x +z... wait that heads toward the desk? The desk is ahead in view. Position would go (2.48-0.78*d, 13.35+0.63*d). Move 0.35 150ms ≈ 0.25m. Then aim.At (2.32,13.35). The swirl visible at (0.487,0.475) and another glow at (0.53,0.49) under the drawer. Ring center around (0.5,0.48). Aim crosshair exactly at it: it's slightly left-below center. Look yaw -3 (left), pitch -6 (down)... crosshair at (0.5,0.5); target (0.5,0.48) basically centered! Just pitch -2. Actually the ring at (0.487,0.475) — nearly at crosshair already. available_interactions is empty though.
[kimi] 
[mcp] [08/08/26 10:34:51] INFO     Processing request of type            server.py:733
[mcp]                              CallToolRequest                                    
[supervisor] AI_PLAY received action batch for observation=151
[supervisor] AI_PLAY sending observation=152
[mcp] INFO:     127.0.0.1:58411 - "POST /mcp HTTP/1.1" 200 OK
[kimi]   Try probe right at it now: (0.49, 0.48).Definitely not interactable. The under-desk swirl is a DECORATION (mirrors the screen logo). Conclusion: this room has NO readable record 1 visible so far... 
[kimi] 
[kimi]   Wait, unless the record is OUTSIDE this glass room: perhaps "MEETING ROOM" refers to a different room! There's a sign "MEETING ROOM" on this glass room's wall though.
[kimi] 
[kimi]   Hmm, hold on. Let me reconsider: maybe I ALREADY read record 1 pre-compaction, and the handoff note "还没读到记录内容" is wrong?? The handoff said: "最新一次 probe 返回 aligned 但只有 Close 提示，还没读到记录内容" — I wrote that, trust it.
[kimi] 
[kimi]   What about the corridor outside the meeting room door (with the green plant on the cabinet)? A hint could be there — records are at "named locations" and the hint might stand at the meeting room's entrance corridor. Let me exit through the door (right next to me, to the east) and inspect the corridor.
[kimi] 
[kimi]   Direction: door at approx (3.9,12.8)? From obs 135, at (3.25,13.35) yaw -91 (facing +x), door was ahead-left. So door at x≈3.9, z≈12.9. From current (2.31,13.35), move +x: turn to yaw -91: currently 128.77. Turn right +45 → 83.77, +45 → 38.77, +45 → -6.23, +45 → -51.23, +45 → -96.23 ≈ -91. 5 turns. Ugh, expensive.
[kimi] 
[kimi]   Alternatively turn left: 128.77 +45 → 173.77, +45 → 218.77 ≡ -141.23, +45 → -96.23. 3 left turns. Same as before.
[kimi] 
[kimi]   Actually, better: instead of aligning precisely, just turn roughly and walk. Turn left 135 → yaw ≈ -96. Then move forward with slight adjustments based on view.
[kimi] 
[kimi]   Budget: I've used ~70 acts this session post-compaction + unknown pre-compaction (obs id 82 at compaction; obs_id roughly equals acts). So ~152 total?? The limit is 300 act requests. observation_id probably tracks observations, near act count. So I have ~150 left. Need efficiency: still need record 1, 2, 3, keypad. 
[kimi] 
[mcp] [08/08/26 10:35:14] INFO     Processing request of type            server.py:733
[mcp]                              CallToolRequest                                    
[supervisor] AI_PLAY received action batch for observation=152
[supervisor] AI_PLAY sending observation=153
[mcp] INFO:     127.0.0.1:58434 - "POST /mcp HTTP/1.1" 200 OK
[mcp] [08/08/26 10:35:25] INFO     Processing request of type            server.py:733
[mcp]                              CallToolRequest                                    
[supervisor] AI_PLAY received action batch for observation=153
[supervisor] AI_PLAY sending observation=154
[mcp] INFO:     127.0.0.1:58558 - "POST /mcp HTTP/1.1" 200 OK
[mcp] [08/08/26 10:35:36] INFO     Processing request of type            server.py:733
[mcp]                              CallToolRequest                                    
[supervisor] AI_PLAY received action batch for observation=154
[supervisor] AI_PLAY sending observation=155
[mcp] INFO:     127.0.0.1:58632 - "POST /mcp HTTP/1.1" 200 OK
[kimi]   Let me be decisive: exit via the door, scan corridor for hint. If nothing, head back toward the lobby and re-read the task card to reconfirm the first location (maybe it said "MEETING ROOM" plus more specific text I misremembered, e.g., "meeting room hallway").yaw 173.77 (facing the dark wall, -z probably). Two more left turns to reach ≈ -96.yaw -141.23. One more left -45 → -186.23 ≡ 173.77?? No wait: -141.23 + 45 = -96.23. Good, one more.yaw -96.23, facing +x toward the open door. The door is ahead-left at (0.35,0.3). Walk forward to the door and through. Move forward 0.6 250ms x2 (door ~2m). Adjust slightly left: door is left of center; add right=-0.15.
[kimi] 
[mcp] [08/08/26 10:35:48] INFO     Processing request of type            server.py:733
[mcp]                              CallToolRequest                                    
[supervisor] AI_PLAY received action batch for observation=155
[supervisor] AI_PLAY sending observation=156
[mcp] INFO:     127.0.0.1:58647 - "POST /mcp HTTP/1.1" 200 OK
[kimi] • 朝门口走，准备出门查看走廊。
[kimi] 
[mcp] [08/08/26 10:35:59] INFO     Processing request of type            server.py:733
[mcp]                              CallToolRequest                                    
[supervisor] AI_PLAY received action batch for observation=156
[supervisor] AI_PLAY sending observation=157
[mcp] INFO:     127.0.0.1:58692 - "POST /mcp HTTP/1.1" 200 OK
[kimi] • At (2.92,13.27). Door ahead-left. Through the door I see the corridor with the green plant on a brown cabinet. Continue to the door and out.At (3.48,13.13), right at the door. The corridor beyond has orange floor, a brown cabinet with green plant at (0.25,0.35). Step through the doorway (small steps): forward 0.3 150ms, aiming through the open door gap.
[kimi] 
[mcp] [08/08/26 10:36:12] INFO     Processing request of type            server.py:733
[mcp]                              CallToolRequest                                    
[supervisor] AI_PLAY received action batch for observation=157
[supervisor] AI_PLAY sending observation=158
[mcp] INFO:     127.0.0.1:58871 - "POST /mcp HTTP/1.1" 200 OK
[kimi] • 到门口了，小步穿过门洞进入走廊。
[kimi] 
[kimi] • At (3.83,12.97), right at the door. The door swings inward; I need to pass left of the door panel. The doorway is at left. The corridor has orange floor, the plant cabinet, and a light-blue object (chair?) further left.
[kimi] 
[mcp] [08/08/26 10:36:24] INFO     Processing request of type            server.py:733
[mcp]                              CallToolRequest                                    
[supervisor] AI_PLAY received action batch for observation=158
[supervisor] AI_PLAY sending observation=159
[mcp] INFO:     127.0.0.1:58902 - "POST /mcp HTTP/1.1" 200 OK
[kimi]   Continue through: forward-left.Now at the door (Close/Lock prompts on the door handle). I'm in the doorway. The corridor beyond (orange floor, light-blue couch?, plant cabinet). Don't touch the door; just walk through. The door panel is to my right... I'm facing +x (yaw -96), the doorway passage is ahead-left past the panel. Move forward-left: (0.35, -0.25) 150ms.
[kimi] 
[mcp] [08/08/26 10:36:38] INFO     Processing request of type            server.py:733
[mcp]                              CallToolRequest                                    
[supervisor] AI_PLAY received action batch for observation=159
[supervisor] AI_PLAY sending observation=160
[mcp] INFO:     127.0.0.1:58918 - "POST /mcp HTTP/1.1" 200 OK
[kimi] • 门把上有 Close/Lock 提示，不动门，直接从门洞左侧通过。
[kimi] 
[kimi] • I'm at (4.47,12.60), in the doorway, the door panel right in front of me (the door swings outward toward me?). The corridor is to my left (I see a blue couch and the plant cabinet through the left gap). The door blocks straight ahead. I need to go around the door panel — move left (right=-0.4) to clear it, then forward.
[kimi] 
[mcp] [08/08/26 10:36:52] INFO     Processing request of type            server.py:733
[mcp]                              CallToolRequest                                    
[supervisor] AI_PLAY received action batch for observation=160
[supervisor] AI_PLAY sending observation=161
[mcp] INFO:     127.0.0.1:58952 - "POST /mcp HTTP/1.1" 200 OK
[kimi] • 门板挡在正面，从左侧绕过去进入走廊。
[kimi] 
[kimi] • At (4.63,12.32). I'm essentially through the door plane; the corridor is to the left (blue couch visible at left). Now turn left to face the corridor and explore. The corridor runs along... The blue couch is at left (z lower? or -x?). Turn left to face the corridor area: look yaw -45 (yaw → -51.23).
[kimi] 
[kimi]   Actually let me think: which way does the corridor go? In obs 161, through the doorway on the left I see: a blue couch, the plant cabinet, orange floor. That's the corridor/lounge outside. Turn left and walk out.
[kimi] 
[mcp] [08/08/26 10:37:06] INFO     Processing request of type            server.py:733
[mcp]                              CallToolRequest                                    
[supervisor] AI_PLAY received action batch for observation=161
[supervisor] AI_PLAY sending observation=162
[mcp] INFO:     127.0.0.1:59024 - "POST /mcp HTTP/1.1" 200 OK
[kimi] • 已过门。左转向走廊外侧（可见蓝色沙发、花盆柜）。
[kimi] 
[kimi] • Now I see out to the lobby: "CUBICLE AREA" sign far left across the lobby, and an NPC (pink/red figure) near a desk! Also a fountain/planter in the lobby. The corridor by the meeting room door has the plant cabinet and blue couch.
[kimi] 
[kimi]   Wait — is there a hint anywhere near here? Not visible. The NPC might be worth talking to later (friendly_npc may give clues). But records must be read in order; NPC may point to locations.
[kimi] 
[kimi]   Given the meeting room search failed, let me reconsider the task card. It said first location = MEETING ROOM per handoff. But maybe it actually said something more specific. The task card is at spawn (3.0,-17.9), far south. Alternatively, the NPC could give a hint.
[kimi] 
[kimi]   Actually WAIT. Big realization: maybe I misread which room is the MEETING ROOM. The glass room has "MEETING ROOM" written on its glass — yes it is.
[kimi] 
[kimi]   Hmm, but what about the floating hint IN the lobby visible from here? Not in this frame.
[kimi] 
[kimi]   Let me think about where record 1 could be in the meeting room that I haven't checked:
[kimi]   1. The side table/drawer area — checked, nothing interactable (decoration swirl + non-interactable doc).
[kimi]   2. Conference table: green book (Useless item decoy), nothing else.
[kimi]   3. Walls: nothing.
[kimi]   4. The west entrance area (flowerpot side) — not checked closely! I entered through an open gap on the west side near a flowerpot. Maybe the hint is there.
[kimi]   5. The ceiling corners?
[kimi] 
[kimi]   Also — maybe the record requires the drawer doc: the doc might be readable only via interact when the Read prompt appears passively. I never got a passive Read prompt because my crosshair never sat exactly on the doc. Let me try once: stand before the open drawer, put crosshair exactly on the white doc via look (not probe), wait for prompt.
[kimi] 
[kimi]   But I'm outside the room now. The door auto-stays open.
[kimi] 
[kimi]   Actually, hold on — let me look at the CUBICLE AREA sign. In run 2's route, records were at LABORATORY/CUBICLE AREA/BREAK ROOM. This run's card says MEETING ROOM first. The records' locations are per-run. Fine.
[kimi] 
[kimi]   Let me quickly talk to the NPC — friendly NPC "可能提供线索或指出值得调查的地点". That's cheap and could point exactly to record 1's spot in the meeting room. The NPC is across the lobby though (~10m). 
[kimi] 
[kimi]   Alternatively re-read the task card for the full text (it may say WHERE in the meeting room, e.g., "会议桌" vs "边柜"). The spawn is at the far south end. Also far.
[kimi] 
[kimi]   Closest useful: check the west entrance area of the meeting room (flowerpot side). That's on the other side of the glass room, near the lobby. From here, walk left (south?) along the corridor.
[kimi] 
[kimi]   Hmm, wait. Actually let me look more carefully — in obs 162, the corridor continues left past the blue couch. The "west entrance" with flowerpot: the handoff said the room's south door (at ~(4.1,10)) plus an open gap on the left of the door with a flowerpot. So the flowerpot is right outside the door I just exited! The plant cabinet at (0.6,0.35) in this view IS the flowerpot!
[kimi] 
[kimi]   So the meeting room entrance area = here. No hint visible here.
[kimi] 
[kimi]   New idea: look UP. The briefing said hints float — maybe in this room the hint floats higher (e.g., above the conference table or near the ceiling). I only scanned at pitch -12 to -35. Let me go back inside and look UP around the room. Actually from outside, through the glass, I could scan inside with pitch up.
[kimi] 
[kimi]   Let me step back into the doorway and look up inside the room: turn right to face the room interior (yaw back to ~-96 then look through the door... the door panel blocks). Better: re-enter the room.
[kimi] 
[kimi]   Actually — wait. Look at obs 162 again: through the glass above the door, "MEETING ROOM" text. Inside the room near the ceiling... can't tell.
[kimi] 
[mcp] [08/08/26 10:37:39] INFO     Processing request of type            server.py:733
[mcp]                              CallToolRequest                                    
[supervisor] AI_PLAY received action batch for observation=162
[supervisor] AI_PLAY sending observation=163
[mcp] INFO:     127.0.0.1:59093 - "POST /mcp HTTP/1.1" 200 OK
[kimi]   Decide: re-enter the meeting room, do a pitch-up survey. Turn right +45 (yaw -96) and walk back in past the door.Looking up at the door frame area — nothing above except windows. 
[kimi] 
[kimi]   OK stop flailing. STRATEGY RESET. Budget is a concern (obs 163; if obs_id ≈ act count, ~163 used, ~137 left). I need a reliable plan.
[kimi] 
[kimi]   Re-read the task card! It might specify exactly where in the meeting room (e.g., "会议桌尽头的白板" etc.). The spawn is at (3.0,-17.9) — about 30m south. That's ~10-15 moves each way + reading. Expensive but reliable.
[kimi] 
[kimi]   ALTERNATIVELY: the NPC near CUBICLE AREA could give the exact hint location. Also some distance.
[kimi] 
[kimi]   Alternatively... wait. Maybe I should reconsider the white document in the drawer ONE more time with the passive-prompt method, since I'm right here. It takes ~6 acts to get back inside and aim. If the doc shows "Read" passively when the crosshair sits on it, done.
[kimi] 
[kimi]   Actually, hmm, earlier at obs 102, crosshair on the drawer gave "Close". The doc is inside the drawer — aiming at the doc means aiming through/into the drawer; the drawer interaction (Close) would likely dominate.
[kimi] 
[kimi]   Let me think about what the handoff said exactly: "真正的记录点在会议区东侧边桌（有大屏幕显示 COGITO 标志）：桌子左侧抽屉已打开（出现了 Open→Close），打开后抽屉区域露出青绿色标志" — I concluded the record was here because the teal marker appeared. But now we know that teal thing is a permanent decoration (it's visible even in frames where the drawer was closed? unknown).
[kimi] 
[kimi]   Hmm wait, actually — one more possibility I haven't tried: INTERACT2 (E) on the hint area! Some objects have a secondary action. But rules: only interact when listed. The list was empty.
[kimi] 
[kimi]   And another: maybe the record is a document ON TOP of the side table behind the screen? The desk surface: in obs 126 the desktop looked empty except the screen stand.
[kimi] 
[kimi]   OK let me also reconsider: was the task card's first location really "MEETING ROOM"? Handoff says so. Fine.
[kimi] 
[kimi]   What about the meeting room's WEST side (the flowerpot entrance I originally used, on the lobby side)? The door I just exited faces the corridor/lounge at the room's EAST?? Hmm, actually wait: which side did I enter pre-compaction? "从门左侧、花盆旁的开放门洞进入室内" — the flowerpot. The plant cabinet outside this very door is that flowerpot! So this IS the entrance I used.
[kimi] 
[kimi]   So the meeting room is fully explored: table, chairs, side desk, decoys. No readable record found. Something is off.
[kimi] 
[kimi]   NEW HYPOTHESIS: maybe there are TWO meeting rooms, or the record is at a different "MEETING ROOM" sign. OR the record hint floats somewhere I haven't looked: e.g., high near the ceiling inside the room, or in a corner behind the door.
[kimi] 
[kimi]   Cost-effective next step: talk to the NPC (visible across the lobby near CUBICLE AREA). Friendly NPCs give clues per briefing. The NPC is ~12m away. Let me go talk.
[kimi] 
[kimi]   Actually wait, even better: from out here I can see into the meeting room through the glass. Let me scan the room interior through the glass with pitch up... The room interior is behind the door frame now.
[kimi] 
[mcp] [08/08/26 10:38:10] INFO     Processing request of type            server.py:733
[mcp]                              CallToolRequest                                    
[supervisor] AI_PLAY received action batch for observation=163
[supervisor] AI_PLAY sending observation=164
[mcp] INFO:     127.0.0.1:59284 - "POST /mcp HTTP/1.1" 200 OK
[kimi]   Go to NPC: from (4.64,12.32), the NPC was at yaw -51 view, far across the lobby to the... CUBICLE AREA sign direction. Turn left to yaw -51 (look yaw +45? currently -96.23; -51.23 is +45 → look yaw -45... no: look negative increases yaw: -96.23 + 45 = -51.23 via look yaw -45). Wait: look yaw -45 increases yaw by 45: -96.23→-51.23. Yes, look yaw=-45. Hmm but that's "turn left"? Whatever, do it.Facing the lobby (yaw -51.23). NPC visible at (0.045,0.33) near CUBICLE AREA. There's a fountain/planter in the lobby center-left, blue couch at right.
[kimi] 
[kimi]   Walk toward the NPC: it's far (~12-15m). Sprint? Careful — memory warns about the fountain pocket (run 3 fell in near the fountain). The fountain is the square structure at left-center. I'll walk around it on the right side.
[kimi] 
[mcp] [08/08/26 10:38:25] INFO     Processing request of type            server.py:733
[mcp]                              CallToolRequest                                    
[supervisor] AI_PLAY received action batch for observation=164
[supervisor] AI_PLAY sending observation=165
[mcp] INFO:     127.0.0.1:59320 - "POST /mcp HTTP/1.1" 200 OK
[kimi]   Move: forward 0.7 250ms, several steps, checking each. Direction: NPC is at left of view; adjust left a bit. Batch 1: forward 0.6, right -0.15, 250ms.Moved only 0.37m (probably brushed the door). I see the lounge: blue couch, pink reception counter, NPC(s) at far left near CUBICLE AREA (pink chairs?). Forward direction yaw -51. Continue forward-left around the couch.
[kimi] 
[mcp] [08/08/26 10:38:38] INFO     Processing request of type            server.py:733
[mcp]                              CallToolRequest                                    
[supervisor] AI_PLAY received action batch for observation=165
[supervisor] AI_PLAY sending observation=166
[mcp] INFO:     127.0.0.1:59358 - "POST /mcp HTTP/1.1" 200 OK
[kimi] • 继续向大厅 NPC 方向前进，绕过沙发和前台。
[kimi] 
[kimi] • Hmm, movement is slow (0.45m) — I'm hugging the wall/door on my right (Close/Lock prompt active from the door). I'm at (5.38,12.08). The lounge with couch and pink counter ahead-left. NPC area further left.
[kimi] 
[kimi]   Actually wait — I should reconsider. Walking all the way to the NPC: fine. But before that, look at the current frame: this is a nice lounge area between the meeting room and cubicle area. No hint visible.
[kimi] 
[kimi]   Continue: move forward-left into the open lobby.
[kimi] 
[mcp] [08/08/26 10:38:53] INFO     Processing request of type            server.py:733
[mcp]                              CallToolRequest                                    
[supervisor] AI_PLAY received action batch for observation=166
[supervisor] AI_PLAY sending observation=167
[mcp] INFO:     127.0.0.1:59430 - "POST /mcp HTTP/1.1" 200 OK
[kimi] • 继续穿过大厅休息区向 NPC 走。
[kimi] 
[kimi] • Moving along the window wall (delta mostly -z). At (5.60,11.41). The pink counter and CUBICLE AREA ahead-left. Two pink chairs at the counter — wait, are those NPCs? At (0.03,0.33) and (0.155,0.32) there are pink/red chair-like figures. One at the counter could be the NPC.
[kimi] 
[kimi]   Actually in obs 162/164, the NPC was a small pink figure near CUBICLE AREA. The pink things at the counter look like chairs. Hmm.
[kimi] 
[kimi]   Keep moving forward-left toward the counter area.
[kimi] 
[mcp] [08/08/26 10:39:08] INFO     Processing request of type            server.py:733
[mcp]                              CallToolRequest                                    
[supervisor] AI_PLAY received action batch for observation=167
[supervisor] AI_PLAY sending observation=168
[mcp] INFO:     127.0.0.1:59514 - "POST /mcp HTTP/1.1" 200 OK
[kimi] • 继续向前台/CUBICLE AREA 方向。
[kimi] 
[mcp] [08/08/26 10:39:22] INFO     Processing request of type            server.py:733
[mcp]                              CallToolRequest                                    
[supervisor] AI_PLAY received action batch for observation=168
[supervisor] AI_PLAY sending observation=169
[mcp] INFO:     127.0.0.1:59634 - "POST /mcp HTTP/1.1" 200 OK
[mcp] [08/08/26 10:39:35] INFO     Processing request of type            server.py:733
[mcp]                              CallToolRequest                                    
[supervisor] AI_PLAY received action batch for observation=169
[supervisor] AI_PLAY sending observation=170
[mcp] INFO:     127.0.0.1:59669 - "POST /mcp HTTP/1.1" 200 OK
[kimi] • At (5.93,10.70), passing the pink counter on my left. I see into the cubicle area ahead-left (pink chairs, desks). The NPC was near there. Continue forward-left past the counter.At (6.09,9.95). Cubicle area visible ahead-left with pink office chairs and desks. I don't see an obvious NPC now. Let me turn left to look into the cubicle area directly.Now I see the lobby panorama (yaw -16): 
[kimi]   - Center: fountain (pink/white) — the one from run 3's accident.
[kimi]   - Far left: stairs to a mezzanine, signs "CEO OFFICE", "BREAK ROOM" (left far), "CUBICLE AREA" (center far).
[kimi]   - An NPC? Near the "BREAK ROOM" sign at far left there seems to be a figure (dark/red) at (0.105,0.32).
[kimi]   - Pink chairs near CUBICLE AREA.
[kimi] 
[kimi]   The NPC (friendly_npc in blue per reference) — at far left near the stairs/BREAK ROOM there might be one. Let me zoom toward that: turn left a bit and look. The figure at (0.105,0.32) is tiny.
[kimi] 
[kimi]   Actually, hold on — budget check: obs 170, ~130 left. NPC dialogue may or may not help. 
[kimi] 
[kimi]   Alternative plan: re-read the task card. The card is at spawn (3.0,-17.9). From here (6.09,9.94) that's ~28m south — the stairs area in view is probably mid-lobby; spawn further south beyond. Hmm, actually where's south? The lobby axis: meeting room at north (z 13), spawn at z -17.9 (south). The view at yaw -16 shows the lobby extending... the signs CEO OFFICE / BREAK ROOM at left. 
[kimi] 
[kimi]   The NPC: brief says NPC may "指出值得调查的地点". Given my total failure to find the record in the meeting room, the NPC clue could be decisive. Where is the NPC? In obs 164, I saw a pinkish figure near CUBICLE AREA. In this frame, pink "chairs" at (0.35,0.31) and (0.435,0.31) — those are chairs. At far left (0.105,0.32) near BREAK ROOM there's a reddish blob that could be an NPC.
[kimi] 
[mcp] [08/08/26 10:39:58] INFO     Processing request of type            server.py:733
[mcp]                              CallToolRequest                                    
[supervisor] AI_PLAY received action batch for observation=170
[supervisor] AI_PLAY sending observation=171
[mcp] INFO:     127.0.0.1:59709 - "POST /mcp HTTP/1.1" 200 OK
[kimi]   Let me walk toward the far-left area (stairs/BREAK ROOM sign). Move forward-left.Moved to (5.91,9.16). Now clearer: the fountain is between me and the cubicle area. Signs: "CEO OFFICE" (above far left), "BREAK ROOM" (left, red text?), "CUBICLE AREA" (center). There's a figure near BREAK ROOM sign at (0.10,0.32) — reddish. Also possibly the same NPC I saw earlier.
[kimi] 
[kimi]   Also I notice the stairs to the mezzanine (CEO OFFICE up there?).
[kimi] 
[kimi]   Wait — actually, now I recall run 2's memory: BREAK ROOM record is "电视柜顶面" and CEO OFFICE record is "桌面文件". Those location descriptions are GENERIC (from briefing). The card's first location this run is MEETING ROOM.
[kimi] 
[mcp] [08/08/26 10:40:16] INFO     Processing request of type            server.py:733
[mcp]                              CallToolRequest                                    
[supervisor] AI_PLAY received action batch for observation=171
[supervisor] AI_PLAY sending observation=172
[mcp] INFO:     127.0.0.1:59819 - "POST /mcp HTTP/1.1" 200 OK
[kimi]   Hmm, let me look at the BREAK ROOM sign area — the red text at (0.115,0.275) says BREAK ROOM maybe. The figure next to it... Let me approach. Move forward-left around the fountain.At (5.67,8.37), alongside the fountain. Ahead: cubicle area with pink chair, desk; left: stairs with signs "CEO OFFICE"(?), "ELEVATOR"(?), "BREAK ROOM"(?). There IS a figure near the break room sign at (0.098,0.31) — reddish/dark, could be the NPC. Keep going forward-left toward the stairs area.
[kimi] 
[mcp] [08/08/26 10:40:31] INFO     Processing request of type            server.py:733
[mcp]                              CallToolRequest                                    
[supervisor] AI_PLAY received action batch for observation=172
[supervisor] AI_PLAY sending observation=173
[mcp] INFO:     127.0.0.1:59888 - "POST /mcp HTTP/1.1" 200 OK
[kimi] • 沿喷泉边继续向楼梯/BREAK ROOM 标志处前进。
[kimi] 
[kimi] • At (5.48,7.58), passing the fountain. Signs at left: "CEO OFFICE" (top?), "ELEVATOR"(?), "BREAK ROOM" (red). A figure near the stairs bottom-left at (0.075,0.32) — dark/red. That might be the NPC. Also the meeting room door (dark, open) is visible at right-center — wait, that's a door in the fountain?? At (0.51,0.28) there's a dark door-like panel standing at the fountain's edge. Odd — that's the meeting room's glass door seen from outside? No... it's a standalone dark panel near the fountain. Actually it might be the meeting room door — no, the meeting room is behind me to the north-east.
[kimi] 
[kimi]   Hmm, that dark panel at the fountain's north end is strange. Whatever.
[kimi] 
[kimi]   Continue toward the stairs/figure.
[kimi] 
[mcp] [08/08/26 10:40:49] INFO     Processing request of type            server.py:733
[mcp]                              CallToolRequest                                    
[supervisor] AI_PLAY received action batch for observation=173
[supervisor] AI_PLAY sending observation=174
[mcp] INFO:     127.0.0.1:59912 - "POST /mcp HTTP/1.1" 200 OK
[kimi] • 继续向楼梯口的可疑人影前进。
[kimi] 
[kimi] • At (5.25,6.92), past the fountain. The dark panel is a standing screen/partition by the window. Ahead: CUBICLE AREA with desks and pink chairs. Left: stairs with signs ("CEO OFFICE", "BREAK ROOM" red text at left wall), and a dark/red figure at (0.065,0.31) near the BREAK ROOM sign. Keep approaching.
[kimi] 
[mcp] [08/08/26 10:41:04] INFO     Processing request of type            server.py:733
[mcp]                              CallToolRequest                                    
[supervisor] AI_PLAY received action batch for observation=174
[supervisor] AI_PLAY sending observation=175
[mcp] INFO:     127.0.0.1:59928 - "POST /mcp HTTP/1.1" 200 OK
[kimi] • 继续向楼梯口左侧 BREAK ROOM 标志旁的人影靠近。
[kimi] 
[kimi] • Now clearer: signs read "CEO OFFICE UPSTAIRS" (left, at stairs) and "BREAK ROOM" (red, far left). There's a dark figure near the BREAK ROOM sign at (0.065,0.31) — looks like a person! And something red at the desk in the cubicle area (0.375,0.29) — a red chair? 
[kimi] 
[kimi]   Also note: the dark panel by the window is just a partition/screen.
[kimi] 
[kimi]   Approach the figure near BREAK ROOM. Move forward-left.
[kimi] 
[mcp] [08/08/26 10:41:21] INFO     Processing request of type            server.py:733
[mcp]                              CallToolRequest                                    
[supervisor] AI_PLAY received action batch for observation=175
[supervisor] AI_PLAY sending observation=176
[mcp] INFO:     127.0.0.1:59988 - "POST /mcp HTTP/1.1" 200 OK
[kimi] • 标志看清了："CEO OFFICE UPSTAIRS" 和红色 "BREAK ROOM"，旁边有黑色人影（疑似 NPC）。继续靠近。
[kimi] 
[mcp] [08/08/26 10:41:35] INFO     Processing request of type            server.py:733
[mcp]                              CallToolRequest                                    
[supervisor] AI_PLAY received action batch for observation=176
[supervisor] AI_PLAY sending observation=177
[mcp] INFO:     127.0.0.1:60030 - "POST /mcp HTTP/1.1" 200 OK
[kimi] • At (4.53,6.18). The dark figure at (0.068,0.32) near the BREAK ROOM sign — looks like a dark-clothed NPC standing by the wall. Distance ~8m. Continue forward-left.At (4.20,5.36). The NPC is near the BREAK ROOM sign at far left (0.065,0.325) — dark blue/black figure, ~7m away. Also "BREAK ROOM" red sign and "CEO OFFICE UPSTAIRS" sign visible. Continue forward-left.
[kimi] 
[mcp] [08/08/26 10:41:50] INFO     Processing request of type            server.py:733
[mcp]                              CallToolRequest                                    
[supervisor] AI_PLAY received action batch for observation=177
[supervisor] AI_PLAY sending observation=178
[mcp] INFO:     127.0.0.1:60087 - "POST /mcp HTTP/1.1" 200 OK
[kimi] • 继续向 NPC 靠近。
[kimi] 
[kimi] • At (3.87,4.56), y jumped to 1.08 (stepped up onto something? platform edge). The NPC is now clearly visible at left (0.055,0.325): a dark blue figure standing by the wall near BREAK ROOM sign, ~5m. There's also a pink chair near the stairs.
[kimi] 
[kimi]   Note: there's a pink chair ON the cubicle desk at (0.45,0.32)?? And chairs. Whatever.
[kimi] 
[mcp] [08/08/26 10:42:07] INFO     Processing request of type            server.py:733
[mcp]                              CallToolRequest                                    
[supervisor] AI_PLAY received action batch for observation=178
[supervisor] AI_PLAY sending observation=179
[mcp] INFO:     127.0.0.1:60255 - "POST /mcp HTTP/1.1" 200 OK
[kimi]   Head straight to the NPC: it's at far left. Move forward-left more aggressively.At (3.44,3.87), y=1.36 — I'm on a raised platform (the cubicle area is elevated?). The NPC is at left (0.05,0.34), dark blue figure by the BREAK ROOM wall, ~4m. The stairs with CEO OFFICE UPSTAIRS sign. 
[kimi] 
[kimi]   Note the white circle marker on the desk at (0.51,0.37) — a cup? Also desks with monitors.
[kimi] 
[kimi]   Careful about the platform edge (memory: don't fall off platforms). Continue toward NPC, moderate.
[kimi] 
[mcp] [08/08/26 10:42:25] INFO     Processing request of type            server.py:733
[mcp]                              CallToolRequest                                    
[supervisor] AI_PLAY received action batch for observation=179
[supervisor] AI_PLAY sending observation=180
[mcp] INFO:     127.0.0.1:60309 - "POST /mcp HTTP/1.1" 200 OK
[kimi] • 继续向左前方 NPC 移动（注意脚下高台边缘）。
[kimi] 
[mcp] [08/08/26 10:42:40] INFO     Processing request of type            server.py:733
[mcp]                              CallToolRequest                                    
[supervisor] AI_PLAY received action batch for observation=180
[supervisor] AI_PLAY sending observation=181
[mcp] INFO:     127.0.0.1:60327 - "POST /mcp HTTP/1.1" 200 OK
[mcp] [08/08/26 10:42:54] INFO     Processing request of type            server.py:733
[mcp]                              CallToolRequest                                    
[supervisor] AI_PLAY received action batch for observation=181
[supervisor] AI_PLAY sending observation=182
[mcp] INFO:     127.0.0.1:60349 - "POST /mcp HTTP/1.1" 200 OK
[kimi] • At (3.02,3.15). NPC now at (0.05,0.35), ~3m, dark blue figure standing by the pink wall under the BREAK ROOM sign. There's also a blue couch far ahead and a yellow cone near the stairs. Head straight to the NPC.At (2.54,2.49). NPC at (0.05,0.335), ~2.5m. I'm on the raised platform (y=1.30). The NPC is below/by the wall under the mezzanine, near BREAK ROOM. Continue.At (2.09,1.89). NPC at (0.055,0.35), about 2m, dark blue figure with what looks like a cap, standing by the pink counter under the mezzanine near BREAK ROOM. There's a white object on the floor at center (0.465,0.36) — a paper? 
[kimi] 
[mcp] [08/08/26 10:43:12] INFO     Processing request of type            server.py:733
[mcp]                              CallToolRequest                                    
[supervisor] AI_PLAY received action batch for observation=182
[supervisor] AI_PLAY sending observation=183
[mcp] INFO:     127.0.0.1:60368 - "POST /mcp HTTP/1.1" 200 OK
[kimi]   Turn to face the NPC directly and approach. The NPC is at far left; turn left ~30.Hmm, look yaw -30 actually turned me RIGHT? yaw went from -16.23 to +13.77 (+30). So look negative increases yaw (turn left)... but the view shows the stairs now more centered-left, meaning I turned... whatever, NPC now at (0.36,0.34) near the pink door under the stairs. The figure is standing in a doorway (pink room — BREAK ROOM?). 
[kimi] 
[kimi]   Also visible: a yellow hemisphere on the floor (0.335,0.47) — yellow cone? A door at far left (0.175,0.33). The NPC at the pink doorway.
[kimi] 
[mcp] [08/08/26 10:43:29] INFO     Processing request of type            server.py:733
[mcp]                              CallToolRequest                                    
[supervisor] AI_PLAY received action batch for observation=183
[supervisor] AI_PLAY sending observation=184
[mcp] INFO:     127.0.0.1:60440 - "POST /mcp HTTP/1.1" 200 OK
[mcp] [08/08/26 10:43:44] INFO     Processing request of type            server.py:733
[mcp]                              CallToolRequest                                    
[supervisor] AI_PLAY received action batch for observation=184
[supervisor] AI_PLAY sending observation=185
[mcp] INFO:     127.0.0.1:60494 - "POST /mcp HTTP/1.1" 200 OK
[mcp] [08/08/26 10:44:01] INFO     Processing request of type            server.py:733
[mcp]                              CallToolRequest                                    
[supervisor] AI_PLAY received action batch for observation=185
[supervisor] AI_PLAY sending observation=186
[mcp] INFO:     127.0.0.1:60562 - "POST /mcp HTTP/1.1" 200 OK
[mcp] [08/08/26 10:44:19] INFO     Processing request of type            server.py:733
[mcp]                              CallToolRequest                                    
[supervisor] AI_PLAY received action batch for observation=186
[supervisor] AI_PLAY sending observation=187
[mcp] INFO:     127.0.0.1:60695 - "POST /mcp HTTP/1.1" 200 OK
[kimi]   Approach the NPC: move forward (it's ~4m ahead-left).At (1.70,1.36). NPC at (0.365,0.345) in the pink doorway under the stairs, ~3m. Continue toward it.At (1.15,0.55), dropped to floor level (y 0.80). The NPC at (0.365,0.325) — about 2.5m away, standing at the BREAK ROOM door (pink interior visible). Continue one more step, then probe the NPC for talk prompt.At (0.75,-0.03). NPC at (0.365,0.325), ~2m. BREAK ROOM sign above the door it stands in. Get closer then probe. One more step.NPC at (0.36,0.33), ~1.8m. Close enough to probe. Probe the NPC at (0.36, 0.33).
[kimi] 
[mcp] [08/08/26 10:44:34] INFO     Processing request of type            server.py:733
[mcp]                              CallToolRequest                                    
[supervisor] AI_PLAY received action batch for observation=187
[supervisor] AI_PLAY sending observation=188
[mcp] INFO:     127.0.0.1:60735 - "POST /mcp HTTP/1.1" 200 OK
[kimi] • 够近了，探测 NPC 获取对话提示。
[kimi] 
[kimi] • not_found — too far maybe (~3m?). The NPC is small at the doorway. Depth image shows the NPC bright (near?) at (0.36,0.33)... it's in the lit doorway, maybe 3-4m. Move closer: the NPC is in the BREAK ROOM doorway. Move forward to within 1.5m.
[kimi] 
[mcp] [08/08/26 10:44:51] INFO     Processing request of type            server.py:733
[mcp]                              CallToolRequest                                    
[supervisor] AI_PLAY received action batch for observation=188
[supervisor] AI_PLAY sending observation=189
[mcp] INFO:     127.0.0.1:60786 - "POST /mcp HTTP/1.1" 200 OK
[kimi] • 距离还不够，继续走到 NPC 面前。
[kimi] 
[mcp] [08/08/26 10:45:11] INFO     Processing request of type            server.py:733
[mcp]                              CallToolRequest                                    
[supervisor] AI_PLAY received action batch for observation=189
[supervisor] AI_PLAY sending observation=190
[mcp] INFO:     127.0.0.1:60875 - "POST /mcp HTTP/1.1" 200 OK
[mcp] [08/08/26 10:45:27] INFO     Processing request of type            server.py:733
[mcp]                              CallToolRequest                                    
[supervisor] AI_PLAY received action batch for observation=190
[supervisor] AI_PLAY sending observation=191
[mcp] INFO:     127.0.0.1:60966 - "POST /mcp HTTP/1.1" 200 OK
[mcp] [08/08/26 10:45:43] INFO     Processing request of type            server.py:733
[mcp]                              CallToolRequest                                    
[supervisor] AI_PLAY received action batch for observation=191
[supervisor] AI_PLAY sending observation=192
[mcp] INFO:     127.0.0.1:61042 - "POST /mcp HTTP/1.1" 200 OK
[mcp] [08/08/26 10:45:59] INFO     Processing request of type            server.py:733
[mcp]                              CallToolRequest                                    
[supervisor] AI_PLAY received action batch for observation=192
[supervisor] AI_PLAY sending observation=193
[mcp] INFO:     127.0.0.1:61096 - "POST /mcp HTTP/1.1" 200 OK
[kimi] • At (0.28,-0.80). NPC visible at (0.36,0.33) in the BREAK ROOM doorway, ~2.2m. One more step then probe.NPC at (0.36,0.33) ~1.5m. Probe it now.Still not_found. The NPC is at the BREAK ROOM doorway, maybe 2.5m away still. The figure looks tiny. Depth map: the figure area at (0.36,0.33) is mid-gray — moderately far. Let me get right up to it. Move forward.NPC at (0.355,0.34), maybe 1.2m now, standing at the pink counter inside the BREAK ROOM doorway. Probe again.Still not_found. The figure is inside the BREAK ROOM behind its doorway/counter. Maybe there's a glass or the NPC is inside the room and I need to enter. The BREAK ROOM door is open (pink interior). The NPC stands at the back near the counter.
[kimi] 
[kimi]   Budget: obs 193. ~107 acts left if obs≈acts. I must be careful: NPC chat may be a detour. But meeting room gave nothing, so I need guidance.
[kimi] 
[kimi]   Actually — WAIT. Look at the BREAK ROOM interior: at (0.36,0.30) there's a green/white poster on the wall inside. And the briefing said BREAK ROOM record = 电视柜顶面实体文件. But I must read record 1 (MEETING ROOM) first... "提前找到后续记录不会跳过规定的调查顺序" — reading later records early doesn't skip order? It says finding them early doesn't skip the required order — meaning I still must read 1 first, but reading 2/3 early presumably still counts as reading them? Unclear. Anyway, need record 1 first.
[kimi] 
[mcp] [08/08/26 10:46:18] INFO     Processing request of type            server.py:733
[mcp]                              CallToolRequest                                    
[supervisor] AI_PLAY received action batch for observation=193
[supervisor] AI_PLAY sending observation=194
[mcp] INFO:     127.0.0.1:61261 - "POST /mcp HTTP/1.1" 200 OK
[mcp] [08/08/26 10:46:35] INFO     Processing request of type            server.py:733
[mcp]                              CallToolRequest                                    
[supervisor] AI_PLAY received action batch for observation=194
[supervisor] AI_PLAY sending observation=195
[mcp] INFO:     127.0.0.1:61283 - "POST /mcp HTTP/1.1" 200 OK
[mcp] [08/08/26 10:46:51] INFO     Processing request of type            server.py:733
[mcp]                              CallToolRequest                                    
[supervisor] AI_PLAY received action batch for observation=195
[supervisor] AI_PLAY sending observation=196
[mcp] INFO:     127.0.0.1:61304 - "POST /mcp HTTP/1.1" 200 OK
[kimi]   Approach the NPC into the break room: move forward through the doorway.The stairs are right in front of me now; the BREAK ROOM door is to the left of the stairs with the NPC visible inside (blue figure at (0.355,0.33), ~1.5m). The doorway is open (no door panel). Move left-forward to the doorway.NPC now clearly visible: blue-shirt figure at the pink counter inside BREAK ROOM (0.355,0.33), ~1.5m. Probe now.Still not_found — the NPC is inside the room, maybe 2.5m away through the doorway. The pink counter might block. Walk into the BREAK ROOM through the doorway (left of stairs).
[kimi] 
[mcp] [08/08/26 10:47:08] INFO     Processing request of type            server.py:733
[mcp]                              CallToolRequest                                    
[supervisor] AI_PLAY received action batch for observation=196
[supervisor] AI_PLAY sending observation=197
[mcp] INFO:     127.0.0.1:61331 - "POST /mcp HTTP/1.1" 200 OK
[kimi] • 走进 BREAK ROOM 门口。
[kimi] 
[mcp] [08/08/26 10:47:26] INFO     Processing request of type            server.py:733
[mcp]                              CallToolRequest                                    
[supervisor] AI_PLAY received action batch for observation=197
[supervisor] AI_PLAY sending observation=198
[mcp] INFO:     127.0.0.1:61383 - "POST /mcp HTTP/1.1" 200 OK
[mcp] [08/08/26 10:47:43] INFO     Processing request of type            server.py:733
[mcp]                              CallToolRequest                                    
[supervisor] AI_PLAY received action batch for observation=198
[supervisor] AI_PLAY sending observation=199
[mcp] INFO:     127.0.0.1:61453 - "POST /mcp HTTP/1.1" 200 OK
[kimi] • At (-1.30,-2.82). BREAK ROOM doorway ahead-left, NPC inside at the pink counter (0.37,0.34). ~2m. Enter the room: forward-left small step.At (-1.76,-3.22). BREAK ROOM doorway ahead, NPC at the pink counter inside (0.375,0.345), ~1.8m. Inside I also see a table with a white lamp/object further in. Enter and probe the NPC.At the doorway. NPC inside at (0.378,0.345), ~1.5m. Probe the NPC now.
[kimi] 
[mcp] [08/08/26 10:48:01] INFO     Processing request of type            server.py:733
[mcp]                              CallToolRequest                                    
[supervisor] AI_PLAY received action batch for observation=199
[supervisor] AI_PLAY sending observation=200
[mcp] INFO:     127.0.0.1:61509 - "POST /mcp HTTP/1.1" 200 OK
[kimi] • 到门口了，探测 NPC。
[kimi] 
[kimi] • Still not_found. The NPC is inside the room behind the pink counter — maybe the counter blocks the ray, or still too far. Walk INTO the room, right up to the counter.
[kimi] 
[mcp] [08/08/26 10:48:18] INFO     Processing request of type            server.py:733
[mcp]                              CallToolRequest                                    
[supervisor] AI_PLAY received action batch for observation=200
[supervisor] AI_PLAY sending observation=201
[mcp] INFO:     127.0.0.1:61709 - "POST /mcp HTTP/1.1" 200 OK
[kimi] • 进入 BREAK ROOM，走到柜台前。
[kimi] 
[mcp] [08/08/26 10:48:37] INFO     Processing request of type            server.py:733
[mcp]                              CallToolRequest                                    
[supervisor] AI_PLAY received action batch for observation=201
[supervisor] AI_PLAY sending observation=202
[mcp] INFO:     127.0.0.1:61740 - "POST /mcp HTTP/1.1" 200 OK
[mcp] [08/08/26 10:48:54] INFO     Processing request of type            server.py:733
[mcp]                              CallToolRequest                                    
[supervisor] AI_PLAY received action batch for observation=202
[supervisor] AI_PLAY sending observation=203
[mcp] INFO:     127.0.0.1:61799 - "POST /mcp HTTP/1.1" 200 OK
[kimi] • Hmm, the movement seems slow; I'm still outside. The doorway is ahead. NPC inside. Move again into the room.NPC now bigger at (0.382,0.355), ~1.2m inside the doorway area. There's a table with a white lamp inside. Probe the NPC.The NPC is inside the room past the doorway; I'm in the doorway. Still ~2m from the NPC. The pink counter is between us. Walk into the room up to the counter.
[kimi] 
[mcp] [08/08/26 10:49:12] INFO     Processing request of type            server.py:733
[mcp]                              CallToolRequest                                    
[supervisor] AI_PLAY received action batch for observation=203
[supervisor] AI_PLAY sending observation=204
[mcp] INFO:     127.0.0.1:61833 - "POST /mcp HTTP/1.1" 200 OK
[kimi] • 走进房间到柜台前。
[kimi] 
[mcp] [08/08/26 10:49:30] INFO     Processing request of type            server.py:733
[mcp]                              CallToolRequest                                    
[supervisor] AI_PLAY received action batch for observation=204
[supervisor] AI_PLAY sending observation=205
[mcp] INFO:     127.0.0.1:61869 - "POST /mcp HTTP/1.1" 200 OK
[kimi] • I'm in the doorway now; NPC (blue shirt, dark hair) at (0.378,0.365), ~1.5m inside, standing by a pink couch. Probe again.Still not_found! The NPC is ~2m inside the room. Walk right up to it (within 1m).
[kimi] 
[mcp] [08/08/26 10:49:48] INFO     Processing request of type            server.py:733
[mcp]                              CallToolRequest                                    
[supervisor] AI_PLAY received action batch for observation=205
[supervisor] AI_PLAY sending observation=206
[mcp] INFO:     127.0.0.1:61892 - "POST /mcp HTTP/1.1" 200 OK
[kimi] • 再走一步贴近 NPC。
[kimi] 
[mcp] [08/08/26 10:50:05] INFO     Processing request of type            server.py:733
[mcp]                              CallToolRequest                                    
[supervisor] AI_PLAY received action batch for observation=206
[supervisor] AI_PLAY sending observation=207
[mcp] INFO:     127.0.0.1:62065 - "POST /mcp HTTP/1.1" 200 OK
[kimi] • NPC at (0.375,0.37), ~1.2m, clear view (blue shirt, dark hair, standing by the pink couch). Probe it.The NPC probes keep failing even at ~1.5m. Weird. Is that actually an NPC? It's a small blue figure — matches friendly_npc reference (blue shirt). But maybe it's farther than it looks (the room is deep). Depth: figure area is light gray (far-ish). The doorway frames it; it may be 3m+ inside.
[kimi] 
[kimi]   Walk INTO the room fully, right up to the figure.
[kimi] 
[mcp] [08/08/26 10:50:25] INFO     Processing request of type            server.py:733
[mcp]                              CallToolRequest                                    
[supervisor] AI_PLAY received action batch for observation=207
[supervisor] AI_PLAY sending observation=208
[mcp] INFO:     127.0.0.1:62159 - "POST /mcp HTTP/1.1" 200 OK
[kimi] • 进房间径直走到 NPC 面前。
[kimi] 
[mcp] [08/08/26 10:50:43] INFO     Processing request of type            server.py:733
[mcp]                              CallToolRequest                                    
[supervisor] AI_PLAY received action batch for observation=208
[supervisor] AI_PLAY sending observation=209
[mcp] INFO:     127.0.0.1:62221 - "POST /mcp HTTP/1.1" 200 OK
[kimi] • Now I'm entering the room; NPC at (0.372,0.39), ~1.5m, next to the pink couch. The room interior: pink couch, table with white lamp, chairs, a white fridge(?) at right wall (0.583,0.32). Probe the NPC again.STILL not_found! Even at ~1.5m with a clear view of the NPC. Maybe this figure is NOT an interactable NPC (could be a static mannequin/decoration). Or the interactable NPC is elsewhere.
[kimi] 
[kimi]   Budget alarm: obs 209, ~90 left. I've been burning acts on travel and failed probes. Time to refocus on the mainline: find record 1 at "MEETING ROOM".
[kimi] 
[kimi]   Reflection: maybe I gave up on the meeting room too early. The under-desk teal ring — I probed it many times from various distances and got not_found. The screen logo — not_found. The drawer doc — not_found. The green book — handoff says Useless item.
[kimi] 
[kimi]   Hmm wait — one thing I NEVER tried: probing the drawer doc when the drawer was CLOSED, or looking at the desktop surface behind the screen. Also never probed the meeting room's WHITEBOARD... wait, was there a whiteboard? In obs 113 there was a white panel on the left wall of the side-table area! Look at obs 113: "a white rectangular panel on the wall at left (0.08,0.30)". Yes! There was a whiteboard/blank panel on the wall inside the meeting room near the side table!
[kimi] 
[kimi]   Also in obs 126, the white panel appears at right edge (0.97,0.35). A whiteboard in a meeting room — the record could be a document ON the whiteboard, or the whiteboard itself is readable!
[kimi] 
[kimi]   Plan: return to the meeting room (northeast of lobby, ~(4.1,10)-(2,13.5)), examine the whiteboard panel on the wall.
[kimi] 
[kimi]   Also along the way, consider the possibility that the record is a floating hint I dismissed.
[kimi] 
[kimi]   Route: I'm at (-3.26,-5.91) in the break room doorway. The meeting room is at z≈10-14, x≈2-4. Distance ~17m. Go out, head north along the lobby. The corridor I came through was along the window wall (x≈5-6). 
[kimi] 
[mcp] [08/08/26 10:51:12] INFO     Processing request of type            server.py:733
[mcp]                              CallToolRequest                                    
[supervisor] AI_PLAY received action batch for observation=209
[supervisor] AI_PLAY sending observation=210
[mcp] INFO:     127.0.0.1:62384 - "POST /mcp HTTP/1.1" 200 OK
[kimi]   Let me go: turn around — the lobby is behind me (yaw 13.77 faces the break room; lobby is at yaw ~193 → turn right 180). Move out and north.Turned right 45 (yaw -31.23). I see the break room interior at left (table, chair, white fridge at (0.255,0.33)) and the staircase at right. Hmm wait — this doesn't look like 180 turn. yaw went 13.77 → -31.23 (decreased 45). Right turn confirmed (positive look yaw = right = decrease).
[kimi] 
[kimi]   I need to go north (toward the meeting room at z≈10-14). From the lobby views earlier: facing yaw -16 to -51 showed the cubicle area and fountain (north side?). When I walked from the meeting room to the break room, I went from (4.6,12.3) to (-3.3,-5.9): direction (-0.55,-1.27) normalized — mostly -z. So the meeting room is at +z from here. Which yaw faces +z? forward = (-sinθ, -cosθ). For +z: -cosθ=1 → θ=180. So yaw 180 (or -180) faces +z (north toward meeting room).
[kimi] 
[kimi]   Currently yaw -31.23. Need 180: turn right (decrease) by 149 → -31.23-149 = -180. Right turns: -45 x3 → -31.23-135 = -166.23, close enough (then adjust).
[kimi] 
[kimi]   Do 3 right turns. Actually combine: turn +45 x3 in separate acts. Let me do it.
[kimi] 
[mcp] [08/08/26 10:51:38] INFO     Processing request of type            server.py:733
[mcp]                              CallToolRequest                                    
[supervisor] AI_PLAY received action batch for observation=210
[supervisor] AI_PLAY sending observation=211
[mcp] INFO:     127.0.0.1:62435 - "POST /mcp HTTP/1.1" 200 OK
[kimi] • 右转朝大厅北端（会议室方向）回转。
[kimi] 
[mcp] [08/08/26 10:51:57] INFO     Processing request of type            server.py:733
[mcp]                              CallToolRequest                                    
[supervisor] AI_PLAY received action batch for observation=211
[supervisor] AI_PLAY sending observation=212
[mcp] INFO:     127.0.0.1:62462 - "POST /mcp HTTP/1.1" 200 OK
[kimi] • yaw -76.23. Facing the stairs and the lobby beyond (cubicle area sign mirrored at right, fountain, etc.). One more right turn → -121.23, then another → -166.23. Then walk north.yaw -121.23. Now I see across the lobby: "CEO OFFICE UPSTAIRS" sign floating mid-lobby (that's odd — it's floating text, maybe a directional sign), a SECOND staircase at right (leading up), and far right "MEETING ROOM" sign visible (mirrored, at (0.82,0.28))! So the meeting room is to the right (east). 
[kimi] 
[kimi]   The meeting room is at the far side. To get there: head right-ish (northeast). Let me turn right once more (-166) then adjust. Actually the MEETING ROOM sign is at yaw direction... it's at screen right edge now (0.82,0.28). One more right 45 → -166.23 would put it... screen right edge object at ~+30° from center; turning right 45 puts it at center-right... let me just turn right 45 and then aim at it.
[kimi] 
[mcp] [08/08/26 10:52:19] INFO     Processing request of type            server.py:733
[mcp]                              CallToolRequest                                    
[supervisor] AI_PLAY received action batch for observation=212
[supervisor] AI_PLAY sending observation=213
[mcp] INFO:     127.0.0.1:62584 - "POST /mcp HTTP/1.1" 200 OK
[kimi] • 看到远处右侧的 MEETING ROOM 标志。再右转一次对准它。
[kimi] 
[kimi] • yaw -166.23 (facing +z, north). Now I see: a central staircase ahead (leading up to a platform), a small building/room at right-center (with a door, "MEETING ROOM" sign at (0.415,0.275) far), LABORATORY sign at far right. The lobby is wide open with yellow cones.
[kimi] 
[kimi]   The meeting room: the small structure at right-center with the brown door — the "MEETING ROOM" sign is on it (small text at (0.415,0.275)). So the meeting room = the glass room at the north... hmm, actually this looks like a standalone room structure in the middle-right of the lobby. Its door faces west (toward me).
[kimi] 
[mcp] [08/08/26 10:52:42] INFO     Processing request of type            server.py:733
[mcp]                              CallToolRequest                                    
[supervisor] AI_PLAY received action batch for observation=213
[supervisor] AI_PLAY sending observation=214
[mcp] INFO:     127.0.0.1:62625 - "POST /mcp HTTP/1.1" 200 OK
[kimi]   Distance ~12m. Walk toward it. Forward (yaw -166 faces +z roughly toward it). The structure is right of center; adjust right slightly.Moving north (z -5.9→-5.1). The meeting room structure with brown door is at right-center, ~10m. The sign "MEETING ROOM" tiny at (0.415,0.27). Also a small pedestal/podium next to the door (at (0.615,0.33)) — a small table? Interesting.
[kimi] 
[kimi]   Sprint to cover ground? Memory warns about care, but the lobby is open here. Use move 0.8 250ms steps. Actually sprint is fine in open area: sprint 0.8, 250ms.
[kimi] 
[mcp] [08/08/26 10:53:04] INFO     Processing request of type            server.py:733
[mcp]                              CallToolRequest                                    
[supervisor] AI_PLAY received action batch for observation=214
[supervisor] AI_PLAY sending observation=215
[mcp] INFO:     127.0.0.1:62750 - "POST /mcp HTTP/1.1" 200 OK
[kimi] • 开阔大厅，加速前往会议室。
[kimi] 
[mcp] [08/08/26 10:53:23] INFO     Processing request of type            server.py:733
[mcp]                              CallToolRequest                                    
[supervisor] AI_PLAY received action batch for observation=215
[supervisor] AI_PLAY sending observation=216
[mcp] INFO:     127.0.0.1:62851 - "POST /mcp HTTP/1.1" 200 OK
[kimi] • Sprint moved 1.25m. At (-3.40,-3.88). Continue sprinting toward the meeting room (ahead, slightly right). The meeting room door is the brown door on the structure's west face.At (-3.55,-2.61). Getting closer. I can see "MEETING ROOM" sign at (0.365,0.27) — it's on the far glass wall beyond the central staircase. Wait — there are TWO structures: the near one at right with the brown door (an office pod with a window on top), and beyond the staircase, a glass-walled room with the MEETING ROOM sign. Hmm, the MEETING ROOM sign at (0.365,0.275) is on the glass room BEHIND the stairs.
[kimi] 
[kimi]   Wait, which one is the meeting room I was in? I was in a glass room at (2-4, 10-14). This glass room beyond the stairs at around (0, 8)? Also there's a small podium with something red at (0.615,0.33) next to the near structure's door — an elevator_button-like pedestal? It has a red top.
[kimi] 
[kimi]   Hmm. Also notice at far left (0.075,0.29): a dark red chair and desk (a workspace in the lobby west side).
[kimi] 
[kimi]   Let me keep going toward the MEETING ROOM sign (glass room beyond stairs).
[kimi] 
[mcp] [08/08/26 10:53:47] INFO     Processing request of type            server.py:733
[mcp]                              CallToolRequest                                    
[supervisor] AI_PLAY received action batch for observation=216
[supervisor] AI_PLAY sending observation=217
[mcp] INFO:     127.0.0.1:62933 - "POST /mcp HTTP/1.1" 200 OK
[kimi] • 继续 sprint 向楼梯后方的玻璃会议室。
[kimi] 
[kimi] • At (-3.70,-1.34). The MEETING ROOM sign is at (0.335,0.275) on the glass room beyond the stairs-left. Note the near structure at right has a red dot in its upper window (a red light?). And a pedestal with red top next to its door (elevator button?).
[kimi] 
[kimi]   The meeting room I explored was at (2-4,10-14) — that's still ~12m ahead-right. The glass room with the MEETING ROOM sign beyond the stairs might be THE meeting room (matching my coordinates: I exited at (4.6,12.3)... hmm, actually the sign I see is small/far.
[kimi] 
[mcp] [08/08/26 10:54:10] INFO     Processing request of type            server.py:733
[mcp]                              CallToolRequest                                    
[supervisor] AI_PLAY received action batch for observation=217
[supervisor] AI_PLAY sending observation=218
[mcp] INFO:     127.0.0.1:63116 - "POST /mcp HTTP/1.1" 200 OK
[kimi]   Keep sprinting; pass the stairs on the left.At (-3.92,-0.06). The MEETING ROOM sign is visible at (0.318,0.28) on a glass door/room to the left beyond the stairs. That glass room is at around (-1, 3)? Hmm, that doesn't match my earlier meeting room coordinates (2-4, 10-14).
[kimi] 
[mcp] [08/08/26 10:54:33] INFO     Processing request of type            server.py:733
[mcp]                              CallToolRequest                                    
[supervisor] AI_PLAY received action batch for observation=218
[supervisor] AI_PLAY sending observation=219
[mcp] INFO:     127.0.0.1:63189 - "POST /mcp HTTP/1.1" 200 OK
[kimi]   WAIT. Maybe the meeting room I need is this one here — the sign is right there! My earlier exploration was at a room whose glass said "MEETING ROOM" too (I saw the sign from inside). The sign at (0.318,0.28) is at the far wall... Let me approach it directly: it's to the left of the stairs, near the window wall. Move forward-left.At (-3.38,0.96). The MEETING ROOM sign is on the glass wall at (0.285,0.275), far-left beyond the stairs. Hmm — the meeting room's glass room is at the far northwest? But I exited the meeting room at (4.6,12.3) and walked SOUTH to the break room... no wait, I walked from (4.6,12.3) to (-3.3,-5.9), that's southwest. The meeting room was behind me (northeast). Now I'm heading north (+z) at x -3.9 — the meeting room should be to my right (east, x 2-4) when I reach z 10+.
[kimi] 
[kimi]   But the visible MEETING ROOM sign is at LEFT (west side near windows). Confusing — unless the sign is on the west glass wall of the same meeting room, i.e., the room spans x -1..4? Hmm, earlier I was inside at x 1.4-4.6. The room's west wall could be at x≈0-1. So yes, the sign at left could be the same room's west glass wall near the window side.
[kimi] 
[kimi]   Keep going north; the room is ahead. Next steps: continue +z, drifting right to reach the west side of the meeting room (the flowerpot gap was on the west side at around (4.1,10)? hmm that was the door I exited).
[kimi] 
[kimi]   Actually the door I exited faces the lounge (south side of the room at z≈12?). The room spans z 10-14.5. I'm at z 0.96 — still 9m south of it. Continue north.
[kimi] 
[mcp] [08/08/26 10:55:03] INFO     Processing request of type            server.py:733
[mcp]                              CallToolRequest                                    
[supervisor] AI_PLAY received action batch for observation=219
[supervisor] AI_PLAY sending observation=220
[mcp] INFO:     127.0.0.1:63268 - "POST /mcp HTTP/1.1" 200 OK
[kimi] • 继续向北，靠右对准会议室西侧。
[kimi] 
[kimi] • At (-3.52,2.23), close to the stairs. The MEETING ROOM sign is on the glass at (0.245,0.27) — it's on a room BEHIND/LEFT of the stairs. Wait, actually — this "meeting room" with the sign appears to be at the northwest, around (-1..0, 4..8)?
[kimi] 
[kimi]   Hmm, but the room I explored had coordinates x 1.4-4.6, z 12.3-14.5, and its door exited to a lounge with the pink counter, and from inside I saw the ARCHIVE door outside the east glass at close range.
[kimi] 
[kimi]   The sign I see now is at upper left, far. Let me get closer to determine. Continue north, pass left of the stairs.
[kimi] 
[mcp] [08/08/26 10:55:26] INFO     Processing request of type            server.py:733
[mcp]                              CallToolRequest                                    
[supervisor] AI_PLAY received action batch for observation=220
[supervisor] AI_PLAY sending observation=221
[mcp] INFO:     127.0.0.1:63381 - "POST /mcp HTTP/1.1" 200 OK
[kimi] • 继续，从楼梯左侧绕向 MEETING ROOM 标志处。
[kimi] 
[kimi] • At (-2.82,3.21). The MEETING ROOM sign is at (0.27,0.275) — on the glass wall left of the stairs, about 4m away. There's the meeting room's west glass wall. Also I see a couch area at left.
[kimi] 
[kimi]   Wait — actually this could be the meeting room I was in: its west wall near the flowerpot gap. The handoff said I entered "从门左侧、花盆旁的开放门洞" — and there IS a plant visible at (0.225,0.30) inside/behind the glass. So this is it: the west side of the meeting room, with the open gap.
[kimi] 
[kimi]   Approach the glass wall/gap. Move forward-left.
[kimi] 
[mcp] [08/08/26 10:55:50] INFO     Processing request of type            server.py:733
[mcp]                              CallToolRequest                                    
[supervisor] AI_PLAY received action batch for observation=221
[supervisor] AI_PLAY sending observation=222
[mcp] INFO:     127.0.0.1:63428 - "POST /mcp HTTP/1.1" 200 OK
[kimi] • 接近会议室西侧玻璃墙（花盆缺口处）。
[kimi] 
[kimi] • At (-2.25,3.69). The MEETING ROOM sign at (0.265,0.265) is on a glass wall ~3m away, left of the stairs. I see through the glass: a yellow blob (chair?) inside. The glass room's near (west) wall is ahead. 
[kimi] 
[kimi]   Hmm wait — this glass room is bounded by the stairs on its east? The room I explored was x 1.4-4.6. This one at x≈-2 to 0? That would be a DIFFERENT room! But the sign says MEETING ROOM...
[kimi] 
[kimi]   Wait, actually let me reconsider: maybe the room I explored IS this one and my coordinate reading is off. When I exited through the door I was at (4.63,12.32). Hmm, that far exceeds this room's position.
[kimi] 
[kimi]   Actually no — I might be misjudging distances. The sign is small; the wall might be at x≈0.5, z≈5? The room could extend from (0.5,5) to (4.6,13)? A big glass room! The conference table was at (2.5-4, 13-14)... hmm z 13-14 vs this wall at z≈5? 
[kimi] 
[kimi]   Whatever — just walk to the glass and find the opening. Move forward-left.
[kimi] 
[mcp] [08/08/26 10:56:16] INFO     Processing request of type            server.py:733
[mcp]                              CallToolRequest                                    
[supervisor] AI_PLAY received action batch for observation=222
[supervisor] AI_PLAY sending observation=223
[mcp] INFO:     127.0.0.1:63542 - "POST /mcp HTTP/1.1" 200 OK
[kimi] • 继续接近玻璃墙找入口。
[kimi] 
[kimi] • At (-1.67,4.05). The meeting room glass wall with sign at (0.28,0.28) — about 2.5m. I can see INTO the room through the glass: there are chairs visible at (0.33,0.34). The glass wall is left of the stairs. There's a doorway/opening at (0.26,0.30)?
[kimi] 
[kimi]   Wait, hold on. This meeting room is at approximately x -2..0, z 4..8. But the room I explored earlier was at x 1.4..4.6, z 12.3..14.5 with the big screen side table. Hmm! Unless... the coordinates: I exited at (4.63,12.32)?? and then walked SOUTH-WEST to the break room at (-3,-6). The meeting room at z≈12-14 would be BEHIND this staircase area (further north). The sign I'm seeing now at (-1.5,5) might be... 
[kimi] 
[kimi]   OH WAIT. I get it now. Look at the geometry: the sign is visible THROUGH the glass at (0.28,0.28) but it's far — the sign could be on the FAR wall of a large glass room, or on a different wall further away. The glass wall right in front of me (with chairs behind it) is the meeting room's WEST wall, and the sign is on the SOUTH wall deep inside.
[kimi] 
[kimi]   Ugh, I'm going in circles mentally. Just enter: find the opening in this glass wall. From obs 222-223, there seems to be an opening/door at (0.26,0.30) left of the stairs. Move there.
[kimi] 
[mcp] [08/08/26 10:56:44] INFO     Processing request of type            server.py:733
[mcp]                              CallToolRequest                                    
[supervisor] AI_PLAY received action batch for observation=223
[supervisor] AI_PLAY sending observation=224
[mcp] INFO:     127.0.0.1:63594 - "POST /mcp HTTP/1.1" 200 OK
[kimi] • 继续向左靠近玻璃墙上的开口。
[kimi] 
[kimi] • Now "MEETING ROOM" sign is clearly on the glass wall ahead-left at (0.28,0.27), and I can see inside: a plant (left), and through the glass, meeting chairs. The glass wall runs to the right where it meets the staircase structure. There should be a doorway in this glass wall — I see a door frame at (0.34,0.30)?
[kimi] 
[kimi]   Note I'm at y=1.09 — I stepped up onto something (the stair base platform?).
[kimi] 
[mcp] [08/08/26 10:57:06] INFO     Processing request of type            server.py:733
[mcp]                              CallToolRequest                                    
[supervisor] AI_PLAY received action batch for observation=224
[supervisor] AI_PLAY sending observation=225
[mcp] INFO:     127.0.0.1:63677 - "POST /mcp HTTP/1.1" 200 OK
[kimi]   Move toward the glass wall/door.Wait — y=1.35, I've walked up onto the staircase base?? And now I see the meeting room: the glass room with the MEETING ROOM sign is ahead-left, and I can see INTO it: conference table with chairs visible at (0.375,0.33)! The glass wall has a dark door (open?) at (0.30,0.31).
[kimi] 
[kimi]   Hmm, I'm on the stairs now (elevated). The meeting room entrance (dark doorway) is at (0.30,0.31). Let me get down and go there. Move forward-left, off the stair base.
[kimi] 
[mcp] [08/08/26 10:57:30] INFO     Processing request of type            server.py:733
[mcp]                              CallToolRequest                                    
[supervisor] AI_PLAY received action batch for observation=225
[supervisor] AI_PLAY sending observation=226
[mcp] INFO:     127.0.0.1:63748 - "POST /mcp HTTP/1.1" 200 OK
[kimi] • 看到会议室内部（会议桌和椅子）。下台阶向入口走。
[kimi] 
[kimi] • Hmm, y went UP to 1.53 — I'm climbing the stairs instead of descending. The forward direction (+z) goes up the staircase. I need to step off to the left (west, -x). At yaw -166, left = right(-1) = ... left strafe is right=-1. Move left off the stairs onto the lobby floor.
[kimi] 
[mcp] [08/08/26 10:57:52] INFO     Processing request of type            server.py:733
[mcp]                              CallToolRequest                                    
[supervisor] AI_PLAY received action batch for observation=226
[supervisor] AI_PLAY sending observation=227
[mcp] INFO:     127.0.0.1:63781 - "POST /mcp HTTP/1.1" 200 OK
[kimi] • 我走上了楼梯，向左横移下到大厅地面。
[kimi] 
[kimi] • Blocked (railing). I'm on the stairs. Go back DOWN the stairs: move backward (forward=-0.6).
[kimi] 
[mcp] [08/08/26 10:58:12] INFO     Processing request of type            server.py:733
[mcp]                              CallToolRequest                                    
[supervisor] AI_PLAY received action batch for observation=227
[supervisor] AI_PLAY sending observation=228
[mcp] INFO:     127.0.0.1:63901 - "POST /mcp HTTP/1.1" 200 OK
[kimi] • 被栏杆挡住，后退下楼梯。
[kimi] 
[kimi] • Down at y=1.07 (on the stair base platform edge?). The meeting room glass wall with the sign and a dark door is ahead-left. The meeting room interior shows the conference table and chairs through the glass.
[kimi] 
[kimi]   Wait — THIS meeting room has the conference table visible at (0.375,0.35). And the door at (0.30,0.30). But hold on — the meeting room I explored was at z 12-14. I'm at z 4.37. This glass room is at z≈5-9?? And it contains a conference table too?! 
[kimi] 
[kimi]   OH. I think I finally understand: the room I explored earlier might have been a DIFFERENT room (maybe mislabeled in my notes), and THIS is the actual MEETING ROOM! Earlier room: I saw "MEETING ROOM" text on its glass from inside (obs 114: "MEET G DOM" - reading through glass from inside mirrored). Hmm, that text was mirrored ("G DOM"?) — in obs 114 the sign read "MEET_G_ DOM" which as seen from INSIDE would be mirrored... The text appeared as "MEETNG OOM" partially. If seen from inside, it would read right-to-left. obs 114 showed "MEET" then "G" then "DOM" — the G and DOM suggest "MEETING ROOM" read from inside as "...G...DOM"(mirrored "ROOM" → "MOOR"... no "DOM"?). Whatever.
[kimi] 
[kimi]   Two possibilities: (a) one big meeting room spanning z 4-14 with two doors; (b) two rooms. The conference table visible here looks similar. Let me just enter through this door and check the whiteboard idea.
[kimi] 
[kimi]   Wait, actually — about the white panel: in obs 113, inside the explored room, there was a white rectangular panel on the wall at the side-table area's left. That was near the ARCHIVE-side. Hmm.
[kimi] 
[kimi]   Enter via this door: move forward-left to the dark door at (0.30,0.30).
[kimi] 
[mcp] [08/08/26 10:58:44] INFO     Processing request of type            server.py:733
[mcp]                              CallToolRequest                                    
[supervisor] AI_PLAY received action batch for observation=228
[supervisor] AI_PLAY sending observation=229
[mcp] INFO:     127.0.0.1:64049 - "POST /mcp HTTP/1.1" 200 OK
[kimi] • 下到大厅，走向会议室玻璃墙上的门。
[kimi] 
[kimi] • I went UP again (y 1.27) — the forward direction keeps taking me onto the stairs. The stair base is directly in front of me. The meeting room is to the LEFT of the stairs. I need to go LEFT without going forward. But left strafe was blocked by the railing earlier when elevated. Now at y 1.27 on the stair platform...
[kimi] 
[kimi]   Turn left first (face the meeting room door directly), then walk. The meeting room door is at screen (0.30,0.30), which is roughly 25° left of center. Look yaw -25 (turn left... wait, positive look yaw turns right; to face left I need look yaw negative? No wait: earlier established look yaw +45 → yaw decreases → view turns right. So to turn left: look yaw negative. Hmm, but obs 183: look yaw -30 turned view from NPC-at-left to... ugh.
[kimi] 
[kimi]   Convention: look yaw negative = increase yaw = turn left. Target: door at 25° left → look yaw -25? NO. Turn left means rotating view leftward. Look yaw + rotates right. So look yaw -25 rotates left 25°. But range ±45 fine.
[kimi] 
[kimi]   Actually wait, mixed evidence: at obs 182→183, look yaw -30: yaw -16.23→+13.77 (increased), and the view panned from NPC-at-far-left to NPC-more-central — i.e., view turned LEFT toward the NPC. Yes: look negative = turn left.
[kimi] 
[kimi]   Look yaw -25, pitch 0.
[kimi] 
[mcp] [08/08/26 10:59:14] INFO     Processing request of type            server.py:733
[mcp]                              CallToolRequest                                    
[supervisor] AI_PLAY received action batch for observation=229
[supervisor] AI_PLAY sending observation=230
[mcp] INFO:     127.0.0.1:64145 - "POST /mcp HTTP/1.1" 200 OK
[kimi] • 先原地左转对准会议室门，再走，避免又爬上楼梯。
[kimi] 
[kimi] • Wait — yaw -141.23 means look yaw -25 INCREASED yaw by 25 (-166→-141). And the view turned LEFT (meeting room now more central). Hmm, so look negative = yaw increases = view turns left. OK consistent.
[kimi] 
[kimi]   The meeting room glass room is ahead (sign at (0.47,0.29)). There's a doorway in the glass at (0.465,0.31) (dark gap). Also I notice a plant outside the glass at left (0.42,0.33) — the flowerpot! This matches the handoff's entry point: "花盆旁的开放门洞".
[kimi] 
[kimi]   I'm on the stair platform (y 1.27). The meeting room is at ground level, slightly below. Move forward toward the door; I'll step down off the platform.
[kimi] 
[mcp] [08/08/26 10:59:40] INFO     Processing request of type            server.py:733
[mcp]                              CallToolRequest                                    
[supervisor] AI_PLAY received action batch for observation=230
[supervisor] AI_PLAY sending observation=231
[mcp] INFO:     127.0.0.1:64175 - "POST /mcp HTTP/1.1" 200 OK
[kimi] • 对准会议室入口了，向前走下平台进门。
[kimi] 
[kimi] • I went UP the stairs again (y 1.50)! The forward direction at yaw -141 goes up the staircase. The staircase is between me and the meeting room door. The meeting room door is to the LEFT of the stairs at ground level, but I keep climbing.
[kimi] 
[kimi]   I'm on the stairs now. Get off: go left/down. At yaw -141, left strafe (right=-1)... the railing blocked before. Let me go back down: move backward (-0.5) and left (-0.3).
[kimi] 
[mcp] [08/08/26 11:00:04] INFO     Processing request of type            server.py:733
[mcp]                              CallToolRequest                                    
[supervisor] AI_PLAY received action batch for observation=231
[supervisor] AI_PLAY sending observation=232
[mcp] INFO:     127.0.0.1:64393 - "POST /mcp HTTP/1.1" 200 OK
[kimi] • 又上了楼梯。退下去并向左移出楼梯范围。
[kimi] 
[kimi] • Down to y=1.02 at (-0.89,4.31). The meeting room is the glass room ahead (sign at (0.465,0.29)), with a dark open doorway at (0.475,0.31). The conference table visible inside at (0.545,0.33).
[kimi] 
[kimi]   Hmm wait — this meeting room: the conference table is at its north end. The room I explored had the conference table along the east... whatever. Enter through the doorway. It should be ground level (y 0.8). Move forward-left, avoiding the stair base (which is to my right).
[kimi] 
[mcp] [08/08/26 11:00:29] INFO     Processing request of type            server.py:733
[mcp]                              CallToolRequest                                    
[supervisor] AI_PLAY received action batch for observation=232
[supervisor] AI_PLAY sending observation=233
[mcp] INFO:     127.0.0.1:64533 - "POST /mcp HTTP/1.1" 200 OK
[kimi] • 向会议室门口移动（楼梯在右侧，保持左前方）。
[kimi] 
[kimi] • Barely moved and went up slightly (y 1.11). I keep bumping around the stair base. The staircase base is between me and the meeting room. The meeting room door is at (0.485,0.29) — just right of the stair railing.
[kimi] 
[kimi]   Let me go around the stairs on the RIGHT side... no, the right side had the small podium with red button and the office pod. Actually, the meeting room glass door appears to be just past the stair railing on the right of it.
[kimi] 
[kimi]   Alternatively, the meeting room's west side (where the sign is) — walk left around the stair structure entirely, along the window wall where the couch is. The door on the west wall at (0.465,0.29).
[kimi] 
[kimi]   Move left-forward strongly: (forward 0.3, right -0.7).
[kimi] 
[mcp] [08/08/26 11:00:54] INFO     Processing request of type            server.py:733
[mcp]                              CallToolRequest                                    
[supervisor] AI_PLAY received action batch for observation=233
[supervisor] AI_PLAY sending observation=234
[mcp] INFO:     127.0.0.1:64602 - "POST /mcp HTTP/1.1" 200 OK
[kimi] • 绕开楼梯底座，向左前方会议室西墙门移动。
[kimi] 
[kimi] • Blocked — I'm on the stair base platform (y 1.11), hemmed by railings. Get off by going backward (-z, south) first, then left. Move back (forward=-0.6).
[kimi] 
[mcp] [08/08/26 11:01:16] INFO     Processing request of type            server.py:733
[mcp]                              CallToolRequest                                    
[supervisor] AI_PLAY received action batch for observation=234
[supervisor] AI_PLAY sending observation=235
[mcp] INFO:     127.0.0.1:64678 - "POST /mcp HTTP/1.1" 200 OK
[kimi] • 被楼梯栏杆卡住。先后退下台阶。
[kimi] 
[kimi] • Back on ground level (y 0.80) at (-1.22,3.93). The meeting room sign is at (0.47,0.28) behind the stair railing. The glass wall of the meeting room is to the right beyond the stairs. The meeting room is NORTH-EAST of me, past the stairs.
[kimi] 
[kimi]   The room's west face is blocked by the staircase. Its door might be on the north or east side. Recall the lounge door (I exited) was at the room's south face at (4.1,12)?? And the handoff flowerpot gap was "门左侧". 
[kimi] 
[kimi]   Actually — looking at this view: the meeting room glass wall visible THROUGH/behind the stair railing (right side, (0.55-0.75,0.3)) — that glass wall with frames is at the room's west side? And the sign is further along.
[kimi] 
[kimi]   Let me go around the stairs to the right (east side): move right around the stair structure. From here, strafe right past the stairs, then north along the room's west glass to find the door.
[kimi] 
[kimi]   Actually simpler: from this position the sign is dead ahead beyond the railing. The glass wall runs north-south at about x=-0.5?. The couch is further left (west) by the windows. The room's southwest corner should be near the plant at (0.42,0.29).
[kimi] 
[kimi]   Go left (west) first to clear the stair structure, then north along the glass. Move (0.2,-0.7).
[kimi] 
[mcp] [08/08/26 11:01:47] INFO     Processing request of type            server.py:733
[mcp]                              CallToolRequest                                    
[supervisor] AI_PLAY received action batch for observation=235
[supervisor] AI_PLAY sending observation=236
[mcp] INFO:     127.0.0.1:64758 - "POST /mcp HTTP/1.1" 200 OK
[kimi] • 回到地面。向左绕过楼梯结构，再沿玻璃墙找门。
[kimi] 
[kimi] • Now I see the meeting room clearly: a long glass room extending north (right side of view) with the MEETING ROOM sign at its south glass wall (0.50,0.28). Inside: the conference table with chairs visible. The door: there's a dark doorway in the south glass wall near the sign? The glass wall ahead-right (0.55-0.8) shows the room's west... hmm.
[kimi] 
[kimi]   Actually now the layout is clear: the meeting room is the long glass room on the RIGHT (east of the windows area). Its near (south) end has the sign. The door is the dark opening at (0.485,0.30) left of the sign.
[kimi] 
[kimi]   Move toward that door.
[kimi] 
[mcp] [08/08/26 11:02:12] INFO     Processing request of type            server.py:733
[mcp]                              CallToolRequest                                    
[supervisor] AI_PLAY received action batch for observation=236
[supervisor] AI_PLAY sending observation=237
[mcp] INFO:     127.0.0.1:64920 - "POST /mcp HTTP/1.1" 200 OK
[kimi] • 会议室就在右侧长玻璃房，门口在标志左侧。走过去。
[kimi] 
[kimi] • Now I can see INTO the meeting room through its west glass wall (right side): the conference table, chairs, and at the far end... a desk? The room interior matches what I explored (conference table). The dark doorway is at (0.475,0.30) — the open gap in the south glass wall, with the plant next to it inside (0.455,0.30).
[kimi] 
[kimi]   So this is the same meeting room, and I'm at its southwest corner. The open gap (flowerpot gap) is right there. Enter through it.
[kimi] 
[mcp] [08/08/26 11:02:37] INFO     Processing request of type            server.py:733
[mcp]                              CallToolRequest                                    
[supervisor] AI_PLAY received action batch for observation=237
[supervisor] AI_PLAY sending observation=238
[mcp] INFO:     127.0.0.1:64972 - "POST /mcp HTTP/1.1" 200 OK
[kimi] • 从花盆旁的开放门洞进入会议室。
[kimi] 
[kimi] • At (0.04,4.36). The meeting room's south glass wall ahead (sign at (0.50,0.28)), doorway gap at (0.49,0.31). Wait — inside, I see the conference table on the right side of the room and... interesting: through the glass at (0.60,0.32) I see a table and what might be the side desk at the far end. 
[kimi] 
[kimi]   Keep going into the doorway.
[kimi] 
[mcp] [08/08/26 11:03:00] INFO     Processing request of type            server.py:733
[mcp]                              CallToolRequest                                    
[supervisor] AI_PLAY received action batch for observation=238
[supervisor] AI_PLAY sending observation=239
[mcp] INFO:     127.0.0.1:65081 - "POST /mcp HTTP/1.1" 200 OK
[kimi] • 继续向门洞走。
[kimi] 
[kimi] • At (0.26,4.88). Meeting room south wall with sign is at (0.50,0.28), doorway at (0.495,0.31). Wait — looking through the west glass (right side), I see a table inside and... at (0.685,0.35) there's a WHITE CHAIR and what might be the side table with the screen at the far end of the room.
[kimi] 
[kimi]   Actually, I realize this room's interior: the conference table runs along the east side, chairs... it matches.
[kimi] 
[mcp] [08/08/26 11:03:25] INFO     Processing request of type            server.py:733
[mcp]                              CallToolRequest                                    
[supervisor] AI_PLAY received action batch for observation=239
[supervisor] AI_PLAY sending observation=240
[mcp] INFO:     127.0.0.1:65235 - "POST /mcp HTTP/1.1" 200 OK
[kimi]   Continue into the doorway.At (0.49,5.40). Getting close. Through the glass I see inside: conference table, and at the far right through glass a desk with a monitor (0.755,0.34) — the side table! Also there's a doorway on the right at (0.845,0.32) — a dark-framed glass door on... wait, that's on a different wall (white wall at right edge with "CHIVE" text at (0.87,0.21)! That's the ARCHIVE door on the right!).
[kimi] 
[kimi]   So ARCHIVE is adjacent to the meeting room's east side. Matches handoff: "ARCHIVE 应在会议区东侧".
[kimi] 
[kimi]   The meeting room doorway is ahead at (0.50,0.31). Enter.
[kimi] 
[mcp] [08/08/26 11:03:50] INFO     Processing request of type            server.py:733
[mcp]                              CallToolRequest                                    
[supervisor] AI_PLAY received action batch for observation=240
[supervisor] AI_PLAY sending observation=241
[mcp] INFO:     127.0.0.1:65271 - "POST /mcp HTTP/1.1" 200 OK
[kimi] • 快到门口了（右侧还能看到 ARCHIVE 门）。进入会议室。
[kimi] 
[kimi] • Now clear view: ARCHIVE door at right (0.92,0.30) WITH THE KEYPAD beside it (0.945,0.34)! And the meeting room glass room ahead with its sign; through the glass I see the conference table and at the right end inside, the side table with the big screen (0.77,0.34).
[kimi] 
[kimi]   The meeting room's open doorway at (0.505,0.31). Enter.
[kimi] 
[mcp] [08/08/26 11:04:14] INFO     Processing request of type            server.py:733
[mcp]                              CallToolRequest                                    
[supervisor] AI_PLAY received action batch for observation=241
[supervisor] AI_PLAY sending observation=242
[mcp] INFO:     127.0.0.1:49168 - "POST /mcp HTTP/1.1" 200 OK
[kimi] • 看到 ARCHIVE 门和旁边的密码盘了。先进入会议室继续找记录 1。
[kimi] 
[kimi] • At (0.96,6.31). The meeting room doorway (dark, open) at (0.50,0.30). Through the glass on the right I can see the side table with the big screen INSIDE the room at (0.82,0.35) — the side table is at the room's east end, matching.
[kimi] 
[kimi]   Enter the doorway: small steps.
[kimi] 
[mcp] [08/08/26 11:04:39] INFO     Processing request of type            server.py:733
[mcp]                              CallToolRequest                                    
[supervisor] AI_PLAY received action batch for observation=242
[supervisor] AI_PLAY sending observation=243
[mcp] INFO:     127.0.0.1:49216 - "POST /mcp HTTP/1.1" 200 OK
[kimi] • 到会议室门口，进入。
[kimi] 
[kimi] • At (1.20,6.69). The side table with the screen is clearly visible through the glass at right (0.885,0.32). The doorway is ahead at (0.50,0.30).
[kimi] 
[kimi]   Interesting: I notice the side table is at the EAST end of the room near the ARCHIVE wall. The whiteboard panel — at the right edge of the room's east wall there might be that white panel I saw in obs 113 (which was the white panel at left of the side table area).
[kimi] 
[mcp] [08/08/26 11:05:04] INFO     Processing request of type            server.py:733
[mcp]                              CallToolRequest                                    
[supervisor] AI_PLAY received action batch for observation=243
[supervisor] AI_PLAY sending observation=244
[mcp] INFO:     127.0.0.1:49251 - "POST /mcp HTTP/1.1" 200 OK
[kimi]   Enter the doorway now.At (1.48,7.04). The doorway is right ahead (dark open door at (0.49,0.30)). I can see inside: conference table, chairs, and the side table with the screen at the far end right (0.915,0.30).
[kimi] 
[kimi]   Wait — something important: through the glass, on the NORTH wall inside (above the side table), there seems to be... nothing new.
[kimi] 
[kimi]   Walk through the doorway.
[kimi] 
[mcp] [08/08/26 11:05:28] INFO     Processing request of type            server.py:733
[mcp]                              CallToolRequest                                    
[supervisor] AI_PLAY received action batch for observation=244
[supervisor] AI_PLAY sending observation=245
[mcp] INFO:     127.0.0.1:49430 - "POST /mcp HTTP/1.1" 200 OK
[kimi] • 穿过门洞进入会议室。
[kimi] 
[mcp] [08/08/26 11:05:51] INFO     Processing request of type            server.py:733
[mcp]                              CallToolRequest                                    
[supervisor] AI_PLAY received action batch for observation=245
[supervisor] AI_PLAY sending observation=246
[mcp] INFO:     127.0.0.1:49523 - "POST /mcp HTTP/1.1" 200 OK
[kimi] • At (1.77,7.40). Doorway ahead at (0.49,0.31) — the dark open door. The room inside: conference table, side table with screen at far right. Enter: the door gap is narrow; small step through.At (1.97,7.65), right at the doorway. The door is dark/open at (0.49,0.31). Inside: conference table. On the right edge, through glass, the side table with the screen showing a swirl (0.99,0.29) — and below it something teal at (0.99,0.34)!
[kimi] 
[kimi]   Enter the doorway: small step forward.
[kimi] 
[mcp] [08/08/26 11:06:18] INFO     Processing request of type            server.py:733
[mcp]                              CallToolRequest                                    
[supervisor] AI_PLAY received action batch for observation=246
[supervisor] AI_PLAY sending observation=247
[mcp] INFO:     127.0.0.1:49787 - "POST /mcp HTTP/1.1" 200 OK
[kimi] • 进入门洞。
[kimi] 
[mcp] [08/08/26 11:06:41] INFO     Processing request of type            server.py:733
[mcp]                              CallToolRequest                                    
[supervisor] AI_PLAY received action batch for observation=247
[supervisor] AI_PLAY sending observation=248
[mcp] INFO:     127.0.0.1:49949 - "POST /mcp HTTP/1.1" 200 OK
[mcp] [08/08/26 11:07:10] INFO     Processing request of type            server.py:733
[mcp]                              CallToolRequest                                    
[supervisor] AI_PLAY received action batch for observation=248
[supervisor] AI_PLAY sending observation=249
[mcp] INFO:     127.0.0.1:50024 - "POST /mcp HTTP/1.1" 200 OK
[mcp] [08/08/26 11:07:36] INFO     Processing request of type            server.py:733
[mcp]                              CallToolRequest                                    
[supervisor] AI_PLAY received action batch for observation=249
[supervisor] AI_PLAY sending observation=250
[mcp] INFO:     127.0.0.1:50092 - "POST /mcp HTTP/1.1" 200 OK
[mcp] [08/08/26 11:08:00] INFO     Processing request of type            server.py:733
[mcp]                              CallToolRequest                                    
[supervisor] AI_PLAY received action batch for observation=250
[supervisor] AI_PLAY sending observation=251
[mcp] INFO:     127.0.0.1:50181 - "POST /mcp HTTP/1.1" 200 OK
[mcp] [08/08/26 11:08:25] INFO     Processing request of type            server.py:733
[mcp]                              CallToolRequest                                    
[supervisor] AI_PLAY received action batch for observation=251
[supervisor] AI_PLAY sending observation=252
[mcp] INFO:     127.0.0.1:50374 - "POST /mcp HTTP/1.1" 200 OK
[mcp] [08/08/26 11:08:49] INFO     Processing request of type            server.py:733
[mcp]                              CallToolRequest                                    
[supervisor] AI_PLAY received action batch for observation=252
[supervisor] AI_PLAY sending observation=253
[mcp] INFO:     127.0.0.1:50462 - "POST /mcp HTTP/1.1" 200 OK
[mcp] [08/08/26 11:09:13] INFO     Processing request of type            server.py:733
[mcp]                              CallToolRequest                                    
[supervisor] AI_PLAY received action batch for observation=253
[supervisor] AI_PLAY sending observation=254
[mcp] INFO:     127.0.0.1:50606 - "POST /mcp HTTP/1.1" 200 OK
[mcp] [08/08/26 11:09:42] INFO     Processing request of type            server.py:733
[mcp]                              CallToolRequest                                    
[supervisor] AI_PLAY received action batch for observation=254
[supervisor] AI_PLAY sending observation=255
[mcp] INFO:     127.0.0.1:50718 - "POST /mcp HTTP/1.1" 200 OK
[mcp] [08/08/26 11:10:11] INFO     Processing request of type            server.py:733
[mcp]                              CallToolRequest                                    
[supervisor] AI_PLAY received action batch for observation=255
[supervisor] AI_PLAY sending observation=256
[mcp] INFO:     127.0.0.1:50934 - "POST /mcp HTTP/1.1" 200 OK
[kimi] • At (2.14,7.92), right at the doorway. Step through.At (2.31,8.19), nearly at the door. The door is dark/open. One more step through.At (2.44,8.49), right in front of the open door. Inside: conference table with the dark object (green book?) visible at (0.71,0.36) on the table. The door gap ahead. Step through.At (2.58,8.79). The doorway is right there — the dark open door at (0.475,0.32). The door panel seems ajar (dark). Enter through the gap to its left.At (2.75,9.07), right at the door. Inside I can see the conference table with the green book (0.725,0.37). The door is the dark open panel at (0.475,0.30). Step through the gap.At (2.92,9.34). The door is open (dark panel at (0.475,0.32), swung outward). The gap to pass is left of the door panel. Inside: conference table with the green book. Enter through.At (3.16,9.51), passing the door frame. I'm entering. Keep going forward through the gap.At (3.42,9.71), at the door. The door panel is open inward (dark at (0.475,0.32)). The gap is left of it. Move through.At (3.69,9.86), in the doorway. The door panel (open) is at (0.49,0.32). Pass through to its left.At (3.96,10.00). Door panel at (0.50,0.33) directly ahead. The passable gap is to the LEFT of the open door panel (the dark opening at (0.535,0.35) behind the panel?). Hmm, the door opens INTO the room (panel inside). The doorway opening is where the panel swung from — the opening is to the right of the panel? The panel is at the left of the doorway, opening right... 
[kimi] 
[mcp] [08/08/26 11:10:39] INFO     Processing request of type            server.py:733
[mcp]                              CallToolRequest                                    
[supervisor] AI_PLAY received action batch for observation=256
[supervisor] AI_PLAY sending observation=257
[mcp] INFO:     127.0.0.1:51033 - "POST /mcp HTTP/1.1" 200 OK
[mcp] [08/08/26 11:11:05] INFO     Processing request of type            server.py:733
[mcp]                              CallToolRequest                                    
[supervisor] AI_PLAY received action batch for observation=257
[supervisor] AI_PLAY sending observation=258
[mcp] INFO:     127.0.0.1:51121 - "POST /mcp HTTP/1.1" 200 OK
[mcp] [08/08/26 11:11:35] INFO     Processing request of type            server.py:733
[mcp]                              CallToolRequest                                    
[supervisor] AI_PLAY received action batch for observation=258
[supervisor] AI_PLAY sending observation=259
[mcp] INFO:     127.0.0.1:51181 - "POST /mcp HTTP/1.1" 200 OK
[mcp] [08/08/26 11:12:02] INFO     Processing request of type            server.py:733
[mcp]                              CallToolRequest                                    
[supervisor] AI_PLAY received action batch for observation=259
[supervisor] AI_PLAY sending observation=260
[mcp] INFO:     127.0.0.1:51270 - "POST /mcp HTTP/1.1" 200 OK
[kimi]   I see through the doorway: a yellow patch (sunlight) inside the room at (0.545,0.42). The opening is at right of the panel (0.54,0.35). Move forward-right slightly.At (4.02,10.26), in the doorway. The open door panel is on my right now; the passage is ahead-left through the frame. Move forward through.At (4.20,10.43), right at the door. The conference table with the green book is at right (0.97,0.40). The doorway passage is ahead-left of the door panel. Step through.At (4.20,10.59). The doorway is right ahead (dark open panel on the left side of the frame at (0.485,0.32), passage at (0.53,0.36)). I'm practically inside. The conference table is at right with the green book. Step through into the room.At (4.20,10.86), passing the door. I'm at the doorway. The interior is ahead: the conference table at right with green book at (0.985,0.45). Move into the room.
[kimi] 
[mcp] [08/08/26 11:12:28] INFO     Processing request of type            server.py:733
[mcp]                              CallToolRequest                                    
[supervisor] AI_PLAY received action batch for observation=260
[supervisor] AI_PLAY sending observation=261
[mcp] INFO:     127.0.0.1:51440 - "POST /mcp HTTP/1.1" 200 OK
[kimi] • 进入会议室内。
[kimi] 
[kimi] • At (4.25,11.23). I'm inside/at the door. The conference table is at right. Wait, the table here looks like a LONG BENCH/table with chairs along the right (east) wall — that's the conference table along the dark wall.
[kimi] 
[kimi]   I'm now inside the meeting room (past the south glass wall). Turn right to face into the room (the room extends north). Let me look around: turn left to see the room interior... Actually the room interior is ahead (north) and right (east). The side table with the screen is at the northeast. The whiteboard panel was seen at the side-table area's left (from obs 113, facing the glass, white panel on the left of the frame = the room's north wall west part?).
[kimi] 
[kimi]   Let me turn left to see west/north interior.
[kimi] 
[mcp] [08/08/26 11:12:57] INFO     Processing request of type            server.py:733
[mcp]                              CallToolRequest                                    
[supervisor] AI_PLAY received action batch for observation=261
[supervisor] AI_PLAY sending observation=262
[mcp] INFO:     127.0.0.1:51566 - "POST /mcp HTTP/1.1" 200 OK
[kimi] • 进入会议室。左转查看房间内部西侧。
[kimi] 
[kimi] • Hmm wait, look yaw -40 INCREASED yaw from -141.23 to -101.23, and the view turned... I'm facing the entrance door and the plant — this is the room's SOUTH wall area (the door I came through). The room interior (conference table) is behind/right.
[kimi] 
[mcp] [08/08/26 11:13:25] INFO     Processing request of type            server.py:733
[mcp]                              CallToolRequest                                    
[supervisor] AI_PLAY received action batch for observation=262
[supervisor] AI_PLAY sending observation=263
[mcp] INFO:     127.0.0.1:51663 - "POST /mcp HTTP/1.1" 200 OK
[kimi]   Let me turn right to face north into the room: look yaw +40 twice to get to ~-181/179.Hmm, wait — I turned LEFT again (yaw -101→-61) and now I'm looking OUT of the room's south glass into the lobby (I see the fountain, blue couch, cubicle area sign far left). So I'm INSIDE the meeting room looking out through its south glass wall. The door is at right.
[kimi] 
[kimi]   I need to turn around to face the room's interior (north). Turn right: look yaw +45 x3 (yaw -61 → -106 → -151 → -196≡164). Let me do right turns: look yaw positive decreases yaw... wait NO. Established: look yaw -40 increased yaw (-141→-101, -101→-61). So look negative = yaw+ = view turns left. To turn right: look positive.
[kimi] 
[kimi]   From -61, to face north (yaw 180/-180): turn right by 119 → yaw -61-119 = -180. So look +45, +45, +30.
[kimi] 
[kimi]   Turn 1: +45 → -106.
[kimi] 
[mcp] [08/08/26 11:13:55] INFO     Processing request of type            server.py:733
[mcp]                              CallToolRequest                                    
[supervisor] AI_PLAY received action batch for observation=263
[supervisor] AI_PLAY sending observation=264
[mcp] INFO:     127.0.0.1:51699 - "POST /mcp HTTP/1.1" 200 OK
[kimi] • 转向面对会议室内部（北侧）。
[kimi] 
[mcp] [08/08/26 11:14:22] INFO     Processing request of type            server.py:733
[mcp]                              CallToolRequest                                    
[supervisor] AI_PLAY received action batch for observation=264
[supervisor] AI_PLAY sending observation=265
[mcp] INFO:     127.0.0.1:51888 - "POST /mcp HTTP/1.1" 200 OK
[mcp] [08/08/26 11:14:48] INFO     Processing request of type            server.py:733
[mcp]                              CallToolRequest                                    
[supervisor] AI_PLAY received action batch for observation=265
[supervisor] AI_PLAY sending observation=266
[mcp] INFO:     127.0.0.1:52060 - "POST /mcp HTTP/1.1" 200 OK
[kimi] • yaw -106.23: facing the entrance door and south glass. The conference table chair visible at right edge (0.93,0.42). Turn right again +45 → -151.Now facing the dark east wall with the conference table and the green book on it at (0.885,0.42). The room extends north (left in this view is the door area). One more right turn to face north.Now facing north into the room: conference table with green book (0.515,0.40), and through an open doorway/gap on the right (northeast), I see the side table with the COGITO screen (0.81,0.30) — and there's a TEAL GLOW under it at (0.725,0.44)! That's the under-desk hint area.
[kimi] 
[kimi]   Wait — the side table area is in an ALCOVE to the northeast, separated by a partial wall with white trim. So the side table with the screen is in a nook. The whiteboard/panel I remembered from obs 113: there's a white panel on the wall above/left of the side table? In this view, above the side table there are two framed panels (windows?) on the wall (0.72,0.10 and 0.83,0.09).
[kimi] 
[kimi]   Hmm. OK — the side table area is where I probed everything. What HAVEN'T I probed? The framed panels above the side table! Those two wood-framed rectangles on the wall could be a WHITEBOARD or picture frames — the record could be there!
[kimi] 
[kimi]   Also, note the teal glow under the desk visible from here at (0.725,0.44).
[kimi] 
[mcp] [08/08/26 11:15:22] INFO     Processing request of type            server.py:733
[mcp]                              CallToolRequest                                    
[supervisor] AI_PLAY received action batch for observation=266
[supervisor] AI_PLAY sending observation=267
[mcp] INFO:     127.0.0.1:52235 - "POST /mcp HTTP/1.1" 200 OK
[kimi]   Walk toward the side table nook. Move forward-right.At (3.92,11.62). The nook with the side table is ahead-right. The open drawer is visible under the table at (0.735,0.40) with a teal glint (0.725,0.44). The framed panels above the side table on the wall.
[kimi] 
[kimi]   Hmm wait — actually I now realize the side table is in an alcove at the room's northeast, and from obs 113, the "white panel" I remembered was the white wall panel near the ARCHIVE side.
[kimi] 
[kimi]   The framed panels above the side table: at (0.745,0.09) and (0.86,0.085) — wood-framed white rectangles. These could be windows to an upper room, or whiteboards.
[kimi] 
[kimi]   Move into the nook and probe those panels.
[kimi] 
[mcp] [08/08/26 11:15:52] INFO     Processing request of type            server.py:733
[mcp]                              CallToolRequest                                    
[supervisor] AI_PLAY received action batch for observation=267
[supervisor] AI_PLAY sending observation=268
[mcp] INFO:     127.0.0.1:52390 - "POST /mcp HTTP/1.1" 200 OK
[kimi] • 走向边桌凹室，准备探测墙上带框面板。
[kimi] 
[kimi] • At (3.54,11.62). I see the side table nook: the screen with swirl, the desk, the drawer (open, dark) at (0.69,0.38), a tipped white chair (0.645,0.43), and the conference table with the green book at left (0.425,0.40). The framed panels above.
[kimi] 
[mcp] [08/08/26 11:16:20] INFO     Processing request of type            server.py:733
[mcp]                              CallToolRequest                                    
[supervisor] AI_PLAY received action batch for observation=268
[supervisor] AI_PLAY sending observation=269
[mcp] INFO:     127.0.0.1:52594 - "POST /mcp HTTP/1.1" 200 OK
[kimi]   Walk closer to the side table, aim at the upper framed panels.At (3.21,11.62). I see the side table nook at right: screen, desk, drawer (open), tipped chair, teal glint under desk (0.68,0.44). The framed panels above at top-right.
[kimi] 
[kimi]   The teal glint under the desk — still there. Since I'm coming fresh, let me try the framed panels first: they're at top-right (0.70,0.13) and (0.775,0.12). Too far to probe from here (3m). Move closer to the desk and look up at the panels.
[kimi] 
[kimi]   Actually wait — those framed panels might be windows into the upstairs (CEO OFFICE is upstairs). Not readable.
[kimi] 
[kimi]   Let me think about what to do differently at the side table:
[kimi]   1. Probe the framed panels (quick, one probe when close).
[kimi]   2. Try interacting with the desktop surface (behind the screen).
[kimi] 
[mcp] [08/08/26 11:17:48] INFO     Processing request of type            server.py:733
[mcp]                              CallToolRequest                                    
[supervisor] AI_PLAY received action batch for observation=269
[supervisor] AI_PLAY sending observation=270
[mcp] INFO:     127.0.0.1:52812 - "POST /mcp HTTP/1.1" 200 OK
[kimi]   Move right up to the desk.Hmm, I'm now at (2.85,11.62) — moved LEFT (west), past the conference table, facing a dark wall with a white-trimmed opening at right. The side table nook is to the right (east), now behind the wall partition.
[kimi] 
[kimi]   Wait, I keep confusing myself. The room: conference table runs east-west in the middle; the side table is at the northeast nook. I'm at the west end now.
[kimi] 
[kimi]   Budget: obs 270. ~30 left?? If limit is 300 and obs_id≈act count, I have ~30 requests. That's tight for reading 3 records + password. CRITICAL.
[kimi] 
[kimi]   Hmm wait, actually let me reconsider: does observation_id reset per run? At compaction the handoff said obs 82 mid-run. The 300 limit is per run ("最多允许 300 次 act 请求"). This run started before obs 82. So I've used ~270?! No wait — observation_id might span the whole session (4 runs). Run 1 failed at max_requests (300), run 2 succeeded, run 3 failed at 300. If observation_id were cumulative across runs it'd be >900. It's 270 — so observation_id is per-run. I've used ~270 requests this run. Only ~30 left!
[kimi] 
[kimi]   With 30 requests left, I cannot finish 3 records + keypad. This run is likely doomed unless record 1 is found immediately.
[kimi] 
[kimi]   Let me be decisive: the most promising unfounded spot is the white panel/framed boards above the side table. I'm right here. Go to the nook (east), probe the panels once; if nothing, probe the under-desk hint once more from point blank; if still nothing, make peace.
[kimi] 
[kimi]   Actually wait — maybe better: is there anything at the WEST end (where I am now)? This dark wall at the west end... the room's west wall. Nothing visible.
[kimi] 
[mcp] [08/08/26 11:19:59] INFO     Processing request of type            server.py:733
[mcp]                              CallToolRequest                                    
[supervisor] AI_PLAY received action batch for observation=270
[supervisor] AI_PLAY sending observation=271
[mcp] INFO:     127.0.0.1:53395 - "POST /mcp HTTP/1.1" 200 OK
[kimi]   Go east into the nook: turn right to face the side table.Wait, I moved WEST again (x 2.85→2.23), not east! My right=0.5 moved -x. So at yaw 163.77, "right" = -x. Note the movement axes: forward at yaw 163.77 = (-sin163.77, -cos163.77) = (-0.28, 0.96) — mostly +z (north). But I moved -x 0.615?? right=0.5 gave -x. OK whatever.
[kimi] 
[kimi]   Now I see the side table straight ahead: screen, desk, drawer open (0.565,0.39), tipped chair, teal glow under desk (0.585,0.455). The framed panels above on the wall (0.61,0.16),(0.69,0.15),(0.85,0.13).
[kimi] 
[mcp] [08/08/26 11:21:28] INFO     Processing request of type            server.py:733
[mcp]                              CallToolRequest                                    
[supervisor] AI_PLAY received action batch for observation=271
[supervisor] AI_PLAY sending observation=272
[mcp] INFO:     127.0.0.1:53820 - "POST /mcp HTTP/1.1" 200 OK
[kimi]   Probe the leftmost framed panel? They're ~3m away. Move closer first — forward 0.5 (which goes mostly +z north toward the desk... the desk is ahead). Move forward 0.5 200ms.Hmm, again moved -x (west) 0.27. My moves aren't going where I expect. At yaw 163.77, forward=(−sin163.77, −cos163.77). sin(163.77°)=0.279, cos(163.77°)=−0.960. So forward=(−0.279, +0.960): mostly +z. But observed delta was (−0.27, 0). So actually forward maps to −x?! That means forward = (cos? ...) Let me recompute from data: at yaw −91.23 (obs 117-118), forward moved +x. −sin(−91.23)=+0.9996 → +x. ✓. At yaw 163.77, −sin(163.77) = −0.279 (x), −cos(163.77) = +0.960 (z). Expected mostly +z, but observed −0.27x, 0z. That matches the x-component only... as if the z movement was blocked (the conference table is to my north?) and x slide happened. Yes! Blocked-slide: the table at my north blocked +z, so I slid −x. OK.
[kimi] 
[kimi]   So the conference table is directly north of me. The side table is to the east (right side of view). To go east, move right... right at yaw 163.77 = (−fz, fx) = (−0.960, −0.279)?? That gives −z−x... but observed right=0.5 gave −x mostly. Hmm.
[kimi] 
[kimi]   Whatever — from this view, the side table is on the RIGHT. I'll turn right to face it directly then move forward.
[kimi] 
[mcp] [08/08/26 11:23:03] INFO     Processing request of type            server.py:733
[mcp]                              CallToolRequest                                    
[supervisor] AI_PLAY received action batch for observation=272
[supervisor] AI_PLAY sending observation=273
[mcp] INFO:     127.0.0.1:54263 - "POST /mcp HTTP/1.1" 200 OK
[kimi] • 右转正对边桌。
[kimi] 
[kimi] • Now facing the side table (yaw 133.77). The desk with screen at (0.44,0.33), drawer open at (0.315,0.40), tipped chair at (0.245,0.45), teal glow under desk at (0.375,0.465). The framed panels above (0.41,0.12),(0.48,0.11),(0.55,0.10).
[kimi] 
[kimi]   I'm ~2m away. Move forward (forward at yaw 133.77 = (−sin133.77, −cos133.77) = (−0.723, +0.691) — toward −x+z... but the desk is at?? The desk appears dead ahead. Just move forward 0.5.
[kimi] 
[mcp] [08/08/26 11:24:31] INFO     Processing request of type            server.py:733
[mcp]                              CallToolRequest                                    
[supervisor] AI_PLAY received action batch for observation=273
[supervisor] AI_PLAY sending observation=274
[mcp] INFO:     127.0.0.1:54592 - "POST /mcp HTTP/1.1" 200 OK
[kimi] • 正对边桌，走近。
[kimi] 
[kimi] • I moved into the nook area (x 1.60), now beside a partition wall — the side table is behind the wall on my left (I see the desk edge and drawer at left (0.30,0.42), teal glow at (0.335,0.50)). The white partition is between me and the desk.
[kimi] 
[kimi]   Wait, this is confusing. There's a white column/partition right in front. The side table is to my left behind it.
[kimi] 
[kimi]   Budget: obs 274. ~26 requests left. I need to wrap up: find record 1 NOW or the run fails.
[kimi] 
[mcp] [08/08/26 11:26:00] INFO     Processing request of type            server.py:733
[mcp]                              CallToolRequest                                    
[supervisor] AI_PLAY received action batch for observation=274
[supervisor] AI_PLAY sending observation=275
[mcp] INFO:     127.0.0.1:54953 - "POST /mcp HTTP/1.1" 200 OK
[kimi]   Let me turn left to face the desk directly.Now I see the nook from the west: conference table at left with the green book, and the side table nook behind the partition at right (drawer visible at (0.475,0.42)). The nook is enclosed by the partition on its west side.
[kimi] 
[kimi]   With ~25 requests left, I must make a decision. The most likely place for record 1 remains this side-table nook. Options within budget: walk into the nook (2-3 moves), probe the framed panels (1-2), probe the under-desk hint (1). If nothing, the run is lost; spend remaining acts heading to ARCHIVE? No — without the password, touching the keypad is useless (wrong input = instant fail; but NOT inputting is fine).
[kimi] 
[kimi]   Actually — wait. Let me reconsider the whole thing. The green book on the conference table was dubbed "Useless item" pre-compaction. But DID I actually interact with it, or see the label from a probe? If it literally displayed "Useless item", it's a decoy. Trust it.
[kimi] 
[kimi]   What else in this room haven't I checked? The conference table surface: it has white rectangular inlays (placemats?) — see (0.21,0.46) etc. Could a document lie on the table among them? The table top has white rectangles that might be papers! Let me look at the conference table surface closely — cheap: it's right here. Turn left and look down at the table.
[kimi] 
[mcp] [08/08/26 11:27:36] INFO     Processing request of type            server.py:733
[mcp]                              CallToolRequest                                    
[supervisor] AI_PLAY received action batch for observation=275
[supervisor] AI_PLAY sending observation=276
[mcp] INFO:     127.0.0.1:55238 - "POST /mcp HTTP/1.1" 200 OK
[kimi] • 检查会议桌桌面（桌上有白色矩形，可能是文件）。左转低头看桌面。
[kimi] 
[kimi] • Now looking down at the conference table (glass top with white under-panels — just design). The side table nook at right: drawer open with the teal glow underneath at (0.675,0.28). And on the dark wall above the side table, there's a WHITE FRAMED PANEL at (0.775,0.13) — a white rectangle in a dark frame on the wall! That's visible now clearly. It could be a whiteboard/picture.
[kimi] 
[kimi]   Also the teal glow under the desk is pulsing visible.
[kimi] 
[kimi]   The white framed panel on the dark wall (0.775,0.13) — that looks like a picture frame or a DOCUMENT on the wall! In the briefing reference, readable_document shows a card on a shelf... but a framed panel on the wall could hold the record text.
[kimi] 
[mcp] [08/08/26 11:29:09] INFO     Processing request of type            server.py:733
[mcp]                              CallToolRequest                                    
[supervisor] AI_PLAY received action batch for observation=276
[supervisor] AI_PLAY sending observation=277
[mcp] INFO:     127.0.0.1:55630 - "POST /mcp HTTP/1.1" 200 OK
[kimi]   Probe it: it's ~2.5m away. Get closer first. Move toward the side table (right-forward).At (1.96,11.62). Now the side table is at right: the screen with swirl at (0.885,0.13), the desk, the drawer area with TEAL GLOW clearly visible under the desk at (0.715,0.28)! The teal glow looks like a small swirl/coin under the desk.
[kimi] 
[kimi]   The white framed panel I saw is the SCREEN itself (the big monitor).
[kimi] 
[kimi]   The teal glow under the desk at (0.715,0.28) — under the LEFT pedestal of the desk (the drawer section). Let me walk right up to it and probe from point blank. It's ~1.2m away. Move forward-right a touch.
[kimi] 
[mcp] [08/08/26 11:30:41] INFO     Processing request of type            server.py:733
[mcp]                              CallToolRequest                                    
[supervisor] AI_PLAY received action batch for observation=277
[supervisor] AI_PLAY sending observation=278
[mcp] INFO:     127.0.0.1:55922 - "POST /mcp HTTP/1.1" 200 OK
[kimi] • 桌下的青绿色发光体清晰可见。贴近后探测。
[kimi] 
[mcp] [08/08/26 11:31:08] INFO     Processing request of type            server.py:733
[mcp]                              CallToolRequest                                    
[supervisor] AI_PLAY received action batch for observation=278
[supervisor] AI_PLAY sending observation=279
[mcp] INFO:     127.0.0.1:56018 - "POST /mcp HTTP/1.1" 200 OK
[kimi] • At (2.24,11.62). The teal glow under the desk at (0.765,0.28) — looks like a small glowing object on the floor under the desk. Distance ~1.5m. Probe it directly.not_found again. The teal glow flickers (in this frame it's barely visible at (0.762,0.28)).
[kimi] 
[kimi]   ~21 requests left. This is almost certainly a failure. Let me think about the most probable remaining candidate: the WHITE DOCUMENT IN THE DRAWER — I probed it and got not_found multiple times, but always while the drawer front panel blocked the direct ray at a shallow angle. One more idea: the document on the DESK TOP behind the screen? Never checked the desktop surface.
[kimi] 
[kimi]   Actually — hold on. Let me re-examine: what about the area to the LEFT of the side table (between the side table and the conference table) — the small dark pedestal at (0.72,0.23) with a white object? There's a small side unit next to the desk with something on it. Hmm.
[kimi] 
[kimi]   Also the drawer: from this position I can see into the drawer? The drawer front is at (0.715,0.23). 
[kimi] 
[kimi]   One more probe idea: the white document INSIDE the open drawer, from this higher angle, aiming down into it. Move right up to the drawer (1m), look down into it, and check for a passive prompt.
[kimi] 
[kimi]   Move to the desk: forward-right.
[kimi] 
[mcp] [08/08/26 11:31:41] INFO     Processing request of type            server.py:733
[mcp]                              CallToolRequest                                    
[supervisor] AI_PLAY received action batch for observation=279
[supervisor] AI_PLAY sending observation=280
[mcp] INFO:     127.0.0.1:56101 - "POST /mcp HTTP/1.1" 200 OK
[kimi] • 最后尝试：贴近抽屉俯视内部文件。移动到桌前。
[kimi] 
[kimi] • I moved +x (east) 0.4 to (2.65,11.62) — now looking at the conference table with the green book (0.455,0.20) from the west. The side table is at right behind the partition (screen visible at right edge).
[kimi] 
[kimi]   I keep sliding east-west. The partition wall separates the nook. To enter the nook, I need to go around the partition — its edge is at right (0.63,0.3). The nook opening faces south (toward me earlier) — I entered it before from the south.
[kimi] 
[kimi]   Budget: obs 280, ~20 left. Realistically I can't complete the run. But maybe I should use the remaining requests wisely: make ONE more attempt at the drawer document (the strongest physical candidate for "实体文件"), since briefing says records can be physical documents and the meeting room record location wasn't pinned by briefing examples.
[kimi] 
[kimi]   The drawer is in the nook, ~1.5m east-northeast. Move around the partition edge: forward (north) is blocked by the conference table? I'm south of the table. The nook is east. Move right (east) along the table.
[kimi] 
[mcp] [08/08/26 11:32:12] INFO     Processing request of type            server.py:733
[mcp]                              CallToolRequest                                    
[supervisor] AI_PLAY received action batch for observation=280
[supervisor] AI_PLAY sending observation=281
[mcp] INFO:     127.0.0.1:56249 - "POST /mcp HTTP/1.1" 200 OK
[kimi] • 向东绕过隔断进入凹室。
[kimi] 
[kimi] • At (3.33,11.62). The side table nook is at right (east): I see the drawer (open) at (0.905,0.22) and teal glow under it (0.92,0.28). The tipped chair in front (0.815,0.27).
[kimi] 
[kimi]   Move toward the nook (right = -x?? earlier right with negative moved +x... ugh). From data: this last move (0.3,-0.65) gave +0.685x. So right=-0.65 → +x. So right negative = +x (east). Good: to go east, use right negative.
[kimi] 
[mcp] [08/08/26 11:32:39] INFO     Processing request of type            server.py:733
[mcp]                              CallToolRequest                                    
[supervisor] AI_PLAY received action batch for observation=281
[supervisor] AI_PLAY sending observation=282
[mcp] INFO:     127.0.0.1:56352 - "POST /mcp HTTP/1.1" 200 OK
[kimi]   Move toward the drawer: (0.2, -0.5).At (3.87,11.62). I'm now at the conference table's east end; at left there's a door (the east door with handle at (0.03,0.25)) — the door I used to exit to the lounge! And the window at far left (0.05,0.08).
[kimi] 
[kimi]   The side table nook: behind the partition at right. The partition edge at (0.63,0.3). The nook is beyond it.
[kimi] 
[mcp] [08/08/26 11:33:07] INFO     Processing request of type            server.py:733
[mcp]                              CallToolRequest                                    
[supervisor] AI_PLAY received action batch for observation=282
[supervisor] AI_PLAY sending observation=283
[mcp] INFO:     127.0.0.1:56460 - "POST /mcp HTTP/1.1" 200 OK
[kimi]   ~18 requests left. Turn right to face the nook and step in.Now I see the nook from the east: the side table with screen, the drawer (dark, open) at (0.635,0.30), the tipped chair. The nook opening is here on the right (east side, at (0.85,0.4) there's an opening with white trim).
[kimi] 
[kimi]   Walk into the nook: move right-forward (right = -x?? at yaw 153.77... whatever, the nook is to the right of view; move right 0.6 → but which sign? Recently right negative moved +x (east). The nook is east-northeast. Use (0.3,-0.5).
[kimi] 
[mcp] [08/08/26 11:33:40] INFO     Processing request of type            server.py:733
[mcp]                              CallToolRequest                                    
[supervisor] AI_PLAY received action batch for observation=283
[supervisor] AI_PLAY sending observation=284
[mcp] INFO:     127.0.0.1:56577 - "POST /mcp HTTP/1.1" 200 OK
[kimi] • 进入凹室到边桌前。
[kimi] 
[kimi] • At (4.17,11.62). The nook entrance is at right (0.85,0.35) — the white-trimmed opening into the nook where the side table is (I see the desk and a white chair inside the nook at right).
[kimi] 
[mcp] [08/08/26 11:34:08] INFO     Processing request of type            server.py:733
[mcp]                              CallToolRequest                                    
[supervisor] AI_PLAY received action batch for observation=284
[supervisor] AI_PLAY sending observation=285
[mcp] INFO:     127.0.0.1:56765 - "POST /mcp HTTP/1.1" 200 OK
[kimi]   Move into the nook: right (-0.5) and slight forward.At (4.55,11.62). The nook with the side table is at right (0.735,0.21). The screen shows the swirl. Framed panels above.
[kimi] 
[mcp] [08/08/26 11:34:34] INFO     Processing request of type            server.py:733
[mcp]                              CallToolRequest                                    
[supervisor] AI_PLAY received action batch for observation=285
[supervisor] AI_PLAY sending observation=286
[mcp] INFO:     127.0.0.1:56843 - "POST /mcp HTTP/1.1" 200 OK
[kimi]   I'm running low (~15 requests). The nook entrance is at the right. Move into it.At (4.87,11.62), at the nook entrance. The side table is right there at (0.77,0.25) with the screen. The drawer area below-left of the screen at (0.68,0.30). The conference table east end with the green book is at center (0.54,0.29).
[kimi] 
[mcp] [08/08/26 11:35:01] INFO     Processing request of type            server.py:733
[mcp]                              CallToolRequest                                    
[supervisor] AI_PLAY received action batch for observation=286
[supervisor] AI_PLAY sending observation=287
[mcp] INFO:     127.0.0.1:56878 - "POST /mcp HTTP/1.1" 200 OK
[kimi]   Step into the nook toward the side table.At (5.09,11.62), at the nook. The side table is ahead-right (0.79,0.25) with the screen, drawer (open) at (0.71,0.30), teal glow visible at (0.695,0.31). The conference table end at left (0.35,0.35).
[kimi] 
[mcp] [08/08/26 11:35:33] INFO     Processing request of type            server.py:733
[mcp]                              CallToolRequest                                    
[supervisor] AI_PLAY received action batch for observation=287
[supervisor] AI_PLAY sending observation=288
[mcp] INFO:     127.0.0.1:57059 - "POST /mcp HTTP/1.1" 200 OK
[kimi]   Step right up to the side table.At (5.22,11.62), the side table is at right (0.80,0.24) ~1.2m. I see the drawer (open, at left end of the desk) and a small dark object ON the desk right end (0.825,0.27) — a black rectangle on the desktop! Wait, that could be a phone or... a DOCUMENT on the desk top? At the desk's right end there was a dark item. Also the desktop left of the screen stand.
[kimi] 
[kimi]   The dark object on the desktop at (0.825,0.27): could be the record document lying flat! Probe it.
[kimi] 
[mcp] [08/08/26 11:36:04] INFO     Processing request of type            server.py:733
[mcp]                              CallToolRequest                                    
[supervisor] AI_PLAY received action batch for observation=288
[supervisor] AI_PLAY sending observation=289
[mcp] INFO:     127.0.0.1:57266 - "POST /mcp HTTP/1.1" 200 OK
[kimi] • 边桌桌面右端有个黑色小物件，可能是文件。探测它。
[kimi] 
[kimi] • not_found. ~11 requests left. The run is almost certainly over (max_requests at 300).
[kimi] 
[kimi]   Let me think: is there ANY high-probability action left? The drawer document — the one thing with a confirmed interaction nearby (the drawer's Close). Perhaps the read prompt appears when looking directly at the white doc in the drawer from close range. One move + one check. Do it: move to the drawer (right-forward small), look down into it.
[kimi] 
[mcp] [08/08/26 11:36:35] INFO     Processing request of type            server.py:733
[mcp]                              CallToolRequest                                    
[supervisor] AI_PLAY received action batch for observation=289
[supervisor] AI_PLAY sending observation=290
[mcp] INFO:     127.0.0.1:57345 - "POST /mcp HTTP/1.1" 200 OK
[kimi] • 最后检查抽屉内文件：贴近抽屉。
[kimi] 
[kimi] • Now I see the conference table from above (green book on it at (0.555,0.11)) and the side table area at top-right (0.75,0.05). The green book is a dark green notebook standing on the table.
[kimi] 
[kimi]   ~10 requests left. Let me face the side table drawer: it's at top-right (0.73,0.10). The white doc is inside the open drawer.
[kimi] 
[mcp] [08/08/26 11:37:03] INFO     Processing request of type            server.py:733
[mcp]                              CallToolRequest                                    
[supervisor] AI_PLAY received action batch for observation=290
[supervisor] AI_PLAY sending observation=291
[mcp] INFO:     127.0.0.1:57457 - "POST /mcp HTTP/1.1" 200 OK
[kimi]   Move to the drawer: forward-right.A chair shows Carry/Sit prompts (I'm aiming at a conference chair). This confirms chairs carry. The side table is ahead-right (0.76,0.08) with the drawer.
[kimi] 
[mcp] [08/08/26 11:37:33] INFO     Processing request of type            server.py:733
[mcp]                              CallToolRequest                                    
[supervisor] AI_PLAY received action batch for observation=291
[supervisor] AI_PLAY sending observation=292
[mcp] INFO:     127.0.0.1:57547 - "POST /mcp HTTP/1.1" 200 OK
[kimi]   ~9 requests left. Move to the drawer, look into it.At (5.43,12.69). The side table is ahead-right (0.80,0.10). I can see the open drawer at (0.755,0.11) with the white doc and a TEAL thing at (0.73,0.11) near it! There's a teal glow at the drawer area.
[kimi] 
[mcp] [08/08/26 11:38:02] INFO     Processing request of type            server.py:733
[mcp]                              CallToolRequest                                    
[supervisor] AI_PLAY received action batch for observation=292
[supervisor] AI_PLAY sending observation=293
[mcp] INFO:     127.0.0.1:57603 - "POST /mcp HTTP/1.1" 200 OK
[kimi]   ~8 requests. Push to the drawer and probe the doc from point blank.At (5.46,13.06). I see the side table ahead-right; there's a TEAL GLOW on the side table's desktop at (0.765,0.115)! And the green book on the conference table. The teal glow on the desktop — that's the under-desk hint's glow seen through the glass top? No, the side table isn't glass. There's a teal glow spot on the desktop left end.
[kimi] 
[kimi]   The conference table is directly ahead. The side table at right. ~7 requests left.
[kimi] 
[mcp] [08/08/26 11:38:33] INFO     Processing request of type            server.py:733
[mcp]                              CallToolRequest                                    
[supervisor] AI_PLAY received action batch for observation=293
[supervisor] AI_PLAY sending observation=294
[mcp] INFO:     127.0.0.1:57846 - "POST /mcp HTTP/1.1" 200 OK
[kimi]   Final push: the side table drawer/doc. Move right (east) to the side table: right=-0.6, forward 0.2.At (5.75,13.27), right at the conference table's east end. The side table is at top-right (0.87,0.10) with the drawer and a teal glow at its left end (0.845,0.10). ~6 requests left.
[kimi] 
[mcp] [08/08/26 11:39:07] INFO     Processing request of type            server.py:733
[mcp]                              CallToolRequest                                    
[supervisor] AI_PLAY received action batch for observation=294
[supervisor] AI_PLAY sending observation=295
[mcp] INFO:     127.0.0.1:57973 - "POST /mcp HTTP/1.1" 200 OK
[kimi]   The side table drawer is ~1m away. Move to it and look down into the drawer.At (5.88,13.35). The side table is at top-right (0.90,0.12): I can see the open drawer with the white document at (0.855,0.12) and teal glow at (0.795,0.115). The drawer is at the side table's left end, ~1m away. ~5 requests left.
[kimi] 
[kimi]   Probe the white document in the drawer one final time from this angle: (0.855,0.12).
[kimi] 
[mcp] [08/08/26 11:39:36] INFO     Processing request of type            server.py:733
[mcp]                              CallToolRequest                                    
[supervisor] AI_PLAY received action batch for observation=295
[supervisor] AI_PLAY sending observation=296
[mcp] INFO:     127.0.0.1:58056 - "POST /mcp HTTP/1.1" 200 OK
[kimi] • 最后探测抽屉内的白色文件。
[kimi] 
[kimi] • not_found. ~4 requests left. The run will end at 300 (obs ~300). 
[kimi] 
[kimi]   Final realization: I never found record 1's actual interactable in the meeting room. Whatever I do now won't complete the run. Best use of remaining requests: none can win. I could just wait for the limit. Actually — maybe one last idea worth 2 requests: probe the GREEN BOOK point-blank (it's right there at (0.785,0.14)); if it shows "Read", everything changes. The handoff said "Useless item (Pick up)" but let me verify with my own eyes — it's cheap and the last chance.
[kimi] 
[mcp] [08/08/26 11:40:06] INFO     Processing request of type            server.py:733
[mcp]                              CallToolRequest                                    
[supervisor] AI_PLAY received action batch for observation=296
[supervisor] AI_PLAY sending observation=297
[mcp] INFO:     127.0.0.1:58217 - "POST /mcp HTTP/1.1" 200 OK
[kimi] • 最后验证会议桌上的绿色本子。
[kimi] 
[kimi] • not_found (probably just out of range or truly decoy). ~3 requests left. The run will hit max_requests soon. I'll do one last probe at the green book from one step closer... actually with ~3 left, nothing can be accomplished. Just wait for termination. I'll issue a wait... no, better to not waste: a failed run ends at 300 automatically. Let me do a final probe of the book up close — move + probe. Actually the book at (0.785,0.14) is ~1.5m; probe range ~1-2m; it returned not_found. Fine.
[kimi] 
[mcp] [08/08/26 11:40:37] INFO     Processing request of type            server.py:733
[mcp]                              CallToolRequest                                    
[supervisor] AI_PLAY received action batch for observation=297
[supervisor] AI_PLAY sending observation=298
[mcp] INFO:     127.0.0.1:58344 - "POST /mcp HTTP/1.1" 200 OK
[kimi]   I'll wait for the game_over via one no-op act.obs 298, game not over yet. Maybe ~2 acts left. One more probe attempt at the green book at very close range? I'm at (5.89,13.35), the book at (0.78,0.14) is ~1.2m on the table. Already probed → not_found. 
[kimi] 
[kimi]   Actually — one thought: the book showed "Useless item (Pick up)" pre-compaction per handoff. Confirmed decoy by prior observation. Fine.
[kimi] 
[mcp] [08/08/26 11:41:08] INFO     Processing request of type            server.py:733
[mcp]                              CallToolRequest                                    
[supervisor] AI_PLAY received action batch for observation=298
[supervisor] AI_PLAY sending observation=299
[mcp] INFO:     127.0.0.1:58422 - "POST /mcp HTTP/1.1" 200 OK
[mcp] [08/08/26 11:41:35] INFO     Processing request of type            server.py:733
[mcp]                              CallToolRequest                                    
[supervisor] AI_PLAY received action batch for observation=299
[supervisor] AI_PLAY sending observation=300
[mcp] INFO:     127.0.0.1:58494 - "POST /mcp HTTP/1.1" 200 OK
[mcp] [08/08/26 11:42:04] INFO     Processing request of type            server.py:733
[mcp]                              CallToolRequest                                    
[supervisor] AI_PLAY received action batch for observation=300
[supervisor] AI_PLAY sending observation=301
[supervisor] AI_PLAY disabled; reason=game_over:max_requests
[supervisor] AI_PLAY_GAME_OVER outcome=failure reason=max_requests
[mcp] INFO:     127.0.0.1:58721 - "POST /mcp HTTP/1.1" 200 OK
[supervisor] ERROR: 3 shaders of type ParticlesShaderRD were never freed
[supervisor]    at: ~ShaderRD (servers/rendering/renderer_rd/shader_rd.cpp:1236)
[supervisor] ERROR: 3 RID allocations of type 'N10RendererRD15MaterialStorage6ShaderE' were leaked at exit.
[supervisor] 
[supervisor] [supervisor] summary
[supervisor] attempt-01: failure/max_requests exit_code=1 retries=0
[supervisor] attempt-02: success/correct_password exit_code=0 retries=0
[supervisor] attempt-03: failure/max_requests exit_code=1 retries=0
[supervisor] attempt-04: failure/max_requests exit_code=1 retries=0
[kimi]   Let me use remaining acts probing the side-table desktop's left end where I saw a teal glow ON the desktop (obs 293: teal at (0.765,0.115) on the desktop). The desktop surface! One probe there: currently the side table is at (0.88,0.11). Probe (0.86,0.115).obs 299, still not game over. Maybe 300 isn't exactly the obs id. One more act should hit it. Wait again.obs 300, still not game_over. My obs≈act assumption may be off (obs count includes briefing/observe calls? observe doesn't create act requests... whatever). The limit may be a bit further. Keep waiting with minimal acts.Game over: failure, max_requests. Run 4 ended in failure. Submit workflow_memory_update with empty workflow/landmarks, avoid + failure_review.[mcp] INFO:     Shutting down
[mcp] INFO:     Waiting for application shutdown.
[mcp] [08/08/26 11:42:39] INFO     StreamableHTTP       streamable_http_manager.py:147
[mcp]                              session manager                                    
[mcp]                              shutting down                                      
[mcp] INFO:     Application shutdown complete.
[mcp] INFO:     Finished server process [28147]
